Date,Adj Close,Close,High,Low,Open,Volume,Stock
30-12-2025,3129.015381,3246.800049,3267.5,3239.5,3250,2807593,TCS.NS
30-12-2025,1587.252808,1621.599976,1647.900024,1616.800049,1647,9395937,INFY.NS
30-12-2025,1532.713379,1539.800049,1553.599976,1537.800049,1547,8815884,RELIANCE.NS
30-12-2025,974.777771,990.9000244,995,982.2000122,990.2000122,33155849,HDFCBANK.NS
30-12-2025,1342.5,1342.5,1347.099976,1338.099976,1343.300049,18621277,ICICIBANK.NS
30-12-2025,2099.800049,2099.800049,2102.800049,2071.600098,2077,6983390,BHARTIARTL.NS
30-12-2025,381.9705811,400.6000061,403.4500122,400.2999878,403,12340527,ITC.NS
30-12-2025,1704.630493,1720.199951,1723.099976,1707,1723.099976,2639497,SUNPHARMA.NS
30-12-2025,983.2556763,989.2999878,997.5999756,987.0999756,994.0999756,7473887,BAJFINANCE.NS
29-12-2025,3133.544678,3251.5,3288,3242.899902,3280,2079473,TCS.NS
29-12-2025,1609.863525,1644.699951,1673.099976,1637.099976,1658,4062817,INFY.NS
29-12-2025,1538.486694,1545.599976,1558.099976,1543.599976,1554.900024,5972105,RELIANCE.NS
29-12-2025,975.5646973,991.7000122,997.4000244,987.2000122,993.0999756,13545749,HDFCBANK.NS
29-12-2025,1343.300049,1343.300049,1355.699951,1341.5,1352.099976,6057201,ICICIBANK.NS
29-12-2025,2081.600098,2081.600098,2112.699951,2079.399902,2105.399902,2371034,BHARTIARTL.NS
29-12-2025,383.8775635,402.6000061,404.7999878,401.4500122,404.1000061,6647710,ITC.NS
29-12-2025,1701.657593,1717.199951,1727.5,1710.300049,1719.5,1800816,SUNPHARMA.NS
29-12-2025,991.9025879,998,1003.900024,989.5999756,1003,6715489,BAJFINANCE.NS
26-12-2025,3161.010986,3280,3320,3271.800049,3313.100098,1176664,TCS.NS
26-12-2025,1621.022095,1656.099976,1668.800049,1651.699951,1663.400024,2006491,INFY.NS
26-12-2025,1552.024048,1559.199951,1561,1554.300049,1554.699951,2311495,RELIANCE.NS
26-12-2025,975.9581909,992.0999756,997.2000122,987.7000122,996,9360853,HDFCBANK.NS
26-12-2025,1350.400024,1350.400024,1362,1348.5,1356.5,2812144,ICICIBANK.NS
26-12-2025,2105.399902,2105.399902,2123,2101.800049,2123,1297870,BHARTIARTL.NS
26-12-2025,385.3554688,404.1499939,407.1499939,403.8500061,406.5,3152453,ITC.NS
26-12-2025,1703.93689,1719.5,1737,1708,1737,2507337,SUNPHARMA.NS
26-12-2025,993.8903198,1000,1011.700012,998,1011.700012,5211460,BAJFINANCE.NS
24-12-2025,3198.596191,3319,3327.100098,3296.100098,3304.100098,1367708,TCS.NS
24-12-2025,1628.16748,1663.400024,1667.599976,1652.5,1661,4271167,INFY.NS
24-12-2025,1551.028687,1558.199951,1575.699951,1553.599976,1572.699951,8815745,RELIANCE.NS
24-12-2025,980.9752197,997.2000122,999.4000244,993,993,13699996,HDFCBANK.NS
24-12-2025,1359.800049,1359.800049,1368.199951,1357.599976,1363.800049,8955140,ICICIBANK.NS
24-12-2025,2123.699951,2123.699951,2137.199951,2111,2111,3145464,BHARTIARTL.NS
24-12-2025,387.6915588,406.6000061,409.5,405.6499939,407.9500122,5777430,ITC.NS
24-12-2025,1721.278564,1737,1759,1719,1755.900024,2224786,SUNPHARMA.NS
24-12-2025,1005.51886,1011.700012,1037.400024,1006,1011,5984816,BAJFINANCE.NS
23-12-2025,3189.922607,3310,3319.899902,3293.5,3319.899902,2365420,TCS.NS
23-12-2025,1632.963745,1668.300049,1679,1656.400024,1679,6593060,INFY.NS
23-12-2025,1563.471069,1570.699951,1580.900024,1568.099976,1580.900024,7506564,RELIANCE.NS
23-12-2025,980.3849487,996.5999756,998.9000244,987.7000122,990.5,17927849,HDFCBANK.NS
23-12-2025,1363,1363,1365,1357,1361.099976,9105467,ICICIBANK.NS
23-12-2025,2122.899902,2122.899902,2164,2119.199951,2157,4110853,BHARTIARTL.NS
23-12-2025,388.4066772,407.3500061,408.8999939,401.7999878,402.5,10081997,ITC.NS
23-12-2025,1740.007446,1755.900024,1774.599976,1751.699951,1772,1124853,SUNPHARMA.NS
23-12-2025,1005.220703,1011.400024,1018,1005.700012,1013.5,4712043,BAJFINANCE.NS
22-12-2025,3204.281982,3324.899902,3328.600098,3291,3310,2632816,TCS.NS
22-12-2025,1653.8125,1689.599976,1693.199951,1664,1664,23098923,INFY.NS
22-12-2025,1568.149536,1575.400024,1577.5,1565.300049,1573.5,10184852,RELIANCE.NS
22-12-2025,971.6298218,987.7000122,992.9000244,983.9000244,988,13540411,HDFCBANK.NS
22-12-2025,1368.5,1368.5,1371.300049,1354.800049,1358,9375294,ICICIBANK.NS
22-12-2025,2147.600098,2147.600098,2151.699951,2101.699951,2118,7670853,BHARTIARTL.NS
22-12-2025,383.9729309,402.7000122,403.6499939,401.2000122,401.6000061,6847871,ITC.NS
22-12-2025,1753.781616,1769.800049,1773.199951,1743.099976,1744.900024,1467257,SUNPHARMA.NS
22-12-2025,1001.6427,1007.799988,1015.400024,1005,1008.299988,3921237,BAJFINANCE.NS
19-12-2025,3162.938232,3282,3317.899902,3278.800049,3299,3902511,TCS.NS
19-12-2025,1603.990601,1638.699951,1654.900024,1629.800049,1650,13149023,INFY.NS
19-12-2025,1557.896851,1565.099976,1574.199951,1551,1554.400024,13937275,RELIANCE.NS
19-12-2025,969.4655762,985.5,988,978.7000122,987,25952384,HDFCBANK.NS
19-12-2025,1354.099976,1354.099976,1360.400024,1350.800049,1354,14318512,ICICIBANK.NS
19-12-2025,2097.699951,2097.699951,2115,2082,2113.899902,10127415,BHARTIARTL.NS
19-12-2025,382.3996277,401.0499878,402.6499939,400.25,400.25,10654835,ITC.NS
19-12-2025,1729.107056,1744.900024,1760,1741.199951,1747,2768986,SUNPHARMA.NS
19-12-2025,1002.139648,1008.299988,1014,1002.5,1003.200012,5126009,BAJFINANCE.NS
18-12-2025,3161.781738,3280.800049,3287.800049,3221,3228,2307422,TCS.NS
18-12-2025,1592.342773,1626.800049,1630,1606.699951,1610.5,6577293,INFY.NS
18-12-2025,1537.292236,1544.400024,1551.5,1535.199951,1535.199951,6580829,RELIANCE.NS
18-12-2025,963.7599487,979.7000122,987.4000244,973.2999878,973.2999878,14912404,HDFCBANK.NS
18-12-2025,1356.800049,1356.800049,1369.5,1345.5,1346.300049,7314573,ICICIBANK.NS
18-12-2025,2092,2092,2116.600098,2088.100098,2099,3760341,BHARTIARTL.NS
18-12-2025,381.7798767,400.3999939,401.9500122,399.8500061,400,7227668,ITC.NS
18-12-2025,1730.0979,1745.900024,1785,1736,1785,3461351,SUNPHARMA.NS
18-12-2025,994.1884766,1000.299988,1009.700012,995,1002.099976,3103997,BAJFINANCE.NS
17-12-2025,3101.067383,3217.800049,3236.899902,3200.5,3200.5,1376350,TCS.NS
17-12-2025,1568.067993,1602,1606.900024,1586,1587.199951,4817628,INFY.NS
17-12-2025,1537.292236,1544.400024,1550,1539.300049,1550,7116649,RELIANCE.NS
17-12-2025,967.9899902,984,996,980.7999878,996,19080922,HDFCBANK.NS
17-12-2025,1352.400024,1352.400024,1365,1343.099976,1365,9440391,ICICIBANK.NS
17-12-2025,2108,2108,2128,2096.399902,2117.600098,6412516,BHARTIARTL.NS
17-12-2025,381.2077942,399.7999878,403.1000061,399.1000061,401,8087490,ITC.NS
17-12-2025,1776.672485,1792.900024,1797.599976,1771.5,1781,1910628,SUNPHARMA.NS
17-12-2025,993.4927368,999.5999756,1011.200012,995.2999878,1000,4695550,BAJFINANCE.NS
16-12-2025,3088.828125,3205.100098,3220,3191.100098,3220,1734623,TCS.NS
16-12-2025,1559.160767,1592.900024,1603,1585.599976,1600,5499258,INFY.NS
16-12-2025,1535.201904,1542.300049,1551.699951,1538.800049,1545,11731856,RELIANCE.NS
16-12-2025,978.1223755,994.2999878,998.7000122,990.0999756,990.0999756,20049088,HDFCBANK.NS
16-12-2025,1366,1366,1368.699951,1355.5,1364,12359741,ICICIBANK.NS
16-12-2025,2102,2102,2106.600098,2070.100098,2070.100098,5756692,BHARTIARTL.NS
16-12-2025,383.0194092,401.7000122,405.75,401.0499878,401.3999939,12347384,ITC.NS
16-12-2025,1765.17749,1781.300049,1791.900024,1778.300049,1790,1533979,SUNPHARMA.NS
16-12-2025,992.3001709,998.4000244,1010.599976,996.5,1007.5,3861617,BAJFINANCE.NS
15-12-2025,3113.01709,3230.199951,3238.199951,3197.300049,3211.100098,1562190,TCS.NS
15-12-2025,1572.766357,1606.800049,1610.800049,1585,1585,4190558,INFY.NS
15-12-2025,1549.037842,1556.199951,1558.599976,1546.5,1551.199951,5774543,RELIANCE.NS
15-12-2025,979.8930664,996.0999756,1001.799988,992,992,9790060,HDFCBANK.NS
15-12-2025,1365.199951,1365.199951,1370,1356.099976,1356.099976,5342530,ICICIBANK.NS
15-12-2025,2069.699951,2069.699951,2078.899902,2061.5,2070.100098,3233614,BHARTIARTL.NS
15-12-2025,383.5915222,402.2999878,403.3500061,399.5,400.1000061,7756564,ITC.NS
15-12-2025,1780.834473,1797.099976,1804.599976,1777.599976,1779,1396948,SUNPHARMA.NS
15-12-2025,1006.512756,1012.700012,1016.5,1008,1015,3958977,BAJFINANCE.NS
12-12-2025,3103.669189,3220.5,3223,3185.699951,3197.699951,1146554,TCS.NS
12-12-2025,1564.348389,1598.199951,1601.800049,1582.599976,1601.400024,4633912,INFY.NS
12-12-2025,1549.336548,1556.5,1559.800049,1546.099976,1550.800049,5106655,RELIANCE.NS
12-12-2025,985.2052612,1001.5,1004.700012,998.2000122,1003,11988618,HDFCBANK.NS
12-12-2025,1366,1366,1370.699951,1363.300049,1368,3890885,ICICIBANK.NS
12-12-2025,2083.399902,2083.399902,2087.100098,2050.600098,2053.100098,2706420,BHARTIARTL.NS
12-12-2025,381.4938354,400.1000061,404,399.8500061,402.8999939,12407516,ITC.NS
12-12-2025,1777.26709,1793.5,1811.800049,1791,1808,1442309,SUNPHARMA.NS
12-12-2025,1011.084656,1017.299988,1020.799988,1000,1000,4381711,BAJFINANCE.NS
11-12-2025,3076.106689,3191.899902,3208.399902,3153.100098,3205,1914362,TCS.NS
11-12-2025,1564.15271,1598,1607.400024,1580.5,1598,5159319,INFY.NS
11-12-2025,1537.889404,1545,1550,1524,1536.900024,4706197,RELIANCE.NS
11-12-2025,984.0247803,1000.299988,1002.700012,988.5,990,11844809,HDFCBANK.NS
11-12-2025,1360,1360,1366.599976,1352.800049,1363.699951,6734750,ICICIBANK.NS
11-12-2025,2053.199951,2053.199951,2069.199951,2038,2066,3254850,BHARTIARTL.NS
11-12-2025,384.1636353,402.8999939,404,401.1000061,403.1499939,6980147,ITC.NS
11-12-2025,1790.843018,1807.199951,1810.5,1775.099976,1778,1280916,SUNPHARMA.NS
11-12-2025,1000.251282,1006.400024,1020.5,1000.099976,1011.900024,4670539,BAJFINANCE.NS
10-12-2025,3073.504639,3189.199951,3225,3178.100098,3225,1386849,TCS.NS
10-12-2025,1551.2323,1584.800049,1608,1582.800049,1608,5116140,INFY.NS
10-12-2025,1529.826782,1536.900024,1547.5,1531.400024,1534,7991629,RELIANCE.NS
10-12-2025,973.6956177,989.7999878,998.5,985.2999878,997.5,15322830,HDFCBANK.NS
10-12-2025,1363.599976,1363.599976,1379.400024,1357.900024,1377.900024,8725381,ICICIBANK.NS
10-12-2025,2067,2067,2096.899902,2062.199951,2072,3987451,BHARTIARTL.NS
10-12-2025,384.4019775,403.1499939,404.3999939,401,401.1000061,6969146,ITC.NS
10-12-2025,1769.339478,1785.5,1791.699951,1767.900024,1787.900024,2321746,SUNPHARMA.NS
10-12-2025,1004.12738,1010.299988,1021.700012,1007.299988,1016,4990527,BAJFINANCE.NS
09-12-2025,3091.911865,3208.300049,3233.699951,3181.199951,3230,2734893,TCS.NS
09-12-2025,1565.13147,1599,1606.900024,1582.400024,1601.199951,6957599,INFY.NS
09-12-2025,1522.361206,1529.400024,1542.5,1520.099976,1540.300049,11503971,RELIANCE.NS
09-12-2025,980.8768311,997.0999756,1002.799988,994,994.9000244,15294322,HDFCBANK.NS
09-12-2025,1375.199951,1375.199951,1384.300049,1373.400024,1379.900024,10492030,ICICIBANK.NS
09-12-2025,2089.699951,2089.699951,2100.399902,2080.399902,2086.800049,5139229,BHARTIARTL.NS
09-12-2025,382.3996277,401.0499878,404.5,400,402,9426717,ITC.NS
09-12-2025,1759.925537,1776,1801.199951,1772,1796,2401728,SUNPHARMA.NS
09-12-2025,1010.488342,1016.700012,1026,1013.700012,1025,5968501,BAJFINANCE.NS
08-12-2025,3119.088867,3236.5,3259.899902,3208.600098,3243,2544725,TCS.NS
08-12-2025,1576.681641,1610.800049,1630,1600.199951,1617.099976,7550413,INFY.NS
08-12-2025,1535.898682,1543,1551,1535,1539.199951,11301491,RELIANCE.NS
08-12-2025,986.7791748,1003.099976,1006.5,997.5,1000,12901022,HDFCBANK.NS
08-12-2025,1389.599976,1389.599976,1394.900024,1383.300049,1387,7826227,ICICIBANK.NS
08-12-2025,2086.199951,2086.199951,2114.399902,2078.899902,2114.399902,4327091,BHARTIARTL.NS
08-12-2025,383.5915222,402.2999878,405.25,400.5499878,404.9500122,6056866,ITC.NS
08-12-2025,1779.942627,1796.199951,1806,1785.699951,1805.300049,2410074,SUNPHARMA.NS
08-12-2025,1020.129089,1026.400024,1049.800049,1023,1048,5189635,BAJFINANCE.NS
05-12-2025,3120.727051,3238.199951,3271.600098,3222.399902,3230,5244013,TCS.NS
05-12-2025,1581.967163,1616.199951,1631.800049,1600,1610,10344725,INFY.NS
05-12-2025,1533.509644,1540.599976,1545.800049,1520.599976,1530.400024,10183266,RELIANCE.NS
05-12-2025,986.9759521,1003.299988,1008,990.2000122,992,12843366,HDFCBANK.NS
05-12-2025,1392.5,1392.5,1395.300049,1381,1381,4942638,ICICIBANK.NS
05-12-2025,2108.800049,2108.800049,2111.899902,2090,2092.600098,2938290,BHARTIARTL.NS
05-12-2025,386.1182861,404.9500122,405.3500061,402,403.0499878,4419747,ITC.NS
05-12-2025,1788.960449,1805.300049,1820.199951,1800.199951,1819,1777401,SUNPHARMA.NS
05-12-2025,1041.597046,1048,1061,1026.5,1028.900024,13123572,BAJFINANCE.NS
04-12-2025,3112.053467,3229.199951,3250,3187.399902,3194,5025905,TCS.NS
04-12-2025,1563.761108,1597.599976,1599,1568,1568,12609619,INFY.NS
04-12-2025,1528.532715,1535.599976,1560.5,1517.599976,1536,11867930,RELIANCE.NS
04-12-2025,980.9752197,997.2000122,1004.700012,993,1000,14528169,HDFCBANK.NS
04-12-2025,1386.699951,1386.699951,1391.599976,1379.900024,1387,7373909,ICICIBANK.NS
04-12-2025,2103.800049,2103.800049,2108.5,2074.100098,2094.800049,4611819,BHARTIARTL.NS
04-12-2025,384.3066101,403.0499878,403.5499878,399.0499878,400.1000061,8057989,ITC.NS
04-12-2025,1801.842651,1818.300049,1823.199951,1798.300049,1808.400024,1713961,SUNPHARMA.NS
04-12-2025,1022.8125,1029.099976,1032.300049,1016,1018,5404918,BAJFINANCE.NS
03-12-2025,3064.638672,3180,3211.899902,3139,3140,3952112,TCS.NS
03-12-2025,1545.261475,1578.699951,1586,1554.099976,1555.099976,12895312,INFY.NS
03-12-2025,1531.718018,1538.800049,1552.400024,1533,1545.199951,6090883,RELIANCE.NS
03-12-2025,984.2214966,1000.5,1002.299988,986,986,15448777,HDFCBANK.NS
03-12-2025,1391.5,1391.5,1394.199951,1367,1367,7955933,ICICIBANK.NS
03-12-2025,2086,2086,2109.899902,2081.600098,2100.100098,4357641,BHARTIARTL.NS
03-12-2025,381.8752136,400.5,402.2000122,398.8500061,401.7000122,10772192,ITC.NS
03-12-2025,1790.347656,1806.699951,1816,1782.5,1805,2114510,SUNPHARMA.NS
03-12-2025,1015.159607,1021.400024,1026.300049,1014.200012,1021,5895670,BAJFINANCE.NS
02-12-2025,3021.945801,3135.699951,3144,3120.399902,3131,2512003,TCS.NS
02-12-2025,1527.936401,1561,1579.900024,1556.099976,1567,6335969,INFY.NS
02-12-2025,1539.183472,1546.300049,1567.5,1542,1561.099976,11389150,RELIANCE.NS
02-12-2025,973.6956177,989.7999878,994.4000244,985,988,27316662,HDFCBANK.NS
02-12-2025,1373,1373,1381.800049,1370.599976,1381.800049,12126396,ICICIBANK.NS
02-12-2025,2104,2104,2114.800049,2087.100098,2089.800049,6591396,BHARTIARTL.NS
02-12-2025,382.3043213,400.9500122,405.5,400.5,404.25,8093808,ITC.NS
02-12-2025,1783.212769,1799.5,1814.900024,1788.599976,1804,2948688,SUNPHARMA.NS
02-12-2025,1019.234558,1025.5,1036,1013.900024,1014.5,6706145,BAJFINANCE.NS
01-12-2025,3019.729248,3133.399902,3154,3122.199951,3137.899902,1747647,TCS.NS
01-12-2025,1530.872803,1564,1574,1556,1562.5,5341800,INFY.NS
01-12-2025,1558.892334,1566.099976,1577.5,1563.599976,1575,8920233,RELIANCE.NS
01-12-2025,985.7954712,1002.099976,1017.5,999.2999878,1017.5,16746566,HDFCBANK.NS
01-12-2025,1390.099976,1390.099976,1400,1385.400024,1394,8867593,ICICIBANK.NS
01-12-2025,2089.699951,2089.699951,2119,2083.100098,2114.699951,5058900,BHARTIARTL.NS
01-12-2025,385.4508362,404.25,405.5,398.2000122,402.7999878,13442658,ITC.NS
01-12-2025,1791.041382,1807.400024,1849,1801,1841,1869293,SUNPHARMA.NS
01-12-2025,1014.861389,1021.099976,1042,1018.799988,1041.900024,6459837,BAJFINANCE.NS
28-11-2025,3023.680176,3137.5,3147.300049,3125,3140,1616690,TCS.NS
28-11-2025,1527.05542,1560.099976,1568.400024,1557,1565,4453221,INFY.NS
28-11-2025,1560.285889,1567.5,1581.300049,1563,1568,8959508,RELIANCE.NS
28-11-2025,991.2059937,1007.599976,1012.049988,1004.200012,1007,15988807,HDFCBANK.NS
28-11-2025,1388.800049,1388.800049,1398.5,1385.599976,1392,7683986,ICICIBANK.NS
28-11-2025,2101.600098,2101.600098,2129.5,2096.399902,2118,6263457,BHARTIARTL.NS
28-11-2025,385.4508362,404.25,405,402.5,404.2999878,6883500,ITC.NS
28-11-2025,1815.022217,1831.599976,1833,1807.5,1810.300049,1623103,SUNPHARMA.NS
28-11-2025,1031.161255,1037.5,1043.5,1031,1038,4983147,BAJFINANCE.NS
27-11-2025,3022.812988,3136.600098,3180,3125,3180,2836233,TCS.NS
27-11-2025,1533.222046,1566.400024,1574.300049,1552.199951,1564,7552252,INFY.NS
27-11-2025,1556.204712,1563.400024,1575.5,1556,1575,9794643,RELIANCE.NS
27-11-2025,993.0750732,1009.5,1016.799988,1001,1002.099976,25536848,HDFCBANK.NS
27-11-2025,1392.199951,1392.199951,1394,1375.699951,1379,15158741,ICICIBANK.NS
27-11-2025,2115.600098,2115.600098,2136.899902,2103.800049,2132,4444877,BHARTIARTL.NS
27-11-2025,385.4985046,404.2999878,405.9500122,402.1000061,403.5,8679529,ITC.NS
27-11-2025,1793.915039,1810.300049,1814.900024,1802.099976,1802.099976,2902053,SUNPHARMA.NS
27-11-2025,1027.483887,1033.800049,1044.900024,1010.900024,1015.599976,12076038,BAJFINANCE.NS
26-11-2025,3048.158936,3162.899902,3178,3117,3118.800049,2508527,TCS.NS
26-11-2025,1524.9021,1557.900024,1560.300049,1532.099976,1532.099976,7575038,INFY.NS
26-11-2025,1562.674805,1569.900024,1571.599976,1540.5,1542.300049,14054299,RELIANCE.NS
26-11-2025,987.5662231,1003.900024,1006.950012,981.2999878,981.2999878,19494356,HDFCBANK.NS
26-11-2025,1375,1375,1377,1359.900024,1360,9659004,ICICIBANK.NS
26-11-2025,2126.800049,2126.800049,2134.899902,2097.5,2104,43174047,BHARTIARTL.NS
26-11-2025,383.5915222,402.2999878,403.9500122,400.9500122,401,11443953,ITC.NS
26-11-2025,1788.563965,1804.900024,1806.900024,1773.599976,1775.5,1158948,SUNPHARMA.NS
26-11-2025,1004.524963,1010.700012,1012.799988,981.2999878,986.2000122,9772235,BAJFINANCE.NS
25-11-2025,3006.044434,3119.199951,3149.800049,3115,3145.300049,2737920,TCS.NS
25-11-2025,1498.180298,1530.599976,1550.599976,1525.900024,1549,8107952,INFY.NS
25-11-2025,1532.61377,1539.699951,1559.599976,1525.099976,1535.900024,15033482,RELIANCE.NS
25-11-2025,973.6956177,989.7999878,1006.099976,988.4000244,1004,24989383,HDFCBANK.NS
25-11-2025,1357.800049,1357.800049,1376.900024,1354.300049,1365,12235000,ICICIBANK.NS
25-11-2025,2161.600098,2161.600098,2170.699951,2138.699951,2159,7102592,BHARTIARTL.NS
25-11-2025,382.1612854,400.7999878,404.5,400.1000061,403.5499878,8199785,ITC.NS
25-11-2025,1760.718262,1776.800049,1792.099976,1766.099976,1785,1848114,SUNPHARMA.NS
25-11-2025,980.1746826,986.2000122,996.9000244,984.5,995,6376983,BAJFINANCE.NS
24-11-2025,3027.246094,3141.199951,3178.899902,3131,3158,6703764,TCS.NS
24-11-2025,1515.211792,1548,1585,1541,1563.599976,19270381,INFY.NS
24-11-2025,1528.831299,1535.900024,1550,1531.800049,1550,18433951,RELIANCE.NS
24-11-2025,982.8934937,999.1500244,1011.450012,993.5999756,1000,32204053,HDFCBANK.NS
24-11-2025,1368.400024,1368.400024,1377,1361.5,1373.300049,15896003,ICICIBANK.NS
24-11-2025,2152.100098,2152.100098,2165.800049,2140.399902,2162.100098,9686848,BHARTIARTL.NS
24-11-2025,384.7833862,403.5499878,408.7999878,402.8500061,408.3999939,11037491,ITC.NS
24-11-2025,1764.682129,1780.800049,1785.900024,1771.800049,1785.900024,3434492,SUNPHARMA.NS
24-11-2025,987.927002,994,1009.299988,990,1005,9574900,BAJFINANCE.NS
21-11-2025,3036.305176,3150.600098,3170,3135.199951,3144.800049,4177037,TCS.NS
21-11-2025,1512.275269,1545,1551.5,1526.300049,1531,9186302,INFY.NS
21-11-2025,1539.482056,1546.599976,1557.800049,1540.099976,1541,9615271,RELIANCE.NS
21-11-2025,981.8114014,998.0499878,1008.299988,996.5499878,1003.099976,17499897,HDFCBANK.NS
21-11-2025,1369.5,1369.5,1376,1364.599976,1373,11483595,ICICIBANK.NS
21-11-2025,2162.699951,2162.699951,2174.5,2148.600098,2150.100098,6720938,BHARTIARTL.NS
21-11-2025,388.8834229,407.8500061,408.5,404.7000122,405,5808131,ITC.NS
21-11-2025,1763.591919,1779.699951,1787.400024,1773.699951,1778,2199311,SUNPHARMA.NS
21-11-2025,997.965271,1004.099976,1027.599976,1001.5,1020,6304584,BAJFINANCE.NS
20-11-2025,3030.715576,3144.800049,3164.5,3138.100098,3148,2700767,TCS.NS
20-11-2025,1503.955322,1536.5,1555,1534,1555,7387584,INFY.NS
20-11-2025,1541.970581,1549.099976,1550.900024,1526.699951,1530,18171724,RELIANCE.NS
20-11-2025,992.4356689,1008.849976,1011.599976,992.4500122,995.2999878,19850865,HDFCBANK.NS
20-11-2025,1383,1383,1388.300049,1375.400024,1380.099976,10131863,ICICIBANK.NS
20-11-2025,2158.300049,2158.300049,2169.300049,2149.899902,2153.100098,7452899,BHARTIARTL.NS
20-11-2025,386.5950317,405.4500122,407,403.25,403.5499878,6693410,ITC.NS
20-11-2025,1761.312866,1777.400024,1792,1773.099976,1790,1513894,SUNPHARMA.NS
20-11-2025,1022.315613,1028.599976,1031.699951,1007.299988,1015,5459073,BAJFINANCE.NS
19-11-2025,3033.51001,3147.699951,3155,3083.5,3097,3151053,TCS.NS
19-11-2025,1508.457886,1541.099976,1543,1490.5,1490.5,10981126,INFY.NS
19-11-2025,1511.909546,1518.900024,1522.300049,1512,1517.400024,5692366,RELIANCE.NS
19-11-2025,978.4174805,994.5999756,996.5499878,984,990,19813847,HDFCBANK.NS
19-11-2025,1383.099976,1383.099976,1384,1371.599976,1373.5,10393918,ICICIBANK.NS
19-11-2025,2159.800049,2159.800049,2166.199951,2146.699951,2155,7419461,BHARTIARTL.NS
19-11-2025,384.7833862,403.5499878,405.5499878,402.7999878,404.8500061,7882450,ITC.NS
19-11-2025,1767.952148,1784.099976,1790.300049,1751.099976,1762,2131124,SUNPHARMA.NS
19-11-2025,999.4561157,1005.599976,1016.099976,1004.599976,1009,5158832,BAJFINANCE.NS
18-11-2025,2975.108887,3087.100098,3105,3078,3102,2548350,TCS.NS
18-11-2025,1454.916504,1486.400024,1506,1483.199951,1506,7525119,INFY.NS
18-11-2025,1512.407227,1519.400024,1527.800049,1510.5,1521.699951,11045042,RELIANCE.NS
18-11-2025,976.3024902,992.4500122,999,990,997.6500244,20002640,HDFCBANK.NS
18-11-2025,1373.400024,1373.400024,1382.800049,1369.099976,1380.199951,9529560,ICICIBANK.NS
18-11-2025,2149.199951,2149.199951,2159,2110.300049,2122,10972556,BHARTIARTL.NS
18-11-2025,386.9764404,405.8500061,409.7999878,404.5499878,408.25,7661681,ITC.NS
18-11-2025,1742.881226,1758.800049,1764.5,1750,1764,1429522,SUNPHARMA.NS
18-11-2025,1007.407227,1013.599976,1024.099976,1011.700012,1021.200012,4562185,BAJFINANCE.NS
17-11-2025,2989.660645,3102.199951,3123.5,3086.600098,3106,2232853,TCS.NS
17-11-2025,1475.66748,1507.599976,1510.199951,1492.5,1496,7910354,INFY.NS
17-11-2025,1511.312378,1518.300049,1523.699951,1511.5,1520.900024,5871416,RELIANCE.NS
17-11-2025,980.3357544,996.5499878,997.9500122,985.5999756,991.25,18396408,HDFCBANK.NS
17-11-2025,1379,1379,1382.5,1373.599976,1375.099976,7660717,ICICIBANK.NS
17-11-2025,2112.199951,2112.199951,2122,2100.899902,2112,5998770,BHARTIARTL.NS
17-11-2025,388.1683044,407.1000061,412,406,409.75,7855399,ITC.NS
17-11-2025,1747.934937,1763.900024,1768,1747.699951,1765.800049,1430618,SUNPHARMA.NS
17-11-2025,1020.526672,1026.800049,1033,1017,1021,6011603,BAJFINANCE.NS
14-11-2025,2993.322998,3106,3113.100098,3077.300049,3090,2210794,TCS.NS
14-11-2025,1470.969116,1502.800049,1530,1488.800049,1520,9739549,INFY.NS
14-11-2025,1511.909546,1518.900024,1520.900024,1505.5,1505.5,7682823,RELIANCE.NS
14-11-2025,973.4988403,989.5999756,991.6500244,976.0499878,976.0499878,21386965,HDFCBANK.NS
14-11-2025,1373,1373,1381.199951,1363.199951,1374,9694498,ICICIBANK.NS
14-11-2025,2100.699951,2100.699951,2107.899902,2081.899902,2090,6312655,BHARTIARTL.NS
14-11-2025,389.1694641,408.1499939,408.75,400.1000061,404.7000122,64020258,ITC.NS
14-11-2025,1741.196533,1757.099976,1760.099976,1734.699951,1737.400024,1667322,SUNPHARMA.NS
14-11-2025,1012.277344,1018.5,1019.900024,1002.599976,1004.900024,4381122,BAJFINANCE.NS
13-11-2025,2993.033691,3105.699951,3131.899902,3102,3131.800049,1740435,TCS.NS
13-11-2025,1509.143066,1541.800049,1557.5,1530.300049,1557.099976,19655689,INFY.NS
13-11-2025,1503.946411,1510.900024,1522.099976,1506.800049,1515,7196443,RELIANCE.NS
13-11-2025,970.5969238,986.6500244,990.0999756,982.5999756,984,14124839,HDFCBANK.NS
13-11-2025,1385.900024,1385.900024,1390.400024,1358.5,1358.900024,18296626,ICICIBANK.NS
13-11-2025,2091.800049,2091.800049,2107,2079,2099.899902,5958875,BHARTIARTL.NS
13-11-2025,386.8334045,405.7000122,407.5,404.5,407,6617185,ITC.NS
13-11-2025,1721.674805,1737.400024,1747.800049,1725.400024,1734.5,1727602,SUNPHARMA.NS
13-11-2025,999.2573853,1005.400024,1019.400024,1003.5,1012.5,8503994,BAJFINANCE.NS
12-11-2025,3018.187012,3131.800049,3136.399902,3057.100098,3060,4460315,TCS.NS
12-11-2025,1518.833374,1551.699951,1559.199951,1538.099976,1540,14635417,INFY.NS
12-11-2025,1504.543579,1511.5,1524.699951,1500,1505,12384459,RELIANCE.NS
12-11-2025,973.4005127,989.5,999,987.7000122,998.7999878,13137263,HDFCBANK.NS
12-11-2025,1358.900024,1358.900024,1370,1355.400024,1370,9736761,ICICIBANK.NS
12-11-2025,2073.800049,2073.800049,2079.800049,2054.899902,2060,8210277,BHARTIARTL.NS
12-11-2025,388.072937,407,408.1000061,405.5499878,408,7987236,ITC.NS
12-11-2025,1716.422852,1732.099976,1744.099976,1710.199951,1721.400024,1833097,SUNPHARMA.NS
12-11-2025,1007.009705,1013.200012,1018.400024,1008.799988,1011,11131278,BAJFINANCE.NS
11-11-2025,2936.463623,3047,3055.699951,3018,3045,2806868,TCS.NS
11-11-2025,1497.886719,1530.300049,1533.400024,1511.099976,1525,13692989,INFY.NS
11-11-2025,1486.526978,1493.400024,1498.800049,1480.199951,1497,7127506,RELIANCE.NS
11-11-2025,975.5646973,991.7000122,993.5,978,983.5,10200530,HDFCBANK.NS
11-11-2025,1358.300049,1358.300049,1360.400024,1346.199951,1349,8305184,ICICIBANK.NS
11-11-2025,2042.300049,2042.300049,2056.899902,2017.400024,2020.099976,14825625,BHARTIARTL.NS
11-11-2025,387.9299316,406.8500061,408.0499878,404.6000061,406,12005318,ITC.NS
11-11-2025,1700.567627,1716.099976,1719,1695,1701.599976,1315353,SUNPHARMA.NS
11-11-2025,999.0585938,1005.200012,1043.699951,997,1043.699951,23762890,BAJFINANCE.NS
10-11-2025,2915.454102,3025.199951,3047.899902,2992,2993,1556656,TCS.NS
10-11-2025,1481.442505,1513.5,1520,1490,1490.099976,9787975,INFY.NS
10-11-2025,1482.445801,1489.300049,1501,1475.5,1477.900024,7068438,RELIANCE.NS
10-11-2025,968.4818726,984.5,990.9500122,980.2000122,982.2999878,15988262,HDFCBANK.NS
10-11-2025,1348,1348,1349.599976,1341,1342.900024,8542340,ICICIBANK.NS
10-11-2025,2019.800049,2019.800049,2028.800049,1992.199951,1995,7457061,BHARTIARTL.NS
10-11-2025,386.6903687,405.5499878,407.1000061,403.6499939,404.0499878,6650003,ITC.NS
10-11-2025,1682.43335,1697.800049,1703.099976,1685.800049,1697.5,1235665,SUNPHARMA.NS
10-11-2025,1078.370972,1085,1088,1062.900024,1066.599976,5692236,BAJFINANCE.NS
07-11-2025,2883.266113,2991.800049,3004,2960.5,3001,1830520,TCS.NS
07-11-2025,1445.519897,1476.800049,1480.900024,1449.099976,1470,8765759,INFY.NS
07-11-2025,1471.197754,1478,1498.400024,1475.900024,1494.599976,7821765,RELIANCE.NS
07-11-2025,966.317627,982.2999878,984.9000244,974.75,980,15004568,HDFCBANK.NS
07-11-2025,1343,1343,1344.300049,1318.599976,1320.400024,7719245,ICICIBANK.NS
07-11-2025,2001.199951,2001.199951,2048,1995.599976,2048,70392750,BHARTIARTL.NS
07-11-2025,385.2601318,404.0499878,409.1000061,403.1000061,406.0499878,8411611,ITC.NS
07-11-2025,1676.091187,1691.400024,1710,1683.099976,1694,1512908,SUNPHARMA.NS
07-11-2025,1060.083374,1066.599976,1076.900024,1034.199951,1039,6940923,BAJFINANCE.NS
06-11-2025,2901.672852,3010.899902,3024,2990,2990.100098,2542721,TCS.NS
06-11-2025,1435.633667,1466.699951,1483,1461.900024,1478.599976,7944752,INFY.NS
06-11-2025,1489.214478,1496.099976,1501.599976,1476.199951,1484,16772678,RELIANCE.NS
06-11-2025,968.6294556,984.6500244,991.0499878,974,981,22279516,HDFCBANK.NS
06-11-2025,1320.400024,1320.400024,1342.199951,1317.400024,1330,24221853,ICICIBANK.NS
06-11-2025,2094.899902,2094.899902,2123.300049,2080.5,2115,9546299,BHARTIARTL.NS
06-11-2025,388.5497131,407.5,413.2999878,406.5499878,410,10095563,ITC.NS
06-11-2025,1670.640991,1685.900024,1723.900024,1667,1699,3389867,SUNPHARMA.NS
06-11-2025,1035.534424,1041.900024,1052.800049,1035,1037,5776277,BAJFINANCE.NS
04-11-2025,2881.723877,2990.199951,3029.300049,2976,3019.600098,2670720,TCS.NS
04-11-2025,1436.80835,1467.900024,1481.900024,1462.900024,1479.699951,8691330,INFY.NS
04-11-2025,1466.320313,1473.099976,1492.800049,1470.099976,1483.900024,10007806,RELIANCE.NS
04-11-2025,969.2196655,985.25,997,983.7000122,987,20024544,HDFCBANK.NS
04-11-2025,1336.900024,1336.900024,1349.800049,1333.199951,1342.599976,15211183,ICICIBANK.NS
04-11-2025,2113.300049,2113.300049,2135.600098,2103.5,2107,12263078,BHARTIARTL.NS
04-11-2025,389.8845825,408.8999939,414.5,408.3500061,414,10085404,ITC.NS
04-11-2025,1674.703979,1690,1711.199951,1682.199951,1707,1597993,SUNPHARMA.NS
04-11-2025,1050.542114,1057,1060.400024,1035,1040,6202540,BAJFINANCE.NS
03-11-2025,2907.359131,3016.800049,3058,3010,3046.899902,2194877,TCS.NS
03-11-2025,1454.035522,1485.5,1491.400024,1474.199951,1482.300049,5470600,INFY.NS
03-11-2025,1477.866943,1484.699951,1495,1479.300049,1486,8452085,RELIANCE.NS
03-11-2025,976.4992676,992.6500244,994.5499878,983.2999878,985,16607180,HDFCBANK.NS
03-11-2025,1346.400024,1346.400024,1351.599976,1337.900024,1340.5,11071450,ICICIBANK.NS
03-11-2025,2074,2074,2081,2047.199951,2055,2979629,BHARTIARTL.NS
03-11-2025,394.6997681,413.9500122,421.6499939,413.2999878,419.9500122,7635440,ITC.NS
03-11-2025,1690.955444,1706.400024,1712.800049,1681.199951,1688.199951,1099955,SUNPHARMA.NS
03-11-2025,1036.727051,1043.099976,1048,1031,1037,4135617,BAJFINANCE.NS
31-10-2025,2947.064209,3058,3067.399902,3025.100098,3035,1868085,TCS.NS
31-10-2025,1450.903442,1482.300049,1497.099976,1480.699951,1490,4819814,INFY.NS
31-10-2025,1479.559204,1486.400024,1497.5,1482.300049,1490.400024,8758053,RELIANCE.NS
31-10-2025,971.2362671,987.2999878,1004.450012,981.1500244,994,23221330,HDFCBANK.NS
31-10-2025,1345.300049,1345.300049,1362,1343.300049,1357,15926798,ICICIBANK.NS
31-10-2025,2054.5,2054.5,2073.800049,2051.699951,2056,4659723,BHARTIARTL.NS
31-10-2025,400.802124,420.3500061,426.3999939,418.2000122,420.5,18599864,ITC.NS
31-10-2025,1675.397461,1690.699951,1705,1686.800049,1700,1560918,SUNPHARMA.NS
31-10-2025,1036.428955,1042.800049,1069.449951,1041.400024,1052,5315632,BAJFINANCE.NS
30-10-2025,2925.187744,3035.300049,3063.800049,3032.800049,3049.100098,2241536,TCS.NS
30-10-2025,1462.15979,1493.800049,1508.199951,1489.099976,1507,5608867,INFY.NS
30-10-2025,1481.649414,1488.5,1503.099976,1484,1500,9318663,RELIANCE.NS
30-10-2025,981.90979,998.1500244,1009.5,997.0999756,1000,19962917,HDFCBANK.NS
30-10-2025,1362.400024,1362.400024,1370.199951,1361.300049,1362.400024,9324401,ICICIBANK.NS
30-10-2025,2066.300049,2066.300049,2088,2058.600098,2070,4222189,BHARTIARTL.NS
30-10-2025,399.2765198,418.75,421.7000122,416.1499939,421.6000061,12938674,ITC.NS
30-10-2025,1687.982666,1703.400024,1716.900024,1680.099976,1715.800049,1986233,SUNPHARMA.NS
30-10-2025,1045.87085,1052.300049,1066.800049,1045,1063,4271927,BAJFINANCE.NS
29-10-2025,2946.678955,3057.600098,3076,3046.100098,3057.899902,2895420,TCS.NS
29-10-2025,1478.408203,1510.400024,1520.199951,1496.900024,1500.199951,4884976,INFY.NS
29-10-2025,1497.2771,1504.199951,1508.300049,1488.099976,1490,11884745,RELIANCE.NS
29-10-2025,991.4519043,1007.849976,1012.5,1000,1004.900024,17769445,HDFCBANK.NS
29-10-2025,1370.400024,1370.400024,1371.699951,1358.400024,1364.599976,16129382,ICICIBANK.NS
29-10-2025,2100.600098,2100.600098,2110.399902,2081.600098,2083,2742750,BHARTIARTL.NS
29-10-2025,401.9940186,421.6000061,422.2000122,416.0499878,418.2000122,11470661,ITC.NS
29-10-2025,1700.369507,1715.900024,1722,1687.300049,1690,1016738,SUNPHARMA.NS
29-10-2025,1056.455688,1062.949951,1079.150024,1061.25,1072,5386803,BAJFINANCE.NS
28-10-2025,2946.967773,3057.899902,3090.199951,3040.199951,3076,3470737,TCS.NS
28-10-2025,1468.424194,1500.199951,1506.5,1490.5,1499.699951,8211019,INFY.NS
28-10-2025,1480.056885,1486.900024,1492,1477.599976,1484.099976,17631577,RELIANCE.NS
28-10-2025,987.2218628,1003.549988,1008,995,997.6500244,33904289,HDFCBANK.NS
28-10-2025,1363.099976,1363.099976,1375.800049,1356.199951,1373,26477914,ICICIBANK.NS
28-10-2025,2090.199951,2090.199951,2102.600098,2071.699951,2092,9891522,BHARTIARTL.NS
28-10-2025,398.4660645,417.8999939,421.6499939,415.8999939,420.5,17163147,ITC.NS
28-10-2025,1671.730957,1687,1702.699951,1679.199951,1692,2440939,SUNPHARMA.NS
28-10-2025,1066.195923,1072.75,1092.400024,1063.050049,1078,12324341,BAJFINANCE.NS
27-10-2025,2972.988281,3084.899902,3094.199951,3060.199951,3066.5,1946312,TCS.NS
27-10-2025,1472.633057,1504.5,1515.300049,1498.099976,1510,7273211,INFY.NS
27-10-2025,1477.269653,1484.099976,1485,1458,1463,14113867,RELIANCE.NS
27-10-2025,986.6316528,1002.950012,1009.049988,996.2000122,996.5,15700796,HDFCBANK.NS
27-10-2025,1377.599976,1377.599976,1386.800049,1374,1382.099976,11499836,ICICIBANK.NS
27-10-2025,2080.100098,2080.100098,2094,2030,2030,5796831,BHARTIARTL.NS
27-10-2025,401.0881653,420.6499939,422.7000122,416.6000061,417,11603679,ITC.NS
27-10-2025,1678.27124,1693.599976,1708.5,1690,1701,2067904,SUNPHARMA.NS
27-10-2025,1077.774658,1084.400024,1094,1075.75,1090.949951,7366175,BAJFINANCE.NS
24-10-2025,2952.075684,3063.199951,3090,3058.300049,3080,2684318,TCS.NS
24-10-2025,1470.577637,1525.400024,1543,1518,1539.5,8652257,INFY.NS
24-10-2025,1444.919312,1451.599976,1459.800049,1441,1450,9700837,RELIANCE.NS
24-10-2025,978.5650635,994.75,1011.950012,991.2999878,1011,17707768,HDFCBANK.NS
24-10-2025,1377.699951,1377.699951,1381.599976,1368.099976,1368.099976,10570263,ICICIBANK.NS
24-10-2025,2029.300049,2029.300049,2033,2006.900024,2008,3236799,BHARTIARTL.NS
24-10-2025,397.4172058,416.7999878,417.9500122,413.4500122,415.9500122,14935678,ITC.NS
24-10-2025,1683.622437,1699,1701.900024,1686,1690,994307,SUNPHARMA.NS
24-10-2025,1083.092041,1089.75,1098.599976,1087.400024,1093.5,6440277,BAJFINANCE.NS
23-10-2025,2961.712891,3073.199951,3098,3036.100098,3055,5564758,TCS.NS
23-10-2025,1473.566162,1528.5,1546,1506,1510,20358624,INFY.NS
23-10-2025,1441.734009,1448.400024,1482.900024,1444.599976,1475,18707090,RELIANCE.NS
23-10-2025,992.3864746,1008.799988,1020.5,1006,1016,43526526,HDFCBANK.NS
23-10-2025,1363.699951,1363.699951,1389.800049,1360.099976,1385,21124942,ICICIBANK.NS
23-10-2025,2007.900024,2007.900024,2067,2003.599976,2063.899902,8790128,BHARTIARTL.NS
23-10-2025,396.6067505,415.9500122,420.4500122,413.5499878,416,24305990,ITC.NS
23-10-2025,1674.604858,1689.900024,1712,1682.199951,1705,2687094,SUNPHARMA.NS
23-10-2025,1087.465088,1094.150024,1102.5,1083.900024,1090,11143407,BAJFINANCE.NS
21-10-2025,2897.625488,3006.699951,3031.800049,2996,3031.100098,310644,TCS.NS
21-10-2025,1419.482422,1472.400024,1486,1470,1478,1698704,INFY.NS
21-10-2025,1458.456665,1465.199951,1474,1460,1468,2066169,RELIANCE.NS
21-10-2025,991.3043823,1007.700012,1010,1004,1006,3471600,HDFCBANK.NS
21-10-2025,1382,1382,1387.599976,1375.900024,1384.5,3415560,ICICIBANK.NS
21-10-2025,2043.5,2043.5,2058.5,2038.5,2051.800049,240850,BHARTIARTL.NS
21-10-2025,393.6509094,412.8500061,413.9500122,412.3500061,413.5,1142130,ITC.NS
21-10-2025,1675.199341,1690.5,1696,1684,1690,74296,SUNPHARMA.NS
21-10-2025,1079.861816,1086.5,1089,1081,1084.900024,911624,BAJFINANCE.NS
20-10-2025,2905.816895,3015.199951,3023,2978.5,2985.5,3133039,TCS.NS
20-10-2025,1408.395752,1460.900024,1467,1450,1453.699951,6994246,INFY.NS
20-10-2025,1460.049316,1466.800049,1473.800049,1433.300049,1440,24721978,RELIANCE.NS
20-10-2025,986.6316528,1002.950012,1020,997,997,22195202,HDFCBANK.NS
20-10-2025,1390.300049,1390.300049,1445,1389.199951,1442,23330227,ICICIBANK.NS
20-10-2025,2051.5,2051.5,2057,2019.699951,2026,7387180,BHARTIARTL.NS
20-10-2025,393.8415833,413.0499878,414.8500061,411.2999878,412.5499878,13083621,ITC.NS
20-10-2025,1673.316528,1688.599976,1696.900024,1682.800049,1684.900024,1647622,SUNPHARMA.NS
20-10-2025,1074.395508,1081,1086.5,1072.199951,1081.5,5700858,BAJFINANCE.NS
17-10-2025,2854.739502,2962.199951,2988.800049,2955.399902,2970,4374683,TCS.NS
17-10-2025,1389.307251,1441.099976,1458.400024,1434,1454.900024,16959378,INFY.NS
17-10-2025,1410.279541,1416.800049,1423.300049,1399.099976,1401,19335561,RELIANCE.NS
17-10-2025,986.2381592,1002.549988,1009,986,993.9500122,25210511,HDFCBANK.NS
17-10-2025,1436.599976,1436.599976,1439.599976,1410.900024,1412,17037215,ICICIBANK.NS
17-10-2025,2012,2012,2034.300049,1970.300049,1973.599976,6743801,BHARTIARTL.NS
17-10-2025,392.9834595,412.1499939,413.8500061,405.25,405.3500061,21071344,ITC.NS
17-10-2025,1663.902588,1679.099976,1692,1656.699951,1658.199951,1594147,SUNPHARMA.NS
17-10-2025,1063.562012,1070.099976,1076.449951,1056.099976,1056.099976,5761670,BAJFINANCE.NS
16-10-2025,2862.931396,2970.699951,2975,2943.100098,2969.899902,3251495,TCS.NS
16-10-2025,1418.614746,1471.5,1474.5,1460.5,1473.900024,8005748,INFY.NS
16-10-2025,1391.864624,1398.300049,1400.5,1375,1375.099976,12315932,RELIANCE.NS
16-10-2025,978.1715698,994.3499756,996.5999756,981.5,982.6500244,22936566,HDFCBANK.NS
16-10-2025,1417.300049,1417.300049,1418.900024,1399.400024,1401,12185032,ICICIBANK.NS
16-10-2025,1967.400024,1967.400024,1986.900024,1962,1962.300049,3700674,BHARTIARTL.NS
16-10-2025,386.30896,405.1499939,406,399.5499878,401,22962049,ITC.NS
16-10-2025,1643.984375,1659,1662.900024,1643.199951,1654,2895957,SUNPHARMA.NS
16-10-2025,1059.238647,1065.75,1081.099976,1058.849976,1062,9901992,BAJFINANCE.NS
15-10-2025,2862.063965,2969.800049,2979.699951,2951,2971,4282226,TCS.NS
15-10-2025,1421.410522,1474.400024,1488.599976,1467.5,1483.900024,6986098,INFY.NS
15-10-2025,1367.975098,1374.300049,1384,1372.699951,1383,10882743,RELIANCE.NS
15-10-2025,962.3335571,978.25,984.9000244,973.3499756,975,23310447,HDFCBANK.NS
15-10-2025,1398.400024,1398.400024,1400.400024,1385.5,1386.5,8988550,ICICIBANK.NS
15-10-2025,1968.5,1968.5,1976,1951.599976,1957.199951,3447352,BHARTIARTL.NS
15-10-2025,381.3031311,399.8999939,400.8500061,397.25,398,16043867,ITC.NS
15-10-2025,1640.119751,1655.099976,1668.699951,1650.099976,1652.5,2088737,SUNPHARMA.NS
15-10-2025,1053.424438,1059.900024,1063,1018.400024,1026,10205158,BAJFINANCE.NS
14-10-2025,2842.307861,2960.300049,3027.199951,2955.5,3021,3611416,TCS.NS
14-10-2025,1436.353516,1489.900024,1514.400024,1486.5,1499,5600789,INFY.NS
14-10-2025,1369.567749,1375.900024,1388,1370.099976,1380,9768174,RELIANCE.NS
14-10-2025,961.2514648,977.1500244,980.4500122,967,970,22934382,HDFCBANK.NS
14-10-2025,1384.099976,1384.099976,1389,1375.099976,1389,10610855,ICICIBANK.NS
14-10-2025,1946.599976,1946.599976,1964,1939.199951,1964,4454239,BHARTIARTL.NS
14-10-2025,378.34729,396.7999878,400.8500061,396.2000122,400,10291102,ITC.NS
14-10-2025,1639.426147,1654.400024,1669.900024,1646.199951,1667.599976,2108287,SUNPHARMA.NS
14-10-2025,1012.92334,1019.150024,1042.099976,1011.349976,1040,7668358,BAJFINANCE.NS
13-10-2025,2887.338379,3007.199951,3035.5,2998.199951,3027,2866865,TCS.NS
13-10-2025,1439.53479,1493.199951,1504.699951,1483.400024,1497,5859355,INFY.NS
13-10-2025,1368.671875,1375,1377.699951,1367.800049,1376.900024,7600682,RELIANCE.NS
13-10-2025,961.1038818,977,981,972,974.2999878,18634254,HDFCBANK.NS
13-10-2025,1379.400024,1379.400024,1386.400024,1373.099976,1373.099976,8923018,ICICIBANK.NS
13-10-2025,1954.900024,1954.900024,1965.900024,1936,1937.900024,3672419,BHARTIARTL.NS
13-10-2025,380.6833496,399.25,400.9500122,398.5499878,400,9508594,ITC.NS
13-10-2025,1653.299316,1668.400024,1675,1655.800049,1662.5,1375179,SUNPHARMA.NS
13-10-2025,1030.415771,1036.75,1040,1021.5,1023.849976,7684523,BAJFINANCE.NS
10-10-2025,2907.597656,3028.300049,3070,3006.899902,3050,8817365,TCS.NS
10-10-2025,1460.454956,1514.900024,1521.699951,1498.800049,1510,3738353,INFY.NS
10-10-2025,1375.340942,1381.699951,1388,1375.099976,1377.800049,6373084,RELIANCE.NS
10-10-2025,964.9404297,980.9000244,986.2000122,978.0999756,979,13757080,HDFCBANK.NS
10-10-2025,1380.300049,1380.300049,1385,1370.300049,1370.300049,7673816,ICICIBANK.NS
10-10-2025,1939.900024,1939.900024,1947.599976,1935.400024,1937,2512581,BHARTIARTL.NS
10-10-2025,384.0682373,402.7999878,403.8500061,399.5,400.4500122,15085738,ITC.NS
10-10-2025,1655.776733,1670.900024,1676.599976,1649,1655,1454056,SUNPHARMA.NS
10-10-2025,1017.594604,1023.849976,1027.5,1017,1018.099976,3714548,BAJFINANCE.NS
09-10-2025,2939.665771,3061.699951,3066,3020,3034,3211304,TCS.NS
09-10-2025,1455.056274,1509.300049,1514,1487,1502,7028753,INFY.NS
09-10-2025,1371.458984,1377.800049,1380,1369.099976,1374,8826633,RELIANCE.NS
09-10-2025,961.2022095,977.0999756,979,970.1500244,974.5,15370950,HDFCBANK.NS
09-10-2025,1376.199951,1376.199951,1378.699951,1365.099976,1369.800049,7909575,ICICIBANK.NS
09-10-2025,1942,1942,1948.800049,1931.300049,1945,3945737,BHARTIARTL.NS
09-10-2025,381.3031311,399.8999939,401.3999939,398.9500122,399,15656267,ITC.NS
09-10-2025,1643.489014,1658.5,1662.300049,1632.400024,1645,2197566,SUNPHARMA.NS
09-10-2025,1017.843079,1024.099976,1029,1014.950012,1023,4444154,BAJFINANCE.NS
08-10-2025,2906.54126,3027.199951,3043,2968,2975,4121889,TCS.NS
08-10-2025,1441.270142,1495,1498,1455,1457,4657192,INFY.NS
08-10-2025,1361.106812,1367.400024,1389,1364.5,1384.800049,8525081,RELIANCE.NS
08-10-2025,962.7762451,978.7000122,985.9000244,974.5499878,976,15939710,HDFCBANK.NS
08-10-2025,1370.300049,1370.300049,1381.599976,1364.300049,1372.300049,8100832,ICICIBANK.NS
08-10-2025,1943.5,1943.5,1962.599976,1927.599976,1929,4957406,BHARTIARTL.NS
08-10-2025,381.1600952,399.75,401.75,398,400,8402463,ITC.NS
08-10-2025,1616.832397,1631.599976,1655,1629,1645,1846507,SUNPHARMA.NS
08-10-2025,1016.898926,1023.150024,1028,1012.049988,1012.049988,4448915,BAJFINANCE.NS
07-10-2025,2855.173584,2973.699951,3004.5,2955.5,2995,3062943,TCS.NS
07-10-2025,1406.081909,1458.5,1482.900024,1454,1477.699951,5570320,INFY.NS
07-10-2025,1378.426758,1384.800049,1395.900024,1375.900024,1376,11244040,RELIANCE.NS
07-10-2025,966.5144043,982.5,989.8499756,971,974,25535736,HDFCBANK.NS
07-10-2025,1375.900024,1375.900024,1383.099976,1363.599976,1363.599976,16126464,ICICIBANK.NS
07-10-2025,1929,1929,1946,1900,1900,5713060,BHARTIARTL.NS
07-10-2025,381.2077942,399.7999878,402.6000061,399.5,402.5,12298968,ITC.NS
07-10-2025,1638.137817,1653.099976,1663,1647,1649.400024,2174852,SUNPHARMA.NS
07-10-2025,1010.339233,1016.549988,1029.5,1008.900024,1008.900024,7991437,BAJFINANCE.NS
06-10-2025,2869.287842,2988.399902,2993.600098,2895.600098,2902,2112774,TCS.NS
06-10-2025,1422.953003,1476,1478.800049,1442.300049,1446.599976,4630590,INFY.NS
06-10-2025,1368.671875,1375,1377.400024,1359,1360,12396580,RELIANCE.NS
06-10-2025,957.6116333,973.4500122,977.4000244,962,971.9000244,18542683,HDFCBANK.NS
06-10-2025,1363.400024,1363.400024,1372.599976,1359.099976,1371,14314283,ICICIBANK.NS
06-10-2025,1903.099976,1903.099976,1907,1887.5,1892.599976,2809218,BHARTIARTL.NS
06-10-2025,382.1135864,400.75,403.8999939,399.7999878,403,13989077,ITC.NS
06-10-2025,1639.723389,1654.699951,1659.699951,1620,1630,1756916,SUNPHARMA.NS
06-10-2025,1002.736023,1008.900024,1023,992.0999756,993,9299635,BAJFINANCE.NS
03-10-2025,2786.235596,2901.899902,2924,2891.100098,2924,2899519,TCS.NS
03-10-2025,1394.609619,1446.599976,1448.300049,1433.199951,1439,6877533,INFY.NS
03-10-2025,1357.125244,1363.400024,1371.599976,1356.900024,1363.199951,12842347,RELIANCE.NS
03-10-2025,949.4467163,965.1500244,966.75,952,952,26658296,HDFCBANK.NS
03-10-2025,1365.199951,1365.199951,1371.900024,1361.300049,1371.900024,12163695,ICICIBANK.NS
03-10-2025,1896.699951,1896.699951,1900.300049,1848.099976,1851.199951,5828332,BHARTIARTL.NS
03-10-2025,385.4985046,404.2999878,405.5,402.2999878,404.8999939,16987141,ITC.NS
03-10-2025,1616.436035,1631.199951,1645.5,1600,1600,4041865,SUNPHARMA.NS
03-10-2025,983.7029419,989.75,992.2000122,972,975,7692197,BAJFINANCE.NS
01-10-2025,2798.045166,2914.199951,2924.800049,2866.600098,2891,1952902,TCS.NS
01-10-2025,1393.838501,1445.800049,1449.5,1427.400024,1446,6250692,INFY.NS
01-10-2025,1362.400757,1368.699951,1378.599976,1362.699951,1367,12045916,RELIANCE.NS
01-10-2025,949.5450439,965.25,969.5999756,946,952.7000122,25350832,HDFCBANK.NS
01-10-2025,1372,1372,1379.400024,1347.099976,1348,20952632,ICICIBANK.NS
01-10-2025,1867.599976,1867.599976,1877,1855.900024,1868,5675393,BHARTIARTL.NS
01-10-2025,386.7380676,405.6000061,406,399.75,402.3500061,17643039,ITC.NS
01-10-2025,1621.390747,1636.199951,1651.5,1611.900024,1611.900024,3109095,SUNPHARMA.NS
01-10-2025,981.6655273,987.7000122,1000,977.75,991.5,6932272,BAJFINANCE.NS
30-09-2025,2773.273438,2888.399902,2915.300049,2885.100098,2911,2253458,TCS.NS
30-09-2025,1389.982178,1441.800049,1452.199951,1438.099976,1443,7556305,INFY.NS
30-09-2025,1357.722412,1364,1377.099976,1362.800049,1377.099976,14604684,RELIANCE.NS
30-09-2025,935.5269165,951,960,946.2999878,958.0499878,28296687,HDFCBANK.NS
30-09-2025,1348,1348,1356.599976,1342.599976,1353.699951,20166871,ICICIBANK.NS
30-09-2025,1878.400024,1878.400024,1907.599976,1875.199951,1896,5945625,BHARTIARTL.NS
30-09-2025,382.8764038,401.5499878,406.75,400.3999939,406.75,9465490,ITC.NS
30-09-2025,1579.870117,1594.300049,1604.300049,1586,1589.099976,2257443,SUNPHARMA.NS
30-09-2025,992.7971191,998.9000244,1002.299988,989.4500122,990,7182200,BAJFINANCE.NS
29-09-2025,2780.666504,2896.100098,2929.300049,2894,2916,3110035,TCS.NS
29-09-2025,1389.982178,1441.800049,1465,1436.5,1460,10513117,INFY.NS
29-09-2025,1366.481934,1372.800049,1389,1368,1381.599976,14231999,RELIANCE.NS
29-09-2025,934.8382568,950.2999878,956.7999878,939.0999756,946.0499878,32398179,HDFCBANK.NS
29-09-2025,1348.099976,1348.099976,1366.5,1346.199951,1359.599976,20563163,ICICIBANK.NS
29-09-2025,1902.199951,1902.199951,1928,1897.5,1928,5072608,BHARTIARTL.NS
29-09-2025,388.3113098,407.25,408,403.2000122,406.8999939,19717660,ITC.NS
29-09-2025,1574.915405,1589.300049,1618.900024,1580,1581,4180922,SUNPHARMA.NS
29-09-2025,984.8956299,990.9500122,997.7999878,981.0999756,990,5804877,BAJFINANCE.NS
26-09-2025,2783.547119,2899.100098,2954.800049,2891.300049,2941,3934636,TCS.NS
26-09-2025,1396.827026,1448.900024,1478.699951,1441.199951,1475,8597058,INFY.NS
26-09-2025,1371.259888,1377.599976,1382.699951,1366,1372,9879109,RELIANCE.NS
26-09-2025,929.6737061,945.0499878,951.4500122,941.2999878,945.0999756,14874656,HDFCBANK.NS
26-09-2025,1359.599976,1359.599976,1372.699951,1357,1368,18342280,ICICIBANK.NS
26-09-2025,1916.599976,1916.599976,1944.699951,1911.900024,1931.099976,3239306,BHARTIARTL.NS
26-09-2025,386.261322,405.1000061,405.8999939,399.7999878,400.1000061,14414044,ITC.NS
26-09-2025,1572.338745,1586.699951,1602.900024,1548,1585,7256759,SUNPHARMA.NS
26-09-2025,979.0813599,985.0999756,1010.5,981.0499878,1008.049988,9109737,BAJFINANCE.NS
25-09-2025,2839.523438,2957.399902,3029.600098,2951,3022,4974361,TCS.NS
25-09-2025,1431.43689,1484.800049,1502.699951,1476.5,1489,9491867,INFY.NS
25-09-2025,1366.083862,1372.400024,1384.5,1369,1381.300049,11411143,RELIANCE.NS
25-09-2025,934.3955688,949.8499756,958,947.4000244,952.5,31413279,HDFCBANK.NS
25-09-2025,1375.800049,1375.800049,1391.5,1371.800049,1377,21613389,ICICIBANK.NS
25-09-2025,1935.599976,1935.599976,1950,1928.800049,1930,7133365,BHARTIARTL.NS
25-09-2025,381.4938354,400.1000061,403,398,401.4500122,22006368,ITC.NS
25-09-2025,1612.67041,1627.400024,1642.800049,1622.699951,1627.900024,2762750,SUNPHARMA.NS
25-09-2025,1006.562439,1012.75,1031.099976,1008,1020,16731453,BAJFINANCE.NS
24-09-2025,2914.414063,3035.399902,3057,3033,3050,1625714,TCS.NS
24-09-2025,1440.884521,1494.599976,1496.699951,1482.699951,1487.199951,4937004,INFY.NS
24-09-2025,1376.63501,1383,1396,1380.400024,1385.300049,5922759,RELIANCE.NS
24-09-2025,935.5761108,951.0499878,956.4500122,943,952.2000122,15117220,HDFCBANK.NS
24-09-2025,1382.699951,1382.699951,1390.900024,1376.5,1386.400024,9735678,ICICIBANK.NS
24-09-2025,1931.099976,1931.099976,1937.300049,1918.800049,1926,5237977,BHARTIARTL.NS
24-09-2025,382.3519897,401,404.6499939,400.7000122,403.2000122,12380865,ITC.NS
24-09-2025,1612.373169,1627.099976,1635.900024,1625,1630,1131058,SUNPHARMA.NS
24-09-2025,1023.458557,1029.75,1036,1020.400024,1021.5,6433184,BAJFINANCE.NS
23-09-2025,2940.338135,3062.399902,3080.699951,3052,3070,3177741,TCS.NS
23-09-2025,1443.680298,1497.5,1513,1493,1493,9832164,INFY.NS
23-09-2025,1383.403809,1389.800049,1395,1376.800049,1391,14014702,RELIANCE.NS
23-09-2025,941.6260376,957.2000122,968.2000122,955.5,967,21022298,HDFCBANK.NS
23-09-2025,1394.300049,1394.300049,1403.300049,1391,1391,12827524,ICICIBANK.NS
23-09-2025,1938.699951,1938.699951,1955,1930.099976,1950,4348633,BHARTIARTL.NS
23-09-2025,384.4496765,403.2000122,408.1000061,402.1000061,407.1000061,14936357,ITC.NS
23-09-2025,1616.436035,1631.199951,1644,1625.099976,1643.199951,1967731,SUNPHARMA.NS
23-09-2025,1019.234558,1025.5,1028.800049,999,999,10230040,BAJFINANCE.NS
22-09-2025,2951.283936,3073.800049,3106.899902,3065,3095,3634901,TCS.NS
22-09-2025,1445.608398,1499.5,1514.699951,1482,1482.699951,15655204,INFY.NS
22-09-2025,1384.199951,1390.599976,1410.699951,1388,1403.900024,7757970,RELIANCE.NS
22-09-2025,948.512146,964.2000122,971.2000122,961.9500122,964,10854415,HDFCBANK.NS
22-09-2025,1401.5,1401.5,1409.900024,1397.199951,1403.900024,8847948,ICICIBANK.NS
22-09-2025,1956.199951,1956.199951,1966,1944,1954,4469137,BHARTIARTL.NS
22-09-2025,388.0252991,406.9500122,411,406.0499878,410.6499939,8930779,ITC.NS
22-09-2025,1629.120239,1644,1657.900024,1635.300049,1650,1785320,SUNPHARMA.NS
22-09-2025,1000.350647,1006.5,1010.900024,989,989.9500122,4250045,BAJFINANCE.NS
19-09-2025,3042.881348,3169.199951,3180.5,3144,3170,4901694,TCS.NS
19-09-2025,1484.845703,1540.199951,1551.300049,1520.099976,1544.599976,12988129,INFY.NS
19-09-2025,1400.922729,1407.400024,1417,1403.599976,1414.900024,13461373,RELIANCE.NS
19-09-2025,951.1682129,966.9000244,976.7000122,962.0999756,974.9000244,31243267,HDFCBANK.NS
19-09-2025,1402.199951,1402.199951,1418,1400.199951,1416.099976,13457344,ICICIBANK.NS
19-09-2025,1962.400024,1962.400024,1976.800049,1927.800049,1930.199951,11287603,BHARTIARTL.NS
19-09-2025,391.5532227,410.6499939,412.6000061,408.9500122,411.5499878,19505321,ITC.NS
19-09-2025,1641.011597,1656,1668.099976,1643.099976,1648.599976,3191406,SUNPHARMA.NS
19-09-2025,986.3864746,992.4500122,996,988.5999756,991,6736440,BAJFINANCE.NS
18-09-2025,3050.08252,3176.699951,3203,3161.399902,3185,2633138,TCS.NS
18-09-2025,1485.231323,1540.599976,1555,1538.5,1550,9331945,INFY.NS
18-09-2025,1408.487671,1415,1422,1410.699951,1420.400024,9332642,RELIANCE.NS
18-09-2025,961.0055542,976.9000244,979.6500244,969.25,973.2999878,17791598,HDFCBANK.NS
18-09-2025,1421.699951,1421.699951,1432.800049,1415.300049,1431.099976,8130537,ICICIBANK.NS
18-09-2025,1941.099976,1941.099976,1949.800049,1920.5,1944.5,5080814,BHARTIARTL.NS
18-09-2025,392.4113464,411.5499878,413.0499878,410.1000061,411.3500061,15647808,ITC.NS
18-09-2025,1633.678467,1648.599976,1651.300049,1627.699951,1635.099976,1832386,SUNPHARMA.NS
18-09-2025,990.4117432,996.5,1009.799988,990,1007,9738376,BAJFINANCE.NS
17-09-2025,3046.337891,3172.800049,3182.399902,3142.399902,3152,2418271,TCS.NS
17-09-2025,1467.685547,1522.400024,1526.699951,1514,1516.900024,4795698,INFY.NS
17-09-2025,1407.293335,1413.800049,1416.199951,1406.900024,1407,7519417,RELIANCE.NS
17-09-2025,950.7747192,966.5,974.4000244,964.3499756,965.1500244,17361476,HDFCBANK.NS
17-09-2025,1419.199951,1419.199951,1426.099976,1416.400024,1420.099976,7484283,ICICIBANK.NS
17-09-2025,1941.300049,1941.300049,1950.099976,1932.599976,1938.099976,4234637,BHARTIARTL.NS
17-09-2025,390.2659912,409.2999878,414.6000061,408.0499878,413.9500122,14113882,ITC.NS
17-09-2025,1605.535645,1620.199951,1622.099976,1607.400024,1612.599976,2128406,SUNPHARMA.NS
17-09-2025,1001.344543,1007.5,1011.799988,1000.349976,1010,6995023,BAJFINANCE.NS
16-09-2025,3020.318115,3145.699951,3150,3109.100098,3128,2573429,TCS.NS
16-09-2025,1456.984497,1511.300049,1514,1503.5,1508.400024,8923112,INFY.NS
16-09-2025,1398.832397,1405.300049,1408,1398.199951,1404.699951,8686961,RELIANCE.NS
16-09-2025,951.1190186,966.8499756,969.3499756,961.2000122,961.2000122,18661794,HDFCBANK.NS
16-09-2025,1421.599976,1421.599976,1424.900024,1413.699951,1414,8213151,ICICIBANK.NS
16-09-2025,1939.5,1939.5,1942,1902.5,1903.300049,5427586,BHARTIARTL.NS
16-09-2025,393.8892822,413.1000061,414.3500061,412,413.2000122,8239087,ITC.NS
16-09-2025,1595.923462,1610.5,1615,1600,1602.5,1480567,SUNPHARMA.NS
16-09-2025,997.1204834,1003.25,1015.299988,1000,1005.849976,7602155,BAJFINANCE.NS
15-09-2025,2987.865234,3111.899902,3134,3096,3134,1732539,TCS.NS
15-09-2025,1454.188599,1508.400024,1527.5,1501.199951,1525.599976,6167414,INFY.NS
15-09-2025,1392.859985,1399.300049,1400.800049,1388.599976,1393,5396697,RELIANCE.NS
15-09-2025,951.3157349,967.0499878,972.3499756,965,969.5999756,14486377,HDFCBANK.NS
15-09-2025,1419.400024,1419.400024,1426.800049,1416.300049,1422,5845637,ICICIBANK.NS
15-09-2025,1904.5,1904.5,1913,1898.400024,1904,3553258,BHARTIARTL.NS
15-09-2025,393.4601746,412.6499939,414.2999878,411.75,413.0499878,5707331,ITC.NS
15-09-2025,1587.500366,1602,1617.099976,1595.400024,1616.599976,2005917,SUNPHARMA.NS
15-09-2025,1003.680115,1009.849976,1025.699951,998.0999756,999,9989753,BAJFINANCE.NS
12-09-2025,3008.508301,3133.399902,3148.699951,3121,3144,1447167,TCS.NS
12-09-2025,1470.770386,1525.599976,1542.900024,1521.099976,1537,12856963,INFY.NS
12-09-2025,1388.579834,1395,1396.300049,1380.5,1383.300049,7403368,RELIANCE.NS
12-09-2025,951.5617065,967.2999878,970.75,962.25,969.9000244,14363519,HDFCBANK.NS
12-09-2025,1417.699951,1417.699951,1419.699951,1400.099976,1405.099976,7770038,ICICIBANK.NS
12-09-2025,1902.599976,1902.599976,1925,1901.599976,1925,3192824,BHARTIARTL.NS
12-09-2025,394.5090637,413.75,417.0499878,412.8500061,415.3500061,7803379,ITC.NS
12-09-2025,1601.96814,1616.599976,1622.5,1603.099976,1610,1878894,SUNPHARMA.NS
12-09-2025,997.1204834,1003.25,1004.599976,970.8499756,972.25,11412561,BAJFINANCE.NS
11-09-2025,2999.675049,3124.199951,3139,3110.100098,3139,2263446,TCS.NS
11-09-2025,1455.441772,1509.699951,1527.5,1506.5,1523.900024,8003662,INFY.NS
11-09-2025,1376.933716,1383.300049,1385.5,1375,1376,9766072,RELIANCE.NS
11-09-2025,952.0535278,967.7999878,969.25,959.9000244,960.2999878,15113633,HDFCBANK.NS
11-09-2025,1401.599976,1401.599976,1408,1396,1398,10192026,ICICIBANK.NS
11-09-2025,1913,1913,1916,1882.099976,1884,4718266,BHARTIARTL.NS
11-09-2025,395.7485962,415.0499878,416.7000122,412.4500122,413.0499878,8274406,ITC.NS
11-09-2025,1595.130615,1609.699951,1617,1591,1592.5,1762484,SUNPHARMA.NS
11-09-2025,964.3220825,970.25,975.9000244,965.5999756,968,5982627,BAJFINANCE.NS
10-09-2025,2986.041016,3110,3122.699951,3053.399902,3056.399902,2079428,TCS.NS
10-09-2025,1477.518799,1532.599976,1534.900024,1509.300049,1510.099976,7281071,INFY.NS
10-09-2025,1370.662598,1377,1388.5,1374.099976,1383.900024,7790815,RELIANCE.NS
10-09-2025,950.1845093,965.9000244,973.9000244,961.7000122,973.9000244,18091100,HDFCBANK.NS
10-09-2025,1403.900024,1403.900024,1413.699951,1402.099976,1410,7452347,ICICIBANK.NS
10-09-2025,1891.400024,1891.400024,1905,1883,1904,3566139,BHARTIARTL.NS
10-09-2025,393.8415833,413.0499878,413.7000122,408.9500122,411,9252397,ITC.NS
10-09-2025,1578.978271,1593.400024,1601.599976,1582.400024,1592.099976,2408379,SUNPHARMA.NS
10-09-2025,962.0361938,967.9500122,969.6500244,947.7000122,951.0499878,6836239,BAJFINANCE.NS
09-09-2025,2927.856201,3049.399902,3060,3030.800049,3032.100098,2489301,TCS.NS
09-09-2025,1450.235962,1504.300049,1507.199951,1472.5,1481,13072640,INFY.NS
09-09-2025,1369.866211,1376.199951,1381.199951,1368.699951,1376.599976,9754452,RELIANCE.NS
09-09-2025,949.4467163,965.1500244,974.4000244,962.7000122,974,13985539,HDFCBANK.NS
09-09-2025,1403.699951,1403.699951,1407.5,1395.199951,1399,6470679,ICICIBANK.NS
09-09-2025,1893.699951,1893.699951,1904,1883,1892,4517793,BHARTIARTL.NS
09-09-2025,390.9811096,410.0499878,410.9500122,407.3999939,408.5,8825896,ITC.NS
09-09-2025,1577.293579,1591.699951,1597,1577.5,1580,1709406,SUNPHARMA.NS
09-09-2025,942.6056519,948.4000244,949.4000244,940,944,5417393,BAJFINANCE.NS
08-09-2025,2898.668213,3019,3064.899902,3016,3050,2626187,TCS.NS
08-09-2025,1381.401978,1432.900024,1458,1428.300049,1451,3811567,INFY.NS
08-09-2025,1372.155762,1378.5,1386,1372.400024,1380,6986720,RELIANCE.NS
08-09-2025,950.2828369,966,973.1500244,960.4500122,969,11711307,HDFCBANK.NS
08-09-2025,1402.699951,1402.699951,1410.599976,1397.599976,1402.199951,5880943,ICICIBANK.NS
08-09-2025,1887.699951,1887.699951,1899,1884.099976,1898,2547552,BHARTIARTL.NS
08-09-2025,388.5973816,407.5499878,410.5499878,406.7999878,407.4500122,7419022,ITC.NS
08-09-2025,1566.69043,1581,1604.5,1578.199951,1597.599976,1369139,SUNPHARMA.NS
08-09-2025,938.5306396,944.2999878,949.6500244,935.6500244,937.5999756,5657331,BAJFINANCE.NS
05-09-2025,2926.800537,3048.300049,3103.399902,3028.600098,3097.100098,2802055,TCS.NS
05-09-2025,1392.681519,1444.599976,1472.699951,1433,1470,5466487,INFY.NS
05-09-2025,1368.671875,1375,1381,1359.300049,1363,5777575,RELIANCE.NS
05-09-2025,947.7251587,963.4000244,967.5,954.0499878,967.5,11602111,HDFCBANK.NS
05-09-2025,1402.800049,1402.800049,1411.5,1387.699951,1411,6621077,ICICIBANK.NS
05-09-2025,1895.300049,1895.300049,1910.699951,1875.699951,1887,2620140,BHARTIARTL.NS
05-09-2025,388.4066772,407.3500061,417,404.3999939,416.8999939,16000675,ITC.NS
05-09-2025,1579.176392,1593.599976,1599.300049,1575.5,1582.400024,1814479,SUNPHARMA.NS
05-09-2025,931.871582,937.5999756,942.3499756,932,942,5467260,BAJFINANCE.NS
04-09-2025,2972.310791,3095.699951,3118,3090.800049,3116,1481391,TCS.NS
04-09-2025,1410.420166,1463,1484,1460.099976,1484,5787724,INFY.NS
04-09-2025,1353.044067,1359.300049,1374,1357.099976,1371.800049,13223177,RELIANCE.NS
04-09-2025,945.6101074,961.25,965.7000122,956.25,960.2000122,17597657,HDFCBANK.NS
04-09-2025,1405.5,1405.5,1415.099976,1401.900024,1409.900024,10564859,ICICIBANK.NS
04-09-2025,1880.400024,1880.400024,1903.5,1876.599976,1899,5205333,BHARTIARTL.NS
04-09-2025,396.5590515,415.8999939,427,415,423.9500122,27274123,ITC.NS
04-09-2025,1567.97876,1582.300049,1597,1561,1597,2298657,SUNPHARMA.NS
04-09-2025,929.0390015,934.75,948,912.25,915,21738706,BAJFINANCE.NS
03-09-2025,2974.039307,3097.5,3141.899902,3088,3129.899902,1799774,TCS.NS
03-09-2025,1425.94165,1479.099976,1501.900024,1473,1500,4623483,INFY.NS
03-09-2025,1366.282837,1372.599976,1376.5,1360.5,1369.699951,7847563,RELIANCE.NS
03-09-2025,938.9207764,954.4500122,956.2999878,940,945,16083481,HDFCBANK.NS
03-09-2025,1397,1397,1400,1384.199951,1389,9813382,ICICIBANK.NS
03-09-2025,1883.900024,1883.900024,1892.099976,1870,1891,3803044,BHARTIARTL.NS
03-09-2025,392.6020813,411.75,413.25,407.2999878,408.5,12936588,ITC.NS
03-09-2025,1564.411255,1578.699951,1581.099976,1558.300049,1562.099976,2091370,SUNPHARMA.NS
03-09-2025,890.8239136,896.2999878,898.8499756,880.0499878,892.7000122,5493809,BAJFINANCE.NS
02-09-2025,2987.481445,3111.5,3155,3103.100098,3121.100098,2185229,TCS.NS
02-09-2025,1444.837158,1498.699951,1512.800049,1486.300049,1499.400024,5218763,INFY.NS
02-09-2025,1360.210938,1366.5,1384.5,1354.5,1354.800049,11517006,RELIANCE.NS
02-09-2025,929.1326904,944.5,954.7999878,944,951,14196320,HDFCBANK.NS
02-09-2025,1394.199951,1394.199951,1413.900024,1390,1413.900024,7163073,ICICIBANK.NS
02-09-2025,1887.199951,1887.199951,1917.5,1878,1904.5,4423049,BHARTIARTL.NS
02-09-2025,387.8345947,406.75,407.8500061,404.4500122,406.5499878,19808255,ITC.NS
02-09-2025,1551.033447,1565.199951,1570.300049,1558,1566,2855840,SUNPHARMA.NS
02-09-2025,884.6617432,890.0999756,899.5499878,886.1500244,895,6103185,BAJFINANCE.NS
01-09-2025,2988.537354,3112.600098,3131.100098,3090,3090,1246862,TCS.NS
01-09-2025,1445.511963,1499.400024,1503.400024,1476.199951,1476.699951,4546057,INFY.NS
01-09-2025,1347.668945,1353.900024,1363.199951,1340.599976,1356,11232238,RELIANCE.NS
01-09-2025,935.1333618,950.5999756,957.4500122,946.3499756,949.5999756,20178344,HDFCBANK.NS
01-09-2025,1411,1411,1412.400024,1398.099976,1398.099976,4927348,ICICIBANK.NS
01-09-2025,1900.599976,1900.599976,1904.800049,1884.199951,1889,3421488,BHARTIARTL.NS
01-09-2025,386.9764404,405.8500061,410.2000122,405,409.75,12268090,ITC.NS
01-09-2025,1549.150635,1563.300049,1600.199951,1556.199951,1599,9366820,SUNPHARMA.NS
01-09-2025,883.9163818,889.3499756,894.7999878,877.8499756,877.8499756,4101526,BAJFINANCE.NS
29-08-2025,2961.749268,3084.699951,3115,3077.199951,3093,2271789,TCS.NS
29-08-2025,1416.782959,1469.599976,1501.900024,1467.699951,1501.900024,8169075,INFY.NS
29-08-2025,1350.953735,1357.199951,1403.5,1350,1381.099976,18758842,RELIANCE.NS
29-08-2025,936.1171265,951.5999756,963.2999878,950.0999756,954,14823813,HDFCBANK.NS
29-08-2025,1397.800049,1397.800049,1405,1392.099976,1392.099976,8519507,ICICIBANK.NS
29-08-2025,1888.800049,1888.800049,1900.099976,1872.5,1872.5,4339042,BHARTIARTL.NS
29-08-2025,390.6950684,409.75,410.4500122,401.8999939,402,25255050,ITC.NS
29-08-2025,1580.068237,1594.5,1601.699951,1575.800049,1581,3176534,SUNPHARMA.NS
29-08-2025,872.4866333,877.8499756,888,870.8499756,870.8499756,5672446,BAJFINANCE.NS
28-08-2025,2970.390625,3093.699951,3146.5,3086.5,3145,3116051,TCS.NS
28-08-2025,1446.18689,1500.099976,1529.599976,1498,1529.599976,5443364,INFY.NS
28-08-2025,1379.521729,1385.900024,1392.199951,1366.5,1389.900024,13161813,RELIANCE.NS
28-08-2025,942.2162476,957.7999878,972.2000122,955,967,25438255,HDFCBANK.NS
28-08-2025,1399.099976,1399.099976,1411.800049,1396.300049,1408,12990789,ICICIBANK.NS
28-08-2025,1881.099976,1881.099976,1899.800049,1878.199951,1893,5494113,BHARTIARTL.NS
28-08-2025,382.2566223,400.8999939,404.5,400,404.5,12471719,ITC.NS
28-08-2025,1571.3479,1585.699951,1600,1567.599976,1593.099976,4993739,SUNPHARMA.NS
28-08-2025,871.4927368,876.8499756,884.5,869.7000122,870.2000122,8349342,BAJFINANCE.NS
26-08-2025,3031.359619,3157.199951,3162,3120,3129,5522097,TCS.NS
26-08-2025,1474.626587,1529.599976,1538.400024,1518.599976,1523,15994798,INFY.NS
26-08-2025,1378.526245,1384.900024,1410,1381.599976,1408,12145259,RELIANCE.NS
26-08-2025,957.5625,973.4000244,985.7000122,968,979.5,16917731,HDFCBANK.NS
26-08-2025,1416.599976,1416.599976,1427.900024,1413.099976,1427.900024,8720155,ICICIBANK.NS
26-08-2025,1904.699951,1904.699951,1925.800049,1896.199951,1922.099976,5984656,BHARTIARTL.NS
26-08-2025,384.5926819,403.3500061,405.3999939,398.3999939,399.2999878,13715752,ITC.NS
26-08-2025,1585.815796,1600.300049,1647.400024,1596.199951,1645,4502371,SUNPHARMA.NS
26-08-2025,870.8964233,876.25,901.9000244,873.5,899.9500122,6712926,BAJFINANCE.NS
25-08-2025,3015.421387,3140.600098,3152,3077.100098,3087.300049,3448370,TCS.NS
25-08-2025,1477.036743,1532.099976,1539,1506.699951,1506.699951,10694531,INFY.NS
25-08-2025,1406.098755,1412.599976,1419.5,1405.699951,1414.699951,5979407,RELIANCE.NS
25-08-2025,966.0717163,982.0499878,988.7000122,978.5,980.0999756,17518044,HDFCBANK.NS
25-08-2025,1433.199951,1433.199951,1435.900024,1424,1435.900024,6738427,ICICIBANK.NS
25-08-2025,1930.699951,1930.699951,1940.099976,1913.199951,1940,2451388,BHARTIARTL.NS
25-08-2025,380.778717,399.3500061,400.5499878,396.25,399,10440286,ITC.NS
25-08-2025,1641.7052,1656.699951,1660.5,1634,1649.199951,1904984,SUNPHARMA.NS
25-08-2025,895.2963867,900.7999878,908,898.1500244,902.0999756,5837876,BAJFINANCE.NS
22-08-2025,2932.272949,3054,3095.699951,3050,3086,1593791,TCS.NS
22-08-2025,1434.039673,1487.5,1504.300049,1486.099976,1498.099976,5543397,INFY.NS
22-08-2025,1402.714355,1409.199951,1423.400024,1407.900024,1420,5818868,RELIANCE.NS
22-08-2025,966.317627,982.2999878,998,978.5499878,994.9500122,19833502,HDFCBANK.NS
22-08-2025,1436.400024,1436.400024,1446,1429.400024,1444.300049,6657207,ICICIBANK.NS
22-08-2025,1933.300049,1933.300049,1947.699951,1917.400024,1934,3271920,BHARTIARTL.NS
22-08-2025,379.7775269,398.2999878,406.5,397.5,406,13087624,ITC.NS
22-08-2025,1626.940186,1641.800049,1651.400024,1635.099976,1642,2098310,SUNPHARMA.NS
22-08-2025,889.0349121,894.5,903.9000244,892,895,6424895,BAJFINANCE.NS
21-08-2025,2978.935791,3102.600098,3130,3083.100098,3130,3230726,TCS.NS
21-08-2025,1442.619873,1496.400024,1508,1484.300049,1508,6565539,INFY.NS
21-08-2025,1418.242676,1424.800049,1431.900024,1420.300049,1425,11021323,RELIANCE.NS
21-08-2025,979.4012451,995.5999756,998.75,991.5999756,998.75,12439850,HDFCBANK.NS
21-08-2025,1446,1446,1447.800049,1436.400024,1440.099976,6238645,ICICIBANK.NS
21-08-2025,1929.900024,1929.900024,1940.900024,1927.699951,1930,3376913,BHARTIARTL.NS
21-08-2025,386.6903687,405.5499878,406.8500061,403.3500061,406.0499878,15028966,ITC.NS
21-08-2025,1625.354492,1640.199951,1652.5,1623.900024,1630.800049,1727099,SUNPHARMA.NS
21-08-2025,890.1281738,895.5999756,901.2999878,884,888,6697533,BAJFINANCE.NS
20-08-2025,2975.095215,3098.600098,3103.399902,3010.899902,3010.899902,4952358,TCS.NS
20-08-2025,1442.427002,1496.199951,1499,1440.699951,1440.699951,10413061,INFY.NS
20-08-2025,1406.496948,1413,1424.900024,1410,1413,8725641,RELIANCE.NS
20-08-2025,977.9256592,994.0999756,996,989.5,993.5,9950228,HDFCBANK.NS
20-08-2025,1430.599976,1430.599976,1435.900024,1423,1432.599976,5817858,ICICIBANK.NS
20-08-2025,1928.400024,1928.400024,1952,1926,1937,6962619,BHARTIARTL.NS
20-08-2025,387.1671143,406.0499878,410.25,405.4500122,409.1000061,18188129,ITC.NS
20-08-2025,1618.318848,1633.099976,1636.5,1616,1634,1831706,SUNPHARMA.NS
20-08-2025,882.3758545,887.7999878,902,886.0499878,900.5499878,5561646,BAJFINANCE.NS
19-08-2025,2895.979736,3016.199951,3025,3011.100098,3011.199951,2650784,TCS.NS
19-08-2025,1388.246826,1440,1449.400024,1432.699951,1432.699951,3986094,INFY.NS
19-08-2025,1413.564209,1420.099976,1421,1389.099976,1390,14384719,RELIANCE.NS
19-08-2025,979.3520508,995.5499878,1003.049988,993.3499756,999.1500244,12352438,HDFCBANK.NS
19-08-2025,1436.300049,1436.300049,1438.5,1426.300049,1431.099976,6709554,ICICIBANK.NS
19-08-2025,1909.699951,1909.699951,1931.800049,1900,1901.099976,5706265,BHARTIARTL.NS
19-08-2025,390.0753174,409.1000061,409.3999939,404.5,406.3500061,16681331,ITC.NS
19-08-2025,1611.877563,1626.599976,1638,1619.099976,1632.800049,2656391,SUNPHARMA.NS
19-08-2025,896.7872314,902.2999878,909.9000244,890.5,905.9500122,5764382,BAJFINANCE.NS
18-08-2025,2891.179199,3011.199951,3049,3003.399902,3046.5,2945609,TCS.NS
18-08-2025,1384.197876,1435.800049,1464.699951,1429.599976,1464.699951,7254561,INFY.NS
18-08-2025,1375.340942,1381.699951,1394.900024,1377,1390,11785109,RELIANCE.NS
18-08-2025,985.5003662,1001.799988,1013.299988,997.7999878,1005,19284796,HDFCBANK.NS
18-08-2025,1434.599976,1434.599976,1452.400024,1431,1450,6908844,ICICIBANK.NS
18-08-2025,1892.300049,1892.300049,1912.599976,1870.300049,1892.5,7146376,BHARTIARTL.NS
18-08-2025,387.4054871,406.2999878,413.7000122,404.8500061,413,30950814,ITC.NS
18-08-2025,1617.922485,1632.699951,1649.599976,1625.400024,1649.599976,3080173,SUNPHARMA.NS
18-08-2025,899.6695557,905.2000122,919.6500244,875,875,16277779,BAJFINANCE.NS
14-08-2025,2901.836426,3022.300049,3055.899902,3019.100098,3034,3342174,TCS.NS
14-08-2025,1395.670044,1447.699951,1470,1426.199951,1426.199951,12902347,INFY.NS
14-08-2025,1367.477417,1373.800049,1380.699951,1370.099976,1377.300049,7126128,RELIANCE.NS
14-08-2025,979.3520508,995.5499878,998,985.5999756,989,17511716,HDFCBANK.NS
14-08-2025,1427.300049,1427.300049,1431.099976,1412,1412,7577793,ICICIBANK.NS
14-08-2025,1873.800049,1873.800049,1883,1866.800049,1873,3958631,BHARTIARTL.NS
14-08-2025,392.3160095,411.4500122,415.0499878,411,414.25,9580361,ITC.NS
14-08-2025,1626.543823,1641.400024,1651.099976,1632.199951,1639.800049,1738094,SUNPHARMA.NS
14-08-2025,856.1868286,861.4500122,866.9000244,855.4500122,860,5379250,BAJFINANCE.NS
13-08-2025,2915.182373,3036.199951,3044.399902,3028.600098,3036.100098,2148166,TCS.NS
13-08-2025,1375.328369,1426.599976,1434,1422.400024,1425,10318063,INFY.NS
13-08-2025,1370.762085,1382.599976,1391.800049,1377.5,1388,7457021,RELIANCE.NS
13-08-2025,974.039917,990.1500244,997,984.5499878,997,13577396,HDFCBANK.NS
13-08-2025,1420.800049,1420.800049,1427.699951,1415.199951,1424.599976,9009465,ICICIBANK.NS
13-08-2025,1867.400024,1867.400024,1872.5,1851.800049,1853,6697206,BHARTIARTL.NS
13-08-2025,394.8427734,414.1000061,417.5,413.6000061,417.2000122,10874910,ITC.NS
13-08-2025,1624.958374,1639.800049,1643.5,1617.300049,1624.199951,1313668,SUNPHARMA.NS
13-08-2025,854.7456665,860,864,849,854.5499878,10117225,BAJFINANCE.NS
12-08-2025,2914.414063,3035.399902,3096.399902,3026.899902,3041,3358232,TCS.NS
12-08-2025,1372.918213,1424.099976,1441,1421,1428.199951,9899184,INFY.NS
12-08-2025,1368.581055,1380.400024,1401.900024,1375.199951,1381.900024,12244664,RELIANCE.NS
12-08-2025,968.9245605,984.9500122,998,983.75,995.9500122,12937802,HDFCBANK.NS
12-08-2025,1422,1422,1433.800049,1420.099976,1431,5913947,ICICIBANK.NS
12-08-2025,1850.300049,1850.300049,1865,1847.099976,1857.400024,4645011,BHARTIARTL.NS
12-08-2025,396.9881592,416.3500061,419.7999878,415.2999878,417,13635738,ITC.NS
12-08-2025,1607.517456,1622.199951,1636.699951,1610.099976,1611.699951,1679088,SUNPHARMA.NS
12-08-2025,847.7884521,853,884.9000244,851.5,877.2000122,8257312,BAJFINANCE.NS
11-08-2025,2919.599121,3040.800049,3049.899902,3021.300049,3036.399902,1884215,TCS.NS
11-08-2025,1376.870972,1428.199951,1433.400024,1414,1419.900024,6625368,INFY.NS
11-08-2025,1374.331299,1386.199951,1388,1361.199951,1370,9997486,RELIANCE.NS
11-08-2025,981.5654297,997.7999878,998.7999878,986.5499878,987.9500122,9105854,HDFCBANK.NS
11-08-2025,1425.599976,1436.599976,1438.400024,1420.400024,1427.900024,8492484,ICICIBANK.NS
11-08-2025,1857.400024,1857.400024,1866,1845.699951,1863,5266532,BHARTIARTL.NS
11-08-2025,397.4649048,416.8500061,417,414,414.5,8514272,ITC.NS
11-08-2025,1593.842529,1608.400024,1660,1584.199951,1586.900024,1140902,SUNPHARMA.NS
11-08-2025,872.4369507,877.7999878,888.2999878,872.75,877.1500244,5367926,BAJFINANCE.NS
08-08-2025,2915.374512,3036.399902,3059.800049,3025,3048.100098,2762140,TCS.NS
08-08-2025,1371.954224,1423.099976,1433.199951,1417.099976,1425,10048009,INFY.NS
08-08-2025,1356.088867,1367.800049,1397.199951,1365,1385,8793606,RELIANCE.NS
08-08-2025,970.8920288,986.9500122,996.4000244,985,993.5499878,13895264,HDFCBANK.NS
08-08-2025,1424.905396,1435.900024,1447.599976,1432,1445.900024,5415511,ICICIBANK.NS
08-08-2025,1858.599976,1858.599976,1893.800049,1856,1886.300049,93801105,BHARTIARTL.NS
08-08-2025,395.2241821,414.5,415.3500061,412.9500122,413.8999939,9814361,ITC.NS
08-08-2025,1572.536987,1586.900024,1602,1580.900024,1590,1654424,SUNPHARMA.NS
08-08-2025,871.7909546,877.1500244,888.2999878,876,877,3736916,BAJFINANCE.NS
07-08-2025,2925.552002,3047,3051.600098,3010.899902,3016,2543076,TCS.NS
07-08-2025,1385.258301,1436.900024,1442,1414.199951,1430,9892020,INFY.NS
07-08-2025,1377.504028,1389.400024,1393.699951,1366,1387.699951,9976705,RELIANCE.NS
07-08-2025,981.4671021,997.7000122,1000.799988,988.4000244,990.0499878,13081186,HDFCBANK.NS
07-08-2025,1429.271729,1440.300049,1447.900024,1429.099976,1441.099976,7432535,ICICIBANK.NS
07-08-2025,1922.599976,1922.599976,1933.300049,1909.099976,1928.099976,4268534,BHARTIARTL.NS
07-08-2025,394.3660278,413.6000061,414.75,411.6499939,412,11514878,ITC.NS
07-08-2025,1583.932861,1598.400024,1605.400024,1571,1581,3435674,SUNPHARMA.NS
07-08-2025,873.7290039,879.0999756,882,867.25,871,5998002,BAJFINANCE.NS
06-08-2025,2911.437988,3032.300049,3066.800049,3026,3063,1487081,TCS.NS
06-08-2025,1385.06543,1436.699951,1456.099976,1430.300049,1452,10566934,INFY.NS
06-08-2025,1380.874756,1392.800049,1395.900024,1383.300049,1391.900024,5834312,RELIANCE.NS
06-08-2025,976.4992676,992.6500244,994,985,985.5499878,14080204,HDFCBANK.NS
06-08-2025,1432.546387,1443.599976,1454,1441.599976,1442.300049,7805252,ICICIBANK.NS
06-08-2025,1929.699951,1929.699951,1964.800049,1921.599976,1930,5461349,BHARTIARTL.NS
06-08-2025,392.8404236,412,415,410.5,414.1499939,9080543,ITC.NS
06-08-2025,1580.761963,1595.199951,1629.699951,1591,1629.699951,2376257,SUNPHARMA.NS
06-08-2025,871.2940063,876.6500244,895.5,874.5999756,888,4212648,BAJFINANCE.NS
05-08-2025,2941.77832,3063.899902,3077.5,3042,3074.399902,1927996,TCS.NS
05-08-2025,1407.817383,1460.300049,1478.699951,1455,1478.699951,10213323,INFY.NS
05-08-2025,1379.78418,1391.699951,1411,1388.099976,1411,9315972,RELIANCE.NS
05-08-2025,972.711853,988.7999878,997.2000122,982.75,993.25,23978058,HDFCBANK.NS
05-08-2025,1433.34021,1444.400024,1461.5,1441,1453,14799343,ICICIBANK.NS
05-08-2025,1931.800049,1931.800049,1937.599976,1912.099976,1920,5167672,BHARTIARTL.NS
05-08-2025,394.8904419,414.1499939,417.9500122,413,417.2000122,8495104,ITC.NS
05-08-2025,1617.327881,1632.099976,1644.599976,1620.099976,1640.900024,1622897,SUNPHARMA.NS
05-08-2025,886.4508057,891.9000244,893.5999756,882.4000244,889,4446791,BAJFINANCE.NS
04-08-2025,2951.859863,3074.399902,3079.399902,2991.600098,3009.100098,2519252,TCS.NS
04-08-2025,1427.29126,1480.5,1482.800049,1451,1461.5,8610216,INFY.NS
04-08-2025,1399.414673,1411.5,1416.099976,1391.699951,1395.099976,6312820,RELIANCE.NS
04-08-2025,979.7947388,996,1009.25,994.0499878,1005.049988,13933946,HDFCBANK.NS
04-08-2025,1451.996216,1463.199951,1478.800049,1461.300049,1476.800049,6140054,ICICIBANK.NS
04-08-2025,1914.599976,1914.599976,1919.900024,1878.5,1892,3074380,BHARTIARTL.NS
04-08-2025,397.4649048,416.8500061,422.5,415.1000061,420.2000122,18352458,ITC.NS
04-08-2025,1626.741821,1641.599976,1647.400024,1613.599976,1629.800049,1898762,SUNPHARMA.NS
04-08-2025,879.8911133,885.2999878,886.75,873.7000122,874,3969985,BAJFINANCE.NS
01-08-2025,2883.305908,3003,3036.800049,3000,3029.899902,2053847,TCS.NS
01-08-2025,1416.782959,1469.599976,1498.699951,1465.5,1493.900024,8702978,INFY.NS
01-08-2025,1381.76709,1393.699951,1405.900024,1384.300049,1386.900024,10321171,RELIANCE.NS
01-08-2025,989.7304077,1006.099976,1014.150024,1004.650024,1007,11317258,HDFCBANK.NS
01-08-2025,1460.331909,1471.599976,1485.099976,1469.800049,1480.400024,4416771,ICICIBANK.NS
01-08-2025,1884.400024,1884.400024,1919.699951,1878,1914,5192594,BHARTIARTL.NS
01-08-2025,397.0834961,416.4500122,419.3500061,411.7999878,412.3999939,14324065,ITC.NS
01-08-2025,1614.949707,1629.699951,1695,1608,1690,8774548,SUNPHARMA.NS
01-08-2025,870.2503662,875.5999756,895.8499756,873,884.7999878,5300299,BAJFINANCE.NS
31-07-2025,2915.758545,3036.800049,3059.800049,3015,3041.699951,2968371,TCS.NS
31-07-2025,1454.76709,1509,1527.099976,1497,1509.699951,6851407,INFY.NS
31-07-2025,1378.296997,1390.199951,1402.599976,1382.199951,1388.099976,17065827,RELIANCE.NS
31-07-2025,992.6815796,1009.099976,1015.700012,1004,1007.299988,22183032,HDFCBANK.NS
31-07-2025,1470.057007,1481.400024,1494.5,1464,1469.900024,12406146,ICICIBANK.NS
31-07-2025,1914.300049,1914.300049,1926.5,1895.599976,1913,4674966,BHARTIARTL.NS
31-07-2025,392.7927856,411.9500122,414,405.5499878,405.9500122,19364174,ITC.NS
31-07-2025,1691.252686,1706.699951,1748,1694,1715.5,3233087,SUNPHARMA.NS
31-07-2025,875.8161621,881.2000122,887.8499756,868,872,6999179,BAJFINANCE.NS
30-07-2025,2931.888916,3053.600098,3069,3047.199951,3060,2880121,TCS.NS
30-07-2025,1464.407715,1519,1521.699951,1506,1519.900024,5719051,INFY.NS
30-07-2025,1398.026611,1410.099976,1423.300049,1401.300049,1418.099976,7209849,RELIANCE.NS
30-07-2025,996.4197998,1012.900024,1016.299988,1008.5,1014,15154036,HDFCBANK.NS
30-07-2025,1471.049316,1482.400024,1488.5,1477.300049,1487.699951,7238625,ICICIBANK.NS
30-07-2025,1932.599976,1932.599976,1939.199951,1922.099976,1934,5044683,BHARTIARTL.NS
30-07-2025,388.64505,407.6000061,409.2999878,405.75,409,10915863,ITC.NS
30-07-2025,1718.107544,1733.800049,1740.5,1712.099976,1720,2318723,SUNPHARMA.NS
30-07-2025,879.4438477,884.8499756,892.5999756,875,890.9500122,5054496,BAJFINANCE.NS
29-07-2025,2934.193359,3056,3074,3041.199951,3060,4785312,TCS.NS
29-07-2025,1459.297974,1513.699951,1517.199951,1496.099976,1512.900024,7070448,INFY.NS
29-07-2025,1404.966675,1417.099976,1420.199951,1383,1383,10750072,RELIANCE.NS
29-07-2025,994.3539429,1010.799988,1013.25,998.1500244,999.9500122,19895696,HDFCBANK.NS
29-07-2025,1474.82019,1486.199951,1489.800049,1475.400024,1479.900024,9776027,ICICIBANK.NS
29-07-2025,1918.300049,1918.300049,1923.599976,1880,1880,3748040,BHARTIARTL.NS
29-07-2025,389.4555054,408.4500122,411.3999939,408,410,6811772,ITC.NS
29-07-2025,1695.018311,1710.5,1718,1697.099976,1698,1325544,SUNPHARMA.NS
29-07-2025,881.1334839,886.5499878,894,873.5,875.0499878,11323854,BAJFINANCE.NS
28-07-2025,2956.564697,3079.300049,3118,3069.899902,3110,3374473,TCS.NS
28-07-2025,1461.515381,1516,1519.300049,1482.5,1513.900024,6439855,INFY.NS
28-07-2025,1375.719238,1387.599976,1407.800049,1385,1392.300049,7748361,RELIANCE.NS
28-07-2025,987.9105225,1004.25,1010.700012,1000.25,1001.5,12059580,HDFCBANK.NS
28-07-2025,1477.003418,1488.400024,1493.800049,1477.099976,1477.099976,7507479,ICICIBANK.NS
28-07-2025,1890.300049,1890.300049,1930,1885,1930,3575044,BHARTIARTL.NS
28-07-2025,390.8380737,409.8999939,410.8500061,408.6000061,410.7999878,8123337,ITC.NS
28-07-2025,1686.793335,1702.199951,1710.099976,1693.900024,1702.099976,2168507,SUNPHARMA.NS
28-07-2025,875.1204224,880.5,913.75,879,909.25,14011284,BAJFINANCE.NS
25-07-2025,3010.8125,3135.800049,3156.899902,3125.600098,3140,2568917,TCS.NS
25-07-2025,1461.226196,1515.699951,1549.5,1511.300049,1543.400024,10851259,INFY.NS
25-07-2025,1379.78418,1391.699951,1401,1384.099976,1398.900024,11854722,RELIANCE.NS
25-07-2025,985.9922485,1002.299988,1007.5,999.5,1007.5,9306598,HDFCBANK.NS
25-07-2025,1465.789795,1477.099976,1500,1473.599976,1500,8696077,ICICIBANK.NS
25-07-2025,1937.900024,1937.900024,1952.699951,1925,1936.099976,3896884,BHARTIARTL.NS
25-07-2025,390.3613281,409.3999939,410.25,407.75,410,5824089,ITC.NS
25-07-2025,1683.622437,1699,1702,1682.199951,1690,1088592,SUNPHARMA.NS
25-07-2025,908.1672974,913.75,924.9000244,898,906.4000244,24415481,BAJFINANCE.NS
24-07-2025,3022.526367,3148,3173.699951,3140,3165.100098,2934778,TCS.NS
24-07-2025,1496.703613,1552.5,1582,1548.199951,1580,14169664,INFY.NS
24-07-2025,1390.888428,1402.900024,1423,1396,1419.199951,14740507,RELIANCE.NS
24-07-2025,988.2548218,1007.099976,1018.849976,1004.200012,1018.849976,19107176,HDFCBANK.NS
24-07-2025,1472.041626,1483.400024,1488.699951,1478.099976,1487.699951,6700578,ICICIBANK.NS
24-07-2025,1936.099976,1936.099976,1970.400024,1933.699951,1943.800049,4150685,BHARTIARTL.NS
24-07-2025,390.8857727,409.9500122,415.8500061,409.4500122,415.8500061,9005157,ITC.NS
24-07-2025,1676.685791,1692,1696,1680.099976,1682.5,1079045,SUNPHARMA.NS
24-07-2025,953.0911865,958.9500122,970,954,970,5189112,BAJFINANCE.NS
23-07-2025,3052.386719,3179.100098,3182,3157.600098,3159.600098,1922875,TCS.NS
23-07-2025,1517.912964,1574.5,1591.900024,1550,1576.300049,8035026,INFY.NS
23-07-2025,1412.402588,1424.599976,1426,1414.400024,1426,8354596,RELIANCE.NS
23-07-2025,993.2103882,1012.150024,1014.900024,1001.5,1005.5,13634916,HDFCBANK.NS
23-07-2025,1477.201782,1488.599976,1490,1472.599976,1482.900024,11974174,ICICIBANK.NS
23-07-2025,1943.800049,1943.800049,1949,1907.300049,1920,5194282,BHARTIARTL.NS
23-07-2025,395.6532593,414.9500122,417.8999939,414,417.1000061,12196187,ITC.NS
23-07-2025,1667.271729,1682.5,1689.599976,1671.400024,1678.5,1229173,SUNPHARMA.NS
23-07-2025,962.3840332,968.2999878,970.9500122,953.6500244,954,9694991,BAJFINANCE.NS
22-07-2025,3033.664063,3159.600098,3180.100098,3154.600098,3159.600098,3198036,TCS.NS
22-07-2025,1514.442383,1570.900024,1585.800049,1565,1565,8473741,INFY.NS
22-07-2025,1400.703613,1412.800049,1431.900024,1410.699951,1427.400024,20396320,RELIANCE.NS
22-07-2025,984.7712402,1003.549988,1009,1001.5,1006.549988,14836814,HDFCBANK.NS
22-07-2025,1462.31665,1473.599976,1482,1469.699951,1474.099976,8930165,ICICIBANK.NS
22-07-2025,1906.800049,1906.800049,1911.300049,1883,1909.199951,4513541,BHARTIARTL.NS
22-07-2025,396.6544189,416,420.3999939,415.2000122,420.1000061,9869507,ITC.NS
22-07-2025,1662.8125,1678,1693.099976,1672.800049,1686.099976,1244491,SUNPHARMA.NS
22-07-2025,946.7302246,952.5499878,962,940,955,6237382,BAJFINANCE.NS
21-07-2025,3032.319824,3158.199951,3197.600098,3152,3190,3844346,TCS.NS
21-07-2025,1527.36084,1584.300049,1589,1566.800049,1580,3682661,INFY.NS
21-07-2025,1416.368286,1428.599976,1476,1423.099976,1465,22442744,RELIANCE.NS
21-07-2025,981.53302,1000.25,1001,988.25,989.0999756,22309078,HDFCBANK.NS
21-07-2025,1454.576416,1465.800049,1467.699951,1437,1448,13867136,ICICIBANK.NS
21-07-2025,1909.199951,1909.199951,1919.900024,1892.599976,1894.800049,5109654,BHARTIARTL.NS
21-07-2025,400.5637512,420.1000061,422.75,418.3999939,422,4822343,ITC.NS
21-07-2025,1676.983154,1692.300049,1701.400024,1677.5,1681.099976,2390289,SUNPHARMA.NS
21-07-2025,942.6553345,948.4500122,951,937.3499756,938.9000244,4660232,BAJFINANCE.NS
18-07-2025,3062.756348,3189.899902,3228.800049,3187,3225,3432645,TCS.NS
18-07-2025,1529.096069,1586.099976,1599.300049,1580,1592.099976,5161833,INFY.NS
18-07-2025,1463.362549,1476,1484.800049,1469.099976,1484.800049,10296318,RELIANCE.NS
18-07-2025,960.3862305,978.7000122,998.5,976.5,993.4500122,16129446,HDFCBANK.NS
18-07-2025,1414.88269,1425.800049,1429,1408.5,1415.800049,11297246,ICICIBANK.NS
18-07-2025,1901,1901,1916,1891.800049,1915.099976,4643961,BHARTIARTL.NS
18-07-2025,403.0905151,422.75,425.2000122,420.1000061,425.2000122,6730256,ITC.NS
18-07-2025,1678.27124,1693.599976,1709.400024,1686.699951,1709,1253929,SUNPHARMA.NS
18-07-2025,936.2446899,942,944.9000244,920,920.5,7893820,BAJFINANCE.NS
17-07-2025,3081.286865,3209.199951,3242,3204.100098,3224.100098,2947640,TCS.NS
17-07-2025,1526.589478,1583.5,1610,1580.099976,1598,7374814,INFY.NS
17-07-2025,1463.759155,1476.400024,1489.599976,1473.900024,1487.400024,11854613,RELIANCE.NS
17-07-2025,974.8602295,993.4500122,1002.400024,991.3499756,1002,22529158,HDFCBANK.NS
17-07-2025,1407.837036,1418.699951,1423.199951,1409.5,1421,12927394,ICICIBANK.NS
17-07-2025,1913.900024,1929.900024,1944.900024,1927.599976,1943.699951,6256455,BHARTIARTL.NS
17-07-2025,404.2347107,423.9500122,425.8999939,423,425.7999878,7240795,ITC.NS
17-07-2025,1687.982666,1703.400024,1717,1696,1704,1461039,SUNPHARMA.NS
17-07-2025,917.6589355,923.2999878,926.25,916,925.9500122,4583882,BAJFINANCE.NS
16-07-2025,3104.234619,3233.100098,3244.899902,3220.600098,3227,2540733,TCS.NS
16-07-2025,1550.112549,1607.900024,1612,1578.5,1579,6223491,INFY.NS
16-07-2025,1472.880249,1485.599976,1491,1471.5,1473,10409983,RELIANCE.NS
16-07-2025,979.47229,998.1500244,1011.349976,996.2999878,1009,17994612,HDFCBANK.NS
16-07-2025,1415.478149,1426.400024,1429.199951,1419.099976,1426,5649093,ICICIBANK.NS
16-07-2025,1920.544434,1936.599976,1944,1928.800049,1944,4211258,BHARTIARTL.NS
16-07-2025,404.8544617,424.6000061,425.4500122,420.2999878,422.1000061,9780773,ITC.NS
16-07-2025,1685.60437,1701,1731.300049,1698,1730,2285143,SUNPHARMA.NS
16-07-2025,916.1184082,921.75,927,919.4000244,924,3952491,BAJFINANCE.NS
15-07-2025,3112.107666,3252.300049,3259.399902,3206,3206,2590889,TCS.NS
15-07-2025,1528.614014,1585.599976,1603.599976,1564,1565.099976,7614807,INFY.NS
15-07-2025,1472.682007,1485.400024,1496.5,1482.400024,1486.199951,8132454,RELIANCE.NS
15-07-2025,979.079834,997.75,1001.799988,986.5,986.5,14498168,HDFCBANK.NS
15-07-2025,1419.844482,1430.800049,1433.800049,1419,1421.099976,6041457,ICICIBANK.NS
15-07-2025,1918.164307,1934.199951,1943,1923.199951,1924.800049,4163140,BHARTIARTL.NS
15-07-2025,402.4707336,422.1000061,422.3999939,419,420.8999939,8532755,ITC.NS
15-07-2025,1711.864502,1727.5,1730.900024,1687.900024,1705,3332578,SUNPHARMA.NS
15-07-2025,922.7278442,928.4000244,930.5999756,918,919,3892075,BAJFINANCE.NS
14-07-2025,3083.783691,3222.699951,3272,3200,3266,3924009,TCS.NS
14-07-2025,1513.863892,1570.300049,1591.800049,1559.800049,1591.800049,9173426,INFY.NS
14-07-2025,1470.99646,1483.699951,1500,1479.099976,1492.199951,10311846,RELIANCE.NS
14-07-2025,972.9467773,991.5,994.3499756,985.2999878,991.5,13088850,HDFCBANK.NS
14-07-2025,1412.104126,1423,1424.900024,1416.099976,1424.900024,5846154,ICICIBANK.NS
14-07-2025,1904.974609,1920.900024,1927.5,1900.199951,1915,5269381,BHARTIARTL.NS
14-07-2025,399.8962708,419.3999939,419.9500122,416.5499878,417.0499878,6896989,ITC.NS
14-07-2025,1667.37085,1682.599976,1696.900024,1675.5,1680.400024,1309704,SUNPHARMA.NS
14-07-2025,913.236145,918.8499756,932,911.2999878,932,6657978,BAJFINANCE.NS
11-07-2025,3125.217285,3266,3335,3261.100098,3299.899902,7635550,TCS.NS
11-07-2025,1537.579834,1594.900024,1607.099976,1563,1579.099976,11391755,INFY.NS
11-07-2025,1482.398071,1495.199951,1515,1490.300049,1512,7234991,RELIANCE.NS
11-07-2025,973.2902222,991.8499756,1002.400024,990.4500122,999,12516922,HDFCBANK.NS
11-07-2025,1411.012573,1421.900024,1428,1414.599976,1422,7158015,ICICIBANK.NS
11-07-2025,1905.966309,1921.900024,1959.099976,1914.199951,1942,13103980,BHARTIARTL.NS
11-07-2025,397.4172058,416.7999878,418.0499878,415.5,417,8578844,ITC.NS
11-07-2025,1656.866821,1672,1679.900024,1662.199951,1665.800049,1298302,SUNPHARMA.NS
11-07-2025,927.7966309,933.5,947.1500244,931.5499878,938.7000122,4278038,BAJFINANCE.NS
10-07-2025,3236.217041,3382,3399,3356,3380,3035012,TCS.NS
10-07-2025,1557.728638,1615.800049,1638.900024,1607.099976,1638.900024,5330179,INFY.NS
10-07-2025,1504.209595,1517.199951,1524.699951,1507.5,1519.699951,10047129,RELIANCE.NS
10-07-2025,984.3296509,1003.099976,1008.5,1000,1008,17030310,HDFCBANK.NS
10-07-2025,1413.195679,1424.099976,1439,1422.099976,1436.800049,7795964,ICICIBANK.NS
10-07-2025,1948.213135,1964.5,2028.599976,1962.300049,2028.599976,5695845,BHARTIARTL.NS
10-07-2025,397.4649048,416.8500061,420.2999878,416.3999939,420.2999878,6220360,ITC.NS
10-07-2025,1647.452759,1662.5,1670.599976,1647.199951,1662,1741718,SUNPHARMA.NS
10-07-2025,941.8602295,947.6500244,951.7000122,942.25,943,5409906,BAJFINANCE.NS
09-07-2025,3237.939453,3383.800049,3414,3367,3410,2034938,TCS.NS
09-07-2025,1574.985229,1633.699951,1638,1623.599976,1637.800049,4580828,INFY.NS
09-07-2025,1505.994263,1519,1551,1510.099976,1536.699951,8870660,RELIANCE.NS
09-07-2025,986.7828369,1005.599976,1006.900024,999.0499878,1003.5,13861428,HDFCBANK.NS
09-07-2025,1420.936035,1431.900024,1438.699951,1426.599976,1436.199951,8827347,ICICIBANK.NS
09-07-2025,2002.955444,2019.699951,2040.699951,1998.5,2035,2937734,BHARTIARTL.NS
09-07-2025,399.9440002,419.4500122,420.2999878,415.4500122,416.2000122,9930533,ITC.NS
09-07-2025,1654.290405,1669.400024,1680.800049,1647,1660,2178705,SUNPHARMA.NS
09-07-2025,934.8532104,940.5999756,946,924,926.5,5341529,BAJFINANCE.NS
08-07-2025,3259.373535,3406.199951,3425,3393.399902,3405,2325242,TCS.NS
08-07-2025,1579.805664,1638.699951,1646.199951,1621.5,1628,4590681,INFY.NS
08-07-2025,1524.434937,1537.599976,1544.900024,1530.199951,1536,7171261,RELIANCE.NS
08-07-2025,981.9746094,1000.700012,1002.5,988.5,988.5,15224316,HDFCBANK.NS
08-07-2025,1430.958618,1442,1445,1430,1432,5315847,ICICIBANK.NS
08-07-2025,2013.170044,2030,2035,2014.800049,2026,3624619,BHARTIARTL.NS
08-07-2025,397.7986145,417.2000122,418.1000061,414.6499939,416.1499939,6807192,ITC.NS
08-07-2025,1657.362305,1672.5,1682,1649.099976,1680,1860328,SUNPHARMA.NS
08-07-2025,921.9824219,927.6500244,929.5,918.7999878,918.7999878,3851432,BAJFINANCE.NS
07-07-2025,3264.636719,3411.699951,3426.100098,3408.399902,3418.300049,1639174,TCS.NS
07-07-2025,1568.526123,1627,1644,1623,1640,3294523,INFY.NS
07-07-2025,1528.301636,1541.5,1544.800049,1525,1526.599976,7251074,RELIANCE.NS
07-07-2025,975.1055908,993.7000122,999.2000122,991.9000244,994.5,11349426,HDFCBANK.NS
07-07-2025,1424.706787,1435.699951,1440.900024,1429.599976,1437,5177477,ICICIBANK.NS
07-07-2025,2017.037842,2033.900024,2036,2010.599976,2018,4165432,BHARTIARTL.NS
07-07-2025,396.7974243,416.1499939,417.2000122,412,413,6845218,ITC.NS
07-07-2025,1664.695313,1679.900024,1682.400024,1663,1674.699951,1550620,SUNPHARMA.NS
07-07-2025,919.0007324,924.6500244,929.2999878,918.0999756,925,3383973,BAJFINANCE.NS
04-07-2025,3272.387207,3419.800049,3427,3390.100098,3408,1109320,TCS.NS
04-07-2025,1581.733765,1640.699951,1643.400024,1612.300049,1625,4411273,INFY.NS
04-07-2025,1514.223389,1527.300049,1530,1517.199951,1524,6603501,RELIANCE.NS
04-07-2025,976.0378418,994.6500244,1001.75,990,993.5499878,7863944,HDFCBANK.NS
04-07-2025,1431.752563,1442.800049,1444.400024,1421.099976,1427,5066503,ICICIBANK.NS
04-07-2025,2000.476196,2017.199951,2036.5,2005.099976,2027,2178315,BHARTIARTL.NS
04-07-2025,393.3648376,412.5499878,415,411.75,414.8999939,8256733,ITC.NS
04-07-2025,1655.677612,1676.300049,1686.699951,1671.599976,1686.699951,1264399,SUNPHARMA.NS
04-07-2025,919.6467285,925.2999878,940.7000122,919,922,10613046,BAJFINANCE.NS
03-07-2025,3254.206055,3400.800049,3435.300049,3397.600098,3430,2531870,TCS.NS
03-07-2025,1560.524414,1618.699951,1632.400024,1615,1618.5,5259695,INFY.NS
03-07-2025,1504.804688,1517.800049,1531.900024,1513,1520.800049,11283291,RELIANCE.NS
03-07-2025,974.958374,993.5499878,1004,992.1500244,997.4500122,16860506,HDFCBANK.NS
03-07-2025,1414.981934,1425.900024,1446.099976,1423.699951,1432.099976,10177738,ICICIBANK.NS
03-07-2025,2002.558838,2019.300049,2044.900024,2012.900024,2041.800049,5558647,BHARTIARTL.NS
03-07-2025,394.127655,413.3500061,416,411.25,414,14185298,ITC.NS
03-07-2025,1659.035767,1679.699951,1692.800049,1674.5,1677.5,1553777,SUNPHARMA.NS
03-07-2025,904.5892944,910.1500244,924.5,905.2000122,922,7606558,BAJFINANCE.NS
02-07-2025,3275.736572,3423.300049,3489.899902,3420,3487.199951,3090585,TCS.NS
02-07-2025,1552.619141,1610.5,1649,1603.400024,1618,8653641,INFY.NS
02-07-2025,1505.796021,1518.800049,1530,1508.699951,1528.400024,6361002,RELIANCE.NS
02-07-2025,974.4187012,993,1009.950012,988.9500122,1009.950012,18878250,HDFCBANK.NS
02-07-2025,1416.867432,1427.800049,1451,1422.599976,1432.199951,13372280,ICICIBANK.NS
02-07-2025,2016.442749,2033.300049,2045.800049,2018.300049,2037,6513288,BHARTIARTL.NS
02-07-2025,393.7462769,412.9500122,416.8999939,411.7000122,416.8999939,15990899,ITC.NS
02-07-2025,1656.862793,1677.5,1682,1656,1656,1611046,SUNPHARMA.NS
02-07-2025,917.3607788,923,939.8499756,914,933,9394493,BAJFINANCE.NS
01-07-2025,3281.860596,3429.699951,3485,3413.5,3455,2375183,TCS.NS
01-07-2025,1549.052124,1606.800049,1617.699951,1600.5,1609,4178937,INFY.NS
01-07-2025,1515.313843,1528.400024,1531.400024,1500.099976,1500.599976,10368523,RELIANCE.NS
01-07-2025,987.2244873,1006.049988,1008,1002,1002.5,14389386,HDFCBANK.NS
01-07-2025,1421.035156,1432,1447.599976,1429.599976,1445.699951,7761449,ICICIBANK.NS
01-07-2025,2002.657959,2019.400024,2030.800049,2006.900024,2009,3769165,BHARTIARTL.NS
01-07-2025,395.7962646,415.1000061,418.8500061,414.8999939,417,13670465,ITC.NS
01-07-2025,1646.689575,1667.199951,1684.300049,1657.5,1675.699951,3298070,SUNPHARMA.NS
01-07-2025,930.9274292,936.6500244,941.7999878,928,932.5,5381327,BAJFINANCE.NS
30-06-2025,3312.768555,3462,3464.899902,3430,3439.899902,1468351,TCS.NS
30-06-2025,1544.231812,1601.800049,1615,1594.099976,1615,6294505,INFY.NS
30-06-2025,1487.751831,1500.599976,1524.800049,1496,1513.800049,8409527,RELIANCE.NS
30-06-2025,982.0236816,1000.75,1006.900024,997.75,1005.75,13649020,HDFCBANK.NS
30-06-2025,1434.729614,1445.800049,1461.900024,1442.300049,1461.800049,6325073,ICICIBANK.NS
30-06-2025,1992.939209,2009.599976,2023.900024,2000.199951,2018,5597484,BHARTIARTL.NS
30-06-2025,397.0834961,416.4500122,420.75,415.7999878,419.7999878,12317124,ITC.NS
30-06-2025,1655.085083,1675.699951,1704.5,1671.599976,1696,2160184,SUNPHARMA.NS
30-06-2025,930.7783203,936.5,956,934,956,6086081,BAJFINANCE.NS
27-06-2025,3292.769531,3441.100098,3466.399902,3431,3455,1778433,TCS.NS
27-06-2025,1550.208984,1608,1629.599976,1602.400024,1619,8912268,INFY.NS
27-06-2025,1502.425171,1515.400024,1522,1496.900024,1499.400024,11117052,RELIANCE.NS
27-06-2025,988.5982666,1007.450012,1009.900024,996.7000122,1006.5,28213384,HDFCBANK.NS
27-06-2025,1451.003906,1462.199951,1466,1437.099976,1438.900024,22532899,ICICIBANK.NS
27-06-2025,2010.294067,2027.099976,2039,2008.599976,2010,6405854,BHARTIARTL.NS
27-06-2025,399.1811523,418.6499939,422,417.7999878,421,21409935,ITC.NS
27-06-2025,1666.838501,1687.599976,1695.699951,1668.199951,1670.199951,5313904,SUNPHARMA.NS
27-06-2025,941.2141724,947,959.5,936,950,21637194,BAJFINANCE.NS
26-06-2025,3293.439209,3441.800049,3451.399902,3415.300049,3444.800049,2879106,TCS.NS
26-06-2025,1557.921509,1616,1624,1606.599976,1608.800049,6519233,INFY.NS
26-06-2025,1482.497314,1495.300049,1498.800049,1465.099976,1469.099976,14657893,RELIANCE.NS
26-06-2025,981.1896362,1010.900024,1013.549988,990,990.7000122,50084830,HDFCBANK.NS
26-06-2025,1428.080811,1439.099976,1447.5,1421.699951,1424.800049,13617435,ICICIBANK.NS
26-06-2025,1997.600342,2014.300049,2018.400024,1966.300049,1970,9413241,BHARTIARTL.NS
26-06-2025,400.754425,420.2999878,420.8999939,416.25,417.2000122,13703918,ITC.NS
26-06-2025,1649.257568,1669.800049,1678.900024,1650.400024,1674.800049,2102627,SUNPHARMA.NS
26-06-2025,945.6866455,951.5,953.5,928.5,930,11677790,BAJFINANCE.NS
25-06-2025,3296.309814,3444.800049,3450,3400,3407.300049,1757699,TCS.NS
25-06-2025,1556.860962,1614.900024,1619.900024,1585.099976,1590,7813533,INFY.NS
25-06-2025,1454.737061,1467.300049,1472.400024,1460.5,1464,7525851,RELIANCE.NS
25-06-2025,961.0009155,990.0999756,991,981.9500122,983,18405932,HDFCBANK.NS
25-06-2025,1414.88269,1425.800049,1428.900024,1415.300049,1422,7527388,ICICIBANK.NS
25-06-2025,1949.303955,1965.599976,1970,1938,1942,4152765,BHARTIARTL.NS
25-06-2025,396.9881592,416.3500061,418.1499939,415.1000061,416.3999939,9946718,ITC.NS
25-06-2025,1649.059937,1669.599976,1678.800049,1658.099976,1661.699951,1372945,SUNPHARMA.NS
25-06-2025,922.3302612,928,930,916,918,6623799,BAJFINANCE.NS
24-06-2025,3244.254639,3390.399902,3442.100098,3382,3434.600098,3403048,TCS.NS
24-06-2025,1524.75769,1581.599976,1609,1576.599976,1601,8083992,INFY.NS
24-06-2025,1438.378296,1450.800049,1475,1443.099976,1465,16402744,RELIANCE.NS
24-06-2025,951.6345215,980.4500122,989.5,977.7999878,982.5,22625322,HDFCBANK.NS
24-06-2025,1413.195679,1424.099976,1435.900024,1416.5,1427.699951,11188438,ICICIBANK.NS
24-06-2025,1917.569336,1933.599976,1963,1929.099976,1950.900024,6837210,BHARTIARTL.NS
24-06-2025,395.0811462,414.3500061,420.6499939,413.75,416.8999939,16690068,ITC.NS
24-06-2025,1641.257202,1661.699951,1686.400024,1658.800049,1670.5,2066326,SUNPHARMA.NS
24-06-2025,910.9005127,916.5,936,914.5,920,11555634,BAJFINANCE.NS
23-06-2025,3247.31665,3393.600098,3425,3370,3415,3123421,TCS.NS
23-06-2025,1527.071533,1584,1601,1575.400024,1601,7943676,INFY.NS
23-06-2025,1444.326904,1456.800049,1463.800049,1442,1453,5989078,RELIANCE.NS
23-06-2025,945.5681763,974.2000122,978.9500122,970.9000244,974.2000122,11739518,HDFCBANK.NS
23-06-2025,1409.226318,1420.099976,1423.199951,1411.900024,1417,5514384,ICICIBANK.NS
23-06-2025,1920.246948,1936.300049,1949,1927.099976,1930,2946463,BHARTIARTL.NS
23-06-2025,394.6520691,413.8999939,417.5,411.75,417,14839890,ITC.NS
23-06-2025,1642.047363,1662.5,1667,1647.199951,1663.199951,840643,SUNPHARMA.NS
23-06-2025,909.9066162,915.5,918,890.5,899,5870597,BAJFINANCE.NS
20-06-2025,3287.602051,3435.699951,3446.300049,3410.899902,3425,2351248,TCS.NS
20-06-2025,1564.573486,1622.900024,1630.699951,1608.900024,1619,9202821,INFY.NS
20-06-2025,1453.646362,1466.199951,1471,1428.099976,1431,29010635,RELIANCE.NS
20-06-2025,953.4786377,982.3499756,984.9500122,965.7999878,965.7999878,32900408,HDFCBANK.NS
20-06-2025,1416.172729,1427.099976,1433.300049,1410.199951,1411.300049,12408178,ICICIBANK.NS
20-06-2025,1920.643555,1936.699951,1949,1874,1880,16228526,BHARTIARTL.NS
20-06-2025,399.0858154,418.5499878,419.5,416,416,13203184,ITC.NS
20-06-2025,1644.615479,1665.099976,1670,1645.599976,1647.599976,2567882,SUNPHARMA.NS
20-06-2025,899.4707642,905,907.5,886,897,14320241,BAJFINANCE.NS
19-06-2025,3276.40625,3424,3451,3413,3450,2672768,TCS.NS
19-06-2025,1560.235229,1618.400024,1630,1611.5,1623.900024,5147760,INFY.NS
19-06-2025,1421.028198,1433.300049,1439.900024,1425.699951,1430.099976,10007230,RELIANCE.NS
19-06-2025,939.2107544,967.6500244,973.4000244,962.7999878,966.9500122,16876220,HDFCBANK.NS
19-06-2025,1400.493774,1411.300049,1414.699951,1404.699951,1408,8849883,ICICIBANK.NS
19-06-2025,1861.438599,1877,1879,1864.099976,1872,4712312,BHARTIARTL.NS
19-06-2025,396.6544189,416,418.25,414.7999878,415.6499939,12601006,ITC.NS
19-06-2025,1627.330688,1647.599976,1655.300049,1636,1648.099976,1696525,SUNPHARMA.NS
19-06-2025,894.99823,900.5,922.5,894,919,6585940,BAJFINANCE.NS
18-06-2025,3302.625244,3451.399902,3538,3443.100098,3519.100098,2696327,TCS.NS
18-06-2025,1574.214111,1632.900024,1644.699951,1621,1621,5629707,INFY.NS
18-06-2025,1417.855469,1430.099976,1442.800049,1425.699951,1430,6681735,RELIANCE.NS
18-06-2025,938.531311,966.9500122,968.1500244,958.5,958.5,18433816,HDFCBANK.NS
18-06-2025,1401.783691,1412.599976,1432,1410.199951,1417,6751745,ICICIBANK.NS
18-06-2025,1850.430664,1865.900024,1871,1843.099976,1847.599976,5069427,BHARTIARTL.NS
18-06-2025,396.5590515,415.8999939,418.4500122,414.8999939,417,8036215,ITC.NS
18-06-2025,1627.725708,1648,1661.300049,1638.5,1645,1455885,SUNPHARMA.NS
18-06-2025,913.3852539,919,932.5,915,927,5002923,BAJFINANCE.NS
17-06-2025,3363.770996,3515.300049,3520,3488.100098,3510,2111940,TCS.NS
17-06-2025,1580.962646,1639.900024,1647.400024,1615.599976,1620.699951,7622083,INFY.NS
17-06-2025,1418.946045,1431.199951,1448,1425.800049,1448,10366599,RELIANCE.NS
17-06-2025,936.444458,964.7999878,970.7999878,959.5499878,968.5,16978736,HDFCBANK.NS
17-06-2025,1412.30249,1423.199951,1429.800049,1417.800049,1426.900024,6970098,ICICIBANK.NS
17-06-2025,1839.422607,1854.800049,1879,1847.599976,1879,6561555,BHARTIARTL.NS
17-06-2025,397.9893188,417.3999939,419.0499878,415.7000122,418.1000061,9028406,ITC.NS
17-06-2025,1629.898682,1650.199951,1681.699951,1641.099976,1680,5408285,SUNPHARMA.NS
17-06-2025,917.3607788,923,943.5,917.5,941.5,6110175,BAJFINANCE.NS
16-06-2025,3345.590088,3496.300049,3509,3426.199951,3440,1934088,TCS.NS
16-06-2025,1565.441162,1623.800049,1634.800049,1597.099976,1600,5591842,INFY.NS
16-06-2025,1425.489624,1437.800049,1442.400024,1424.400024,1426.900024,8458093,RELIANCE.NS
16-06-2025,939.2592163,967.7000122,969.4500122,960.0499878,962,16513746,HDFCBANK.NS
16-06-2025,1415.974243,1426.900024,1429,1414.199951,1416.599976,5451137,ICICIBANK.NS
16-06-2025,1845.868774,1861.300049,1870,1838.800049,1842.099976,5722187,BHARTIARTL.NS
16-06-2025,398.7521057,418.2000122,418.8999939,413.25,414.9500122,7006629,ITC.NS
16-06-2025,1664.566895,1685.300049,1689.800049,1655.699951,1665,2249326,SUNPHARMA.NS
16-06-2025,932.269165,938,956,925,956,7016290,BAJFINANCE.NS
13-06-2025,3297.170898,3445.699951,3450.5,3393.199951,3393.199951,2178493,TCS.NS
13-06-2025,1544.424683,1602,1609,1570.199951,1576,6968315,INFY.NS
13-06-2025,1415.674316,1427.900024,1435.5,1414.300049,1424,9757276,RELIANCE.NS
13-06-2025,930.6207886,958.7999878,966.5,956.5,960,12117762,HDFCBANK.NS
13-06-2025,1405.256958,1416.099976,1421.5,1403.599976,1403.599976,7573103,ICICIBANK.NS
13-06-2025,1825.141968,1840.400024,1844.599976,1815,1815,4613000,BHARTIARTL.NS
13-06-2025,394.6520691,413.8999939,419.3500061,413.5,415,17873926,ITC.NS
13-06-2025,1667.036133,1687.800049,1700,1661.099976,1666.800049,2404272,SUNPHARMA.NS
13-06-2025,927.3990479,933.0999756,936.5499878,914.7000122,915,10182020,BAJFINANCE.NS
12-06-2025,3286.166504,3434.199951,3474.699951,3423.199951,3471.899902,4060134,TCS.NS
12-06-2025,1550.787476,1608.599976,1628,1598.099976,1617,10483574,INFY.NS
12-06-2025,1429.25708,1441.599976,1457,1434.400024,1453.5,8828114,RELIANCE.NS
12-06-2025,943.1416626,971.7000122,980.5,967.6500244,975,16349130,HDFCBANK.NS
12-06-2025,1414.287231,1425.199951,1436.5,1420,1430.5,7953247,ICICIBANK.NS
12-06-2025,1828.9104,1844.199951,1883,1831.599976,1871.900024,7346031,BHARTIARTL.NS
12-06-2025,401.4219055,421,427.2000122,419.5499878,427,18508835,ITC.NS
12-06-2025,1666.641113,1687.400024,1727.5,1681.099976,1694.900024,3588365,SUNPHARMA.NS
12-06-2025,931.1261597,936.8499756,953.2999878,935.5,944.9000244,12388330,BAJFINANCE.NS
11-06-2025,3322.241699,3471.899902,3489,3449.100098,3470,2847013,TCS.NS
11-06-2025,1572.478638,1631.099976,1634.599976,1590.099976,1590.099976,10597410,INFY.NS
11-06-2025,1436.494507,1448.900024,1468.599976,1443.099976,1445.800049,8195700,RELIANCE.NS
11-06-2025,946.5388794,975.2000122,983.7999878,973.5,983.7999878,11096394,HDFCBANK.NS
11-06-2025,1420.042847,1431,1434.5,1418.599976,1421.800049,7136877,ICICIBANK.NS
11-06-2025,1844.777832,1860.199951,1866.5,1847.800049,1857.900024,8907265,BHARTIARTL.NS
11-06-2025,406.3323975,426.1499939,428.1000061,424.8500061,428,20789182,ITC.NS
11-06-2025,1669.801758,1690.599976,1695,1679.300049,1694.800049,1999978,SUNPHARMA.NS
11-06-2025,936.7416382,942.5,957,940.4000244,949,11860810,BAJFINANCE.NS
10-06-2025,3313.629639,3462.899902,3485.800049,3423.199951,3440,2419874,TCS.NS
10-06-2025,1538.640259,1596,1607.5,1577.5,1584,8591925,INFY.NS
10-06-2025,1426.183472,1438.5,1453.900024,1436,1450,7913181,RELIANCE.NS
10-06-2025,953.7698975,982.6500244,991.4000244,980.5499878,991.4000244,15533126,HDFCBANK.NS
10-06-2025,1412.004883,1422.900024,1441.699951,1416.5,1439,12905272,ICICIBANK.NS
10-06-2025,1841.703491,1857.099976,1875.599976,1850.300049,1866.599976,7925901,BHARTIARTL.NS
10-06-2025,407.1428833,427,428.5499878,423.0499878,424.5,13041075,ITC.NS
10-06-2025,1668.023926,1688.800049,1706.900024,1677.699951,1701.800049,2369135,SUNPHARMA.NS
10-06-2025,943.9473267,949.75,970,948.5499878,970,9044040,BAJFINANCE.NS
09-06-2025,3274.396973,3421.899902,3434,3390.899902,3400,1718678,TCS.NS
09-06-2025,1516.370483,1572.900024,1588,1571,1578,2903202,INFY.NS
09-06-2025,1436.395386,1448.800049,1457.5,1445.300049,1457,7885125,RELIANCE.NS
09-06-2025,960.3699951,989.4500122,997.5,987.9500122,997.5,13202588,HDFCBANK.NS
09-06-2025,1423.813843,1434.800049,1466.800049,1433.400024,1465,11022031,ICICIBANK.NS
09-06-2025,1849.637207,1865.099976,1875,1848.699951,1874,3649505,BHARTIARTL.NS
09-06-2025,403.3765564,423.0499878,423.6000061,420.5,422,10473123,ITC.NS
09-06-2025,1673.554932,1694.400024,1698.800049,1673.300049,1679.900024,2589656,SUNPHARMA.NS
09-06-2025,954.880127,960.75,978.7999878,940.2999878,955,23496010,BAJFINANCE.NS
06-06-2025,3238.322021,3384.199951,3390.899902,3358.699951,3371.100098,2070390,TCS.NS
06-06-2025,1507.597534,1563.800049,1568.900024,1543.099976,1554.699951,3960020,INFY.NS
06-06-2025,1431.140747,1443.5,1451.5,1437,1441,8182161,RELIANCE.NS
06-06-2025,960.2728882,989.3499756,998.1500244,971.3499756,972,30127008,HDFCBANK.NS
06-06-2025,1448.523071,1459.699951,1461.400024,1442.099976,1448.599976,11580994,ICICIBANK.NS
06-06-2025,1854.694946,1870.199951,1881.900024,1867.300049,1872.099976,4644174,BHARTIARTL.NS
06-06-2025,401.469574,421.0499878,421.2999878,419,420.2999878,8774988,ITC.NS
06-06-2025,1658.541992,1679.199951,1689,1669,1685,2500047,SUNPHARMA.NS
06-06-2025,931.4243774,937.1500244,943.4000244,887.5999756,894.5,19783860,BAJFINANCE.NS
05-06-2025,3225.786621,3371.100098,3409,3363.699951,3409,3584683,TCS.NS
05-06-2025,1498.438965,1554.300049,1567.699951,1541.599976,1547.900024,6948539,INFY.NS
05-06-2025,1430.050171,1442.400024,1454.699951,1423.599976,1428,13716817,RELIANCE.NS
05-06-2025,946.1505737,974.7999878,979.4500122,970.0999756,974,22255418,HDFCBANK.NS
05-06-2025,1443.660645,1454.800049,1459,1427.300049,1430.900024,11385668,ICICIBANK.NS
05-06-2025,1863.223633,1878.800049,1889,1868.599976,1884,8999675,BHARTIARTL.NS
05-06-2025,399.61026,419.1000061,420.9500122,415.75,418.5,13212523,ITC.NS
05-06-2025,1662.393921,1683.099976,1694.300049,1662,1662,2037073,SUNPHARMA.NS
05-06-2025,887.9416504,893.4000244,898.7000122,886.9500122,898.7000122,7853320,BAJFINANCE.NS
04-06-2025,3235.164063,3380.899902,3394.800049,3370,3389,2544807,TCS.NS
04-06-2025,1495.450317,1551.199951,1557.300049,1541.400024,1543,4548307,INFY.NS
04-06-2025,1411.312012,1423.5,1425.699951,1406.099976,1414.699951,8126827,RELIANCE.NS
04-06-2025,942.0740356,970.5999756,971.6500244,960.4500122,960.5,12961542,HDFCBANK.NS
04-06-2025,1420.042847,1431,1440.099976,1426.400024,1437.400024,8025388,ICICIBANK.NS
04-06-2025,1859.851807,1875.400024,1884.599976,1850,1855,5892170,BHARTIARTL.NS
04-06-2025,397.6079102,417,419,415.9500122,417.1499939,12598933,ITC.NS
04-06-2025,1644.417969,1664.900024,1669,1649,1656,1700482,SUNPHARMA.NS
04-06-2025,893.2092896,898.7000122,903.9500122,896.4500122,897.5,5544930,BAJFINANCE.NS
03-06-2025,3229.709717,3405.199951,3473.5,3400.5,3446,2848125,TCS.NS
03-06-2025,1487.545044,1543,1567.300049,1535.599976,1559,6853403,INFY.NS
03-06-2025,1393.466187,1405.5,1426.5,1403.400024,1422.300049,11252626,RELIANCE.NS
03-06-2025,934.0179443,962.2999878,976,960,969,24377584,HDFCBANK.NS
03-06-2025,1426.890015,1437.900024,1455,1432,1454.900024,11167345,ICICIBANK.NS
03-06-2025,1826.034546,1841.300049,1869.5,1832,1867,5596977,BHARTIARTL.NS
03-06-2025,397.5602722,416.9500122,421.7000122,415.6499939,419,13216486,ITC.NS
03-06-2025,1646.98584,1667.5,1695,1657.599976,1695,2556920,SUNPHARMA.NS
03-06-2025,892.4141846,897.9000244,912.7999878,897,910.5999756,9080270,BAJFINANCE.NS
02-06-2025,3272.011475,3449.800049,3460,3418.600098,3450,1877585,TCS.NS
02-06-2025,1497.956909,1553.800049,1560,1539,1560,4374509,INFY.NS
02-06-2025,1401.595825,1413.699951,1417.5,1395.599976,1412.099976,8098668,RELIANCE.NS
02-06-2025,937.6577148,966.0499878,968,954,965.0499878,14668822,HDFCBANK.NS
02-06-2025,1439.393555,1450.5,1460,1432.800049,1442,9458990,ICICIBANK.NS
02-06-2025,1838.728394,1854.099976,1859,1831.5,1844,3199499,BHARTIARTL.NS
02-06-2025,399.8009338,419.2999878,420.4500122,414.5499878,418.2999878,14973380,ITC.NS
02-06-2025,1653.998535,1674.599976,1683.5,1660.5,1679,1819538,SUNPHARMA.NS
02-06-2025,906.2788696,911.8499756,916.5,904,913,6619630,BAJFINANCE.NS
30-05-2025,3284.9104,3463.399902,3506.699951,3453.100098,3490,3404365,TCS.NS
30-05-2025,1506.536987,1562.699951,1572,1555.099976,1571,13148092,INFY.NS
30-05-2025,1408.734253,1420.900024,1430.599976,1409.699951,1418,13788484,RELIANCE.NS
30-05-2025,943.8696899,972.4500122,974.4000244,962.7000122,965.9500122,28748078,HDFCBANK.NS
30-05-2025,1434.729614,1445.800049,1460.900024,1444.300049,1459.900024,11803975,ICICIBANK.NS
30-05-2025,1840.810913,1856.199951,1867,1843,1854,16712960,BHARTIARTL.NS
30-05-2025,398.6090698,418.0499878,420.0499878,416.3999939,419.1000061,30656239,ITC.NS
30-05-2025,1656.96167,1677.599976,1713.599976,1669.099976,1702,3640641,SUNPHARMA.NS
30-05-2025,912.44104,918.0499878,920.3499756,912.0999756,917,15041740,BAJFINANCE.NS
29-05-2025,3317.822266,3498.100098,3532.5,3486.5,3504.699951,3188072,TCS.NS
29-05-2025,1507.404541,1585.599976,1608.900024,1576.599976,1589,8609500,INFY.NS
29-05-2025,1405.660889,1417.800049,1420,1408.599976,1412.099976,13771917,RELIANCE.NS
29-05-2025,935.425293,963.75,970.4000244,953.6500244,964,28917794,HDFCBANK.NS
29-05-2025,1445.347534,1456.5,1462.900024,1445,1456.599976,15545514,ICICIBANK.NS
29-05-2025,1848.149658,1863.599976,1867,1850.5,1858,5786774,BHARTIARTL.NS
29-05-2025,399.2765198,418.75,422.7999878,416.6000061,422,21478547,ITC.NS
29-05-2025,1678.88855,1699.800049,1703.300049,1670.400024,1675,2377583,SUNPHARMA.NS
29-05-2025,910.4035645,920.4000244,927.9500122,916,925,7081750,BAJFINANCE.NS
28-05-2025,3317.442871,3497.699951,3529,3493,3520,1222933,TCS.NS
28-05-2025,1494.285278,1571.800049,1587.699951,1570,1581,3623370,INFY.NS
28-05-2025,1400.802734,1412.900024,1422.599976,1410.699951,1420.099976,5944611,RELIANCE.NS
28-05-2025,933.4841309,961.75,967.25,958.8499756,960.0999756,18157594,HDFCBANK.NS
28-05-2025,1442.668335,1453.800049,1458,1442.5,1447.599976,8618343,ICICIBANK.NS
28-05-2025,1840.711792,1856.099976,1867,1845.099976,1848,3713699,BHARTIARTL.NS
28-05-2025,400.6591187,420.2000122,422.6000061,413,417.7000122,431851622,ITC.NS
28-05-2025,1645.899414,1666.400024,1686.900024,1663,1683.400024,2657712,SUNPHARMA.NS
28-05-2025,916.6846313,926.75,929.4500122,914.0999756,924.5,6507400,BAJFINANCE.NS
27-05-2025,3318.391357,3498.699951,3540,3483.100098,3532,2467680,TCS.NS
27-05-2025,1492.669067,1570.099976,1582.900024,1556.400024,1579.900024,7775714,INFY.NS
27-05-2025,1409.92395,1422.099976,1437,1413.900024,1426.099976,12640414,RELIANCE.NS
27-05-2025,934.8430176,963.1500244,974,958.1500244,965.7999878,26162148,HDFCBANK.NS
27-05-2025,1435.324951,1446.400024,1463,1435.699951,1452.5,14842959,ICICIBANK.NS
27-05-2025,1828.513916,1843.800049,1857.599976,1833.699951,1844,5847725,BHARTIARTL.NS
27-05-2025,406.23703,433.8999939,444.2000122,430.8500061,442.8999939,26986022,ITC.NS
27-05-2025,1662.690308,1683.400024,1692,1661.099976,1676.099976,2800622,SUNPHARMA.NS
27-05-2025,907.1394043,917.0999756,929,914.2999878,927,7150000,BAJFINANCE.NS
26-05-2025,3355.002441,3537.300049,3545,3510.100098,3521,967470,TCS.NS
26-05-2025,1502.556152,1580.5,1583.800049,1562.699951,1566.599976,3170102,INFY.NS
26-05-2025,1422.515259,1434.800049,1441,1425.099976,1432,4842944,RELIANCE.NS
26-05-2025,941.5886841,970.0999756,974.9500122,963.4500122,967.5,10802860,HDFCBANK.NS
26-05-2025,1449.416138,1460.599976,1471.599976,1455,1458,5608725,ICICIBANK.NS
26-05-2025,1832.083984,1847.400024,1850,1830.900024,1834,3254715,BHARTIARTL.NS
26-05-2025,414.6632385,442.8999939,443.5499878,436.75,438.25,13107662,ITC.NS
26-05-2025,1655.47998,1676.099976,1702.400024,1667,1693.099976,2282131,SUNPHARMA.NS
26-05-2025,916.8824463,926.9500122,933.6500244,925,925.5,5476790,BAJFINANCE.NS
23-05-2025,3333.471924,3514.600098,3535,3465.600098,3477,1274331,TCS.NS
23-05-2025,1487.630493,1564.800049,1587.199951,1550,1550,5038421,INFY.NS
23-05-2025,1414.583862,1426.800049,1433.800049,1406.599976,1406.599976,6474883,RELIANCE.NS
23-05-2025,938.3856201,966.7999878,968.5,957.25,960.0499878,9566072,HDFCBANK.NS
23-05-2025,1438.698975,1449.800049,1451.800049,1434.400024,1442.199951,5203706,ICICIBANK.NS
23-05-2025,1816.514038,1831.699951,1841.800049,1821.5,1825,3460945,BHARTIARTL.NS
23-05-2025,408.4840393,436.2999878,439,429,434,18536884,ITC.NS
23-05-2025,1662.887817,1683.599976,1689.5,1636.599976,1658,8339783,SUNPHARMA.NS
23-05-2025,914.3106079,924.3499756,928.6500244,911.0999756,913.9000244,4251690,BAJFINANCE.NS
22-05-2025,3297.809326,3477,3497.800049,3451.300049,3495,2034383,TCS.NS
22-05-2025,1471.183594,1547.5,1560.800049,1540,1555.5,6158990,INFY.NS
22-05-2025,1397.332764,1409.400024,1423.800049,1396.900024,1421.199951,12134466,RELIANCE.NS
22-05-2025,931.7370605,959.9500122,962.0999756,952.5999756,957.5999756,21306670,HDFCBANK.NS
22-05-2025,1431.057861,1442.099976,1445.300049,1427.800049,1441.099976,7245933,ICICIBANK.NS
22-05-2025,1816.216675,1831.400024,1836.699951,1816.300049,1819.900024,6496923,BHARTIARTL.NS
22-05-2025,398.9343262,426.1000061,433,422.8999939,433,19451749,ITC.NS
22-05-2025,1697.555908,1718.699951,1740,1707.199951,1734.199951,2670554,SUNPHARMA.NS
22-05-2025,903.9741821,913.9000244,919.9000244,907.0499878,919.75,6159740,BAJFINANCE.NS
21-05-2025,3344.094727,3525.800049,3537,3498.300049,3508,1440153,TCS.NS
21-05-2025,1491.148071,1568.5,1571,1552.099976,1567.900024,4157309,INFY.NS
21-05-2025,1416.963135,1429.199951,1436.199951,1418.099976,1423.900024,6136364,RELIANCE.NS
21-05-2025,935.0856323,963.4000244,973.4500122,960.5499878,963.5,15132040,HDFCBANK.NS
21-05-2025,1433.637939,1444.699951,1451.300049,1438.5,1442.900024,5510460,ICICIBANK.NS
21-05-2025,1807.390381,1822.5,1826.5,1805.300049,1813,6849562,BHARTIARTL.NS
21-05-2025,405.3944397,433,438.2000122,432,436.6000061,5776672,ITC.NS
21-05-2025,1710.494873,1731.800049,1758.699951,1707.800049,1716.400024,2754306,SUNPHARMA.NS
21-05-2025,909.7605591,919.75,928,902.8499756,910,7321500,BAJFINANCE.NS
20-05-2025,3318.011963,3498.300049,3558,3494,3531.800049,2038374,TCS.NS
20-05-2025,1483.637573,1560.599976,1583.5,1558,1570,7143998,INFY.NS
20-05-2025,1412.402588,1424.599976,1445,1421.800049,1438.199951,11270560,RELIANCE.NS
20-05-2025,929.3104858,957.4500122,967.2999878,956.5,964.0499878,23879090,HDFCBANK.NS
20-05-2025,1427.187622,1438.199951,1459,1435.5,1450.199951,11352383,ICICIBANK.NS
20-05-2025,1793.903198,1808.900024,1824.900024,1799.5,1809.800049,12512596,BHARTIARTL.NS
20-05-2025,407.1732788,434.8999939,440.7999878,432.8999939,437,9868414,ITC.NS
20-05-2025,1686.790039,1707.800049,1748,1703.300049,1743.800049,2706777,SUNPHARMA.NS
20-05-2025,898.0393677,907.9000244,931,906.9000244,929.7999878,8106160,BAJFINANCE.NS
19-05-2025,3337.455322,3518.800049,3550,3503.699951,3550,2537377,TCS.NS
19-05-2025,1482.877075,1559.800049,1585,1555.699951,1576.5,8855798,INFY.NS
19-05-2025,1428.463867,1440.800049,1454.599976,1438.199951,1452.099976,6195791,RELIANCE.NS
19-05-2025,940.8607178,969.3499756,972.5,965.5,968.5,10202964,HDFCBANK.NS
19-05-2025,1437.905029,1449,1459.699951,1443.800049,1446.5,6005334,ICICIBANK.NS
19-05-2025,1803.22522,1818.300049,1828.699951,1809,1822,5799804,BHARTIARTL.NS
19-05-2025,407.5946045,435.3500061,438.5,432.6499939,435,7543854,ITC.NS
19-05-2025,1708.914429,1730.199951,1765,1726.599976,1745,2074023,SUNPHARMA.NS
19-05-2025,915.4976196,925.5499878,928.9500122,916.7000122,916.7000122,7162740,BAJFINANCE.NS
16-05-2025,3377.765381,3561.300049,3593.899902,3546.100098,3593.899902,1666727,TCS.NS
16-05-2025,1511.492676,1589.900024,1612.599976,1581.5,1612.599976,4576751,INFY.NS
16-05-2025,1443.930298,1456.400024,1461,1447.300049,1453.199951,9036695,RELIANCE.NS
16-05-2025,938.9195557,967.3499756,971.9000244,964.2000122,966.9000244,15868010,HDFCBANK.NS
16-05-2025,1442.866699,1454,1458.699951,1447,1453.300049,6439208,ICICIBANK.NS
16-05-2025,1798.960815,1814,1834,1810.099976,1834,100662047,BHARTIARTL.NS
16-05-2025,407.9223022,435.7000122,436.2000122,432.1000061,434.8999939,16402035,ITC.NS
16-05-2025,1713.556763,1734.900024,1741.599976,1719,1740,1448249,SUNPHARMA.NS
16-05-2025,906.7437744,916.7000122,928.5999756,913.3499756,918.8499756,6251920,BAJFINANCE.NS
15-05-2025,3395.406494,3579.899902,3600,3514.100098,3564,3548330,TCS.NS
15-05-2025,1533.453491,1613,1618.599976,1571,1589.800049,11151167,INFY.NS
15-05-2025,1441.749146,1454.199951,1461.400024,1412.699951,1425,20177211,RELIANCE.NS
15-05-2025,938.4827881,966.9000244,972.4000244,948.5,956.75,32241458,HDFCBANK.NS
15-05-2025,1439.691284,1450.800049,1456.5,1415.5,1425.900024,18209264,ICICIBANK.NS
15-05-2025,1851.719727,1867.199951,1869.900024,1825,1849.900024,8788351,BHARTIARTL.NS
15-05-2025,405.0667419,432.6499939,435.3999939,426,429.1000061,24263510,ITC.NS
15-05-2025,1718.692749,1740.099976,1744.400024,1684.099976,1701.099976,3880385,SUNPHARMA.NS
15-05-2025,908.8703613,918.8499756,921.5,902.7999878,909.9500122,10385000,BAJFINANCE.NS
14-05-2025,3365.814209,3548.699951,3561,3508.600098,3521,2119499,TCS.NS
14-05-2025,1513.869385,1592.400024,1595,1569.5,1574,4870057,INFY.NS
14-05-2025,1412.204224,1424.400024,1429.900024,1415.5,1420,5570160,RELIANCE.NS
14-05-2025,927.2236938,955.2999878,965.0999756,951.5,961.0499878,15445308,HDFCBANK.NS
14-05-2025,1415.279541,1426.199951,1440.699951,1417.300049,1429.900024,8026837,ICICIBANK.NS
14-05-2025,1818.993408,1834.199951,1870.699951,1820.199951,1830,7401614,BHARTIARTL.NS
14-05-2025,401.7430725,429.1000061,431.8500061,425.8999939,427.1000061,9557309,ITC.NS
14-05-2025,1687.185181,1708.199951,1711.400024,1692.099976,1702,1639324,SUNPHARMA.NS
14-05-2025,898.2371216,908.0999756,911.0499878,901.2000122,904.5,7594000,BAJFINANCE.NS
13-05-2025,3333.851318,3515,3623,3510.5,3620.399902,3062887,TCS.NS
13-05-2025,1491.24292,1568.599976,1612.199951,1564.599976,1609,12846210,INFY.NS
13-05-2025,1403.578735,1415.699951,1447.699951,1412.400024,1433.5,11407896,RELIANCE.NS
13-05-2025,933.0473633,961.2999878,980.8499756,960,975,24242102,HDFCBANK.NS
13-05-2025,1419.645874,1430.599976,1447.900024,1427.400024,1440.099976,12475424,ICICIBANK.NS
13-05-2025,1805.506104,1820.599976,1883.699951,1816.599976,1870,8817763,BHARTIARTL.NS
13-05-2025,400.6195984,427.8999939,437.9500122,425.3500061,434.8999939,14976369,ITC.NS
13-05-2025,1679.086182,1700,1748.5,1691.300049,1711,6988329,SUNPHARMA.NS
13-05-2025,894.3795166,904.2000122,916.3499756,899.0999756,900.4000244,13363000,BAJFINANCE.NS
12-05-2025,3433.819092,3620.399902,3630.5,3502.199951,3505,2228678,TCS.NS
12-05-2025,1546.667847,1626.900024,1632,1532,1537,11372857,INFY.NS
12-05-2025,1424.200684,1436.5,1439,1400,1400,10674081,RELIANCE.NS
12-05-2025,949.8388672,978.5999756,979.9500122,956.1500244,958.7999878,18618972,HDFCBANK.NS
12-05-2025,1437.408813,1448.5,1453,1404,1409.400024,9925445,ICICIBANK.NS
12-05-2025,1855.290039,1870.800049,1883.400024,1854,1868.900024,3936019,BHARTIARTL.NS
12-05-2025,407.7350464,435.5,436.2000122,428.1499939,429.5,8031891,ITC.NS
12-05-2025,1665.455688,1686.199951,1712.400024,1623.599976,1695.699951,9221075,SUNPHARMA.NS
12-05-2025,892.0549927,901.8499756,903,882.5499878,884.9000244,10638220,BAJFINANCE.NS
09-05-2025,3263.000977,3440.300049,3446.199951,3398.100098,3399,2531757,TCS.NS
09-05-2025,1433.251343,1507.599976,1511.400024,1494.099976,1500.699951,4478653,INFY.NS
09-05-2025,1365.408447,1377.199951,1394.800049,1374.5,1385.5,13668904,RELIANCE.NS
09-05-2025,917.0807495,944.8499756,959.5,943.4000244,955.0499878,17188796,HDFCBANK.NS
09-05-2025,1378.265259,1388.900024,1419.900024,1387,1415.199951,13491197,ICICIBANK.NS
09-05-2025,1833.075684,1848.400024,1871.099976,1836.5,1855,3686209,BHARTIARTL.NS
09-05-2025,396.5469055,423.5499878,429.1499939,423,425.9500122,8226512,ITC.NS
09-05-2025,1723.334961,1744.800049,1766.300049,1731.699951,1751.900024,1148956,SUNPHARMA.NS
09-05-2025,854.7150269,864.0999756,878.0999756,860.5,865,12151340,BAJFINANCE.NS
08-05-2025,3271.157715,3448.899902,3477,3428.699951,3448,2543591,TCS.NS
08-05-2025,1436.863892,1511.400024,1516.5,1501.199951,1508,8424409,INFY.NS
08-05-2025,1394.953247,1407,1420.800049,1398,1404.099976,16106175,RELIANCE.NS
08-05-2025,935.9106445,964.25,977.4000244,959.5499878,977.4000244,34803430,HDFCBANK.NS
08-05-2025,1424.508423,1435.5,1448.900024,1426.099976,1438.599976,15306490,ICICIBANK.NS
08-05-2025,1859.355957,1874.900024,1905.800049,1862.400024,1897,5500724,BHARTIARTL.NS
08-05-2025,403.1474304,430.6000061,431.5,423.5499878,429,19937960,ITC.NS
08-05-2025,1745.459351,1767.199951,1788.900024,1755,1781.300049,2647871,SUNPHARMA.NS
08-05-2025,872.4700317,883.25,907.4500122,877.5,897.7000122,12018090,BAJFINANCE.NS
07-05-2025,3267.553955,3445.100098,3459.5,3420.600098,3420.600098,1477128,TCS.NS
07-05-2025,1433.91687,1508.300049,1518.800049,1496.599976,1500,5691799,INFY.NS
07-05-2025,1393.961792,1406,1424.400024,1402.699951,1420.900024,13440169,RELIANCE.NS
07-05-2025,944.2092896,972.7999878,974.3499756,961.2000122,967,21420778,HDFCBANK.NS
07-05-2025,1424.40918,1435.400024,1442,1421,1425,10480453,ICICIBANK.NS
07-05-2025,1881.074463,1896.800049,1917,1885.5,1901,5554616,BHARTIARTL.NS
07-05-2025,403.6623535,431.1499939,435,429.7000122,433.3999939,9710361,ITC.NS
07-05-2025,1759.385864,1781.300049,1826.400024,1778.699951,1817.900024,2015237,SUNPHARMA.NS
07-05-2025,887.6821289,898.6500244,899.75,872.2999878,875,11635570,BAJFINANCE.NS
06-05-2025,3281.686035,3460,3473,3437,3460,1324763,TCS.NS
06-05-2025,1436.958984,1511.5,1515.599976,1499.099976,1506,4270530,INFY.NS
06-05-2025,1408.734253,1420.900024,1432,1410.599976,1431,14084117,RELIANCE.NS
06-05-2025,937.463562,965.8499756,970.0499878,962.1500244,965,17490156,HDFCBANK.NS
06-05-2025,1420.638184,1431.599976,1433.699951,1420.400024,1429,6301690,ICICIBANK.NS
06-05-2025,1885.239624,1901,1912,1882.599976,1888.300049,8597920,BHARTIARTL.NS
06-05-2025,407.7818604,435.5499878,439.6499939,433,437.5,15026568,ITC.NS
06-05-2025,1796.720825,1819.099976,1827.900024,1799,1820,1414772,SUNPHARMA.NS
06-05-2025,869.0127563,879.75,897.4000244,875,891.0999756,12040870,BAJFINANCE.NS
05-05-2025,3276.279785,3454.300049,3504.5,3446.399902,3450,1284443,TCS.NS
05-05-2025,1434.202026,1508.599976,1523,1502.800049,1515,4282493,INFY.NS
05-05-2025,1419.045288,1431.300049,1439.5,1426.900024,1431,12685649,RELIANCE.NS
05-05-2025,939.9386597,968.4000244,976,966.1500244,969.5,15068024,HDFCBANK.NS
05-05-2025,1418.455078,1429.400024,1446.800049,1426,1440,4565705,ICICIBANK.NS
05-05-2025,1850.529785,1866,1873.5,1849.199951,1868,3548839,BHARTIARTL.NS
05-05-2025,409.0926208,436.9500122,438.5,429.3500061,430.25,11525305,ITC.NS
05-05-2025,1814.005615,1836.599976,1843.300049,1821.400024,1827.800049,1219830,SUNPHARMA.NS
05-05-2025,882.2987061,893.2000122,903.2999878,886.5999756,887.75,8930610,BAJFINANCE.NS
02-05-2025,3254.180176,3431,3491.5,3420,3472,1721761,TCS.NS
02-05-2025,1432.585815,1506.900024,1523.199951,1496.199951,1499.699951,7402310,INFY.NS
02-05-2025,1407.643677,1419.800049,1426.699951,1409.099976,1414,13007841,RELIANCE.NS
02-05-2025,932.7076416,960.9500122,970.9500122,960,964.9000244,17840404,HDFCBANK.NS
02-05-2025,1419.149658,1430.099976,1446.599976,1424.599976,1426.900024,8842434,ICICIBANK.NS
02-05-2025,1832.877319,1848.199951,1883.599976,1832.099976,1852,3866806,BHARTIARTL.NS
02-05-2025,402.1175537,429.5,431.5,424.1000061,424.1000061,9263372,ITC.NS
02-05-2025,1802.153076,1824.599976,1851.199951,1813.800049,1832.300049,1885257,SUNPHARMA.NS
02-05-2025,876.026062,886.8499756,891.5,856.5999756,857.5499878,18933030,BAJFINANCE.NS
30-04-2025,3275.710449,3453.699951,3509.899902,3366,3472,2809332,TCS.NS
30-04-2025,1426.121216,1500.099976,1508.800049,1482.599976,1496.800049,7704183,INFY.NS
30-04-2025,1392.970337,1405,1412.400024,1369,1402,25480745,RELIANCE.NS
30-04-2025,934.2120361,962.5,968.4500122,955.1500244,956.5,31936870,HDFCBANK.NS
30-04-2025,1416.073486,1427,1433.699951,1400,1433,14192027,ICICIBANK.NS
30-04-2025,1849.042236,1864.5,1876.900024,1827,1837,9139821,BHARTIARTL.NS
30-04-2025,398.6534729,425.7999878,429.2999878,422,427.3999939,10026546,ITC.NS
30-04-2025,1809.758545,1832.300049,1838.900024,1803.300049,1810,2667314,SUNPHARMA.NS
30-04-2025,852.9117432,863.4500122,888.7999878,855.5999756,884,39690570,BAJFINANCE.NS
29-04-2025,3293.541504,3472.5,3495,3430.399902,3455,1578332,TCS.NS
29-04-2025,1423.649414,1497.5,1509.800049,1474.099976,1482,8056743,INFY.NS
29-04-2025,1387.715698,1399.699951,1410.900024,1370,1371,32538970,RELIANCE.NS
29-04-2025,926.3502197,954.4000244,964.4000244,950.0999756,959.4000244,18918308,HDFCBANK.NS
29-04-2025,1418.852051,1429.800049,1438.300049,1422.599976,1428.800049,10786910,ICICIBANK.NS
29-04-2025,1808.679688,1823.800049,1847.800049,1817.599976,1823.699951,4684155,BHARTIARTL.NS
29-04-2025,398.8406982,426,429.6000061,425,428.8999939,11189930,ITC.NS
29-04-2025,1783.288086,1805.5,1846,1797,1845,2886160,SUNPHARMA.NS
29-04-2025,898.2020874,909.2999878,914.5999756,896,913,11768180,BAJFINANCE.NS
28-04-2025,3266.036133,3443.5,3457.800049,3405,3435,1593296,TCS.NS
28-04-2025,1409.008789,1482.099976,1489.599976,1465.300049,1480.199951,5886253,INFY.NS
28-04-2025,1357.080322,1368.800049,1374.599976,1320.199951,1340,31104496,RELIANCE.NS
28-04-2025,931.8825684,960.0999756,964.8499756,954.2000122,955.5999756,13920492,HDFCBANK.NS
28-04-2025,1417.859741,1428.800049,1435,1403.800049,1405.599976,10948561,ICICIBANK.NS
28-04-2025,1806.696289,1821.800049,1838.900024,1813.400024,1836,3301891,BHARTIARTL.NS
28-04-2025,401.4621887,428.7999878,430.5,424.75,426.6499939,6287095,ITC.NS
28-04-2025,1818.94397,1841.599976,1846,1781.199951,1787.400024,3216482,SUNPHARMA.NS
28-04-2025,898.2020874,909.2999878,912.5,900.0499878,908,9946560,BAJFINANCE.NS
25-04-2025,3270.304443,3448,3477.800049,3405,3420,2742991,TCS.NS
25-04-2025,1407.202515,1480.199951,1501.699951,1463.5,1475.5,8329979,INFY.NS
25-04-2025,1289.265991,1300.400024,1325.199951,1288.099976,1303.5,14431012,RELIANCE.NS
25-04-2025,927.5148315,955.5999756,966.5,945.9000244,962.4000244,18500878,HDFCBANK.NS
25-04-2025,1394.043457,1404.800049,1414.800049,1388.400024,1410,11705093,ICICIBANK.NS
25-04-2025,1802.134277,1817.199951,1861.699951,1806,1846.699951,4570083,BHARTIARTL.NS
25-04-2025,400.5259399,427.7999878,432.7000122,423.2999878,430.0499878,22944377,ITC.NS
25-04-2025,1765.410889,1787.400024,1815.5,1764.199951,1806,2036801,SUNPHARMA.NS
25-04-2025,900.0789185,911.2000122,934.4500122,899,931.0499878,10893540,BAJFINANCE.NS
24-04-2025,3226.295654,3401.600098,3412.5,3387.699951,3401.100098,2252175,TCS.NS
24-04-2025,1398.83667,1471.400024,1482.900024,1461.5,1469.900024,7114292,INFY.NS
24-04-2025,1290.455688,1301.599976,1304.5,1290.300049,1292.400024,10468940,RELIANCE.NS
24-04-2025,930.232605,958.4000244,961.9500122,952.5499878,955,25931754,HDFCBANK.NS
24-04-2025,1391.959473,1402.699951,1421.199951,1398.800049,1416.300049,15678099,ICICIBANK.NS
24-04-2025,1830.298828,1845.599976,1877.800049,1839.5,1874.5,5180688,BHARTIARTL.NS
24-04-2025,402.6324768,430.0499878,436.0499878,429.2999878,431.8500061,26064089,ITC.NS
24-04-2025,1781.707886,1803.900024,1807.900024,1773.900024,1790,2101177,SUNPHARMA.NS
24-04-2025,918.74823,930.0999756,966,927.2999878,962,18496710,BAJFINANCE.NS
23-04-2025,3237.10791,3413,3420.899902,3337.300049,3365,3543923,TCS.NS
23-04-2025,1402.164063,1474.900024,1487.800049,1439.599976,1446,11136642,INFY.NS
23-04-2025,1288.869385,1300,1306,1285.400024,1297,10480888,RELIANCE.NS
23-04-2025,933.6782837,961.9500122,989.4500122,960.25,989.4500122,30570642,HDFCBANK.NS
23-04-2025,1413.493408,1424.400024,1429.900024,1411.300049,1429,13990764,ICICIBANK.NS
23-04-2025,1866.000366,1881.599976,1885.900024,1836.099976,1867,6855027,BHARTIARTL.NS
23-04-2025,403.3815002,430.8500061,437.4500122,428.8500061,436.2000122,19566317,ITC.NS
23-04-2025,1766.793579,1788.800049,1791.300049,1742.099976,1754.199951,1471029,SUNPHARMA.NS
23-04-2025,920.9213867,932.2999878,934.8499756,915,928.2000122,10818710,BAJFINANCE.NS
22-04-2025,3143.5896,3314.399902,3333.899902,3295,3322.600098,2710498,TCS.NS
22-04-2025,1352.633423,1422.800049,1440,1419.300049,1440,9399738,INFY.NS
22-04-2025,1280.144653,1291.199951,1303.900024,1286.300049,1300,13051707,RELIANCE.NS
22-04-2025,952.0227661,980.8499756,985.2999878,967.5,967.5,45961750,HDFCBANK.NS
22-04-2025,1405.653931,1416.5,1418.800049,1398.900024,1412.800049,16135274,ICICIBANK.NS
22-04-2025,1836.844116,1852.199951,1888,1836.800049,1888,6155127,BHARTIARTL.NS
22-04-2025,405.9561768,433.6000061,434.7999878,423.5499878,425.9500122,32031936,ITC.NS
22-04-2025,1725.902954,1747.400024,1755,1734.5,1751,961907,SUNPHARMA.NS
22-04-2025,914.7476807,926.0499878,939.2999878,923,929.5,11293580,BAJFINANCE.NS
21-04-2025,3150.418457,3321.600098,3354,3284.100098,3290.100098,2432946,TCS.NS
21-04-2025,1379.442627,1451,1471.800049,1410,1410,15648970,INFY.NS
21-04-2025,1284.407959,1295.5,1300.900024,1267,1270,10429964,RELIANCE.NS
21-04-2025,935.2312012,963.5499878,975.3499756,955,962,34247298,HDFCBANK.NS
21-04-2025,1399.005249,1409.800049,1436,1404.699951,1436,16882426,ICICIBANK.NS
21-04-2025,1867.785522,1883.400024,1904.300049,1868.599976,1898.400024,3501123,BHARTIARTL.NS
21-04-2025,395.8915405,422.8500061,429.1000061,421.5,428.0499878,27388236,ITC.NS
21-04-2025,1723.433716,1744.900024,1761,1731.300049,1761,1539511,SUNPHARMA.NS
21-04-2025,916.0317993,927.3499756,931.5,914.1500244,917,7824150,BAJFINANCE.NS
17-04-2025,3128.888428,3298.899902,3303.600098,3218,3245.5,2932346,TCS.NS
17-04-2025,1349.496094,1419.5,1429.800049,1378.300049,1398,14264227,INFY.NS
17-04-2025,1263.587769,1274.5,1280.199951,1227.599976,1240.199951,15398401,RELIANCE.NS
17-04-2025,925.3309326,953.3499756,959.8499756,938.3499756,941,35703084,HDFCBANK.NS
17-04-2025,1395.928833,1406.699951,1408.900024,1360.099976,1362,17490424,ICICIBANK.NS
17-04-2025,1873.438232,1889.099976,1897.699951,1825.699951,1834,10894325,BHARTIARTL.NS
17-04-2025,400.0110474,427.25,427.8500061,421.5499878,425,22410217,ITC.NS
17-04-2025,1729.952393,1751.5,1758,1687.400024,1695,2683908,SUNPHARMA.NS
17-04-2025,905.0672607,916.25,919,895.2000122,904,11415130,BAJFINANCE.NS
16-04-2025,3105.081543,3273.800049,3278.100098,3229,3248.199951,2384391,TCS.NS
16-04-2025,1343.411743,1413.099976,1427.5,1396.800049,1425,12022740,INFY.NS
16-04-2025,1228.689209,1239.300049,1240.900024,1229,1234.099976,8248464,RELIANCE.NS
16-04-2025,911.40271,939,941.9000244,930.25,941.9000244,19136820,HDFCBANK.NS
16-04-2025,1346.014038,1356.400024,1359.699951,1342.900024,1357,14039073,ICICIBANK.NS
16-04-2025,1807.489502,1822.599976,1826.5,1794.099976,1802.400024,6180958,BHARTIARTL.NS
16-04-2025,397.3895569,424.4500122,426.0499878,418,418,13034594,ITC.NS
16-04-2025,1672.270996,1693.099976,1702.699951,1682.099976,1691.099976,2205374,SUNPHARMA.NS
16-04-2025,894.5966797,905.6500244,917.1500244,896.4000244,914.9500122,7198220,BAJFINANCE.NS
15-04-2025,3080.801025,3248.199951,3314.399902,3238.600098,3314.399902,3512160,TCS.NS
15-04-2025,1355.675537,1426,1447.699951,1409,1445.599976,10178530,INFY.NS
15-04-2025,1229.4823,1240.099976,1251,1237.099976,1251,13378535,RELIANCE.NS
15-04-2025,905.0452271,932.4500122,938.4000244,927.5,932.5,49298344,HDFCBANK.NS
15-04-2025,1339.86145,1350.199951,1354.300049,1336.199951,1351,15202603,ICICIBANK.NS
15-04-2025,1783.886963,1798.800049,1820,1781.099976,1808.199951,10313411,BHARTIARTL.NS
15-04-2025,393.5977173,420.3999939,429.2000122,419,429.2000122,11685880,ITC.NS
15-04-2025,1684.024536,1705,1724.5,1696.800049,1720,1993085,SUNPHARMA.NS
15-04-2025,902.9434814,914.0999756,929,907.5499878,925.5499878,12633610,BAJFINANCE.NS
11-04-2025,3064.96167,3231.5,3298.949951,3206,3289.550049,7108961,TCS.NS
11-04-2025,1339.94165,1409.449951,1438.800049,1397.050049,1411.25,12567440,INFY.NS
11-04-2025,1208.513306,1218.949951,1222.650024,1195.150024,1195.150024,11224242,RELIANCE.NS
11-04-2025,876.8247681,903.375,909.7000122,887.375,887.375,32775766,HDFCBANK.NS
11-04-2025,1301.606689,1311.650024,1325,1305.099976,1305.099976,13064247,ICICIBANK.NS
11-04-2025,1742.036743,1756.599976,1767,1732.349976,1760,8340002,BHARTIARTL.NS
11-04-2025,394.6743774,421.5499878,422.4500122,417,420,8939356,ITC.NS
11-04-2025,1666.789307,1687.550049,1737,1682.099976,1710,3801939,SUNPHARMA.NS
11-04-2025,881.2219238,892.1099854,897.3499756,881.0700073,882.5050049,10097220,BAJFINANCE.NS
09-04-2025,3079.283936,3246.600098,3270,3212.050049,3260.550049,2990265,TCS.NS
09-04-2025,1334.47522,1403.699951,1409.449951,1381.900024,1405.050049,8546854,INFY.NS
09-04-2025,1175.20105,1185.349976,1189.800049,1168,1169.5,10223104,RELIANCE.NS
09-04-2025,856.5632935,882.5,887.5,876.75,882.5,22454608,HDFCBANK.NS
09-04-2025,1290.839844,1300.800049,1305.099976,1284.5,1304.949951,13005622,ICICIBANK.NS
09-04-2025,1701.327148,1715.550049,1726.849976,1711.599976,1719.650024,5600666,BHARTIARTL.NS
09-04-2025,389.7590942,416.2999878,419.0499878,411.25,413,21785572,ITC.NS
09-04-2025,1631.874023,1652.199951,1679.75,1640,1650,3481864,SUNPHARMA.NS
09-04-2025,862.9180908,873.5800171,884.2000122,862.5,881.5,10487740,BAJFINANCE.NS
08-04-2025,3123.244873,3292.949951,3349,3255.300049,3302.050049,5557558,TCS.NS
08-04-2025,1358.337524,1428.800049,1456.5,1415,1431,12805001,INFY.NS
08-04-2025,1172.078003,1182.199951,1196.599976,1163.300049,1172,19555040,RELIANCE.NS
08-04-2025,858.5773315,884.5750122,891,875.1500244,882.5,35563872,HDFCBANK.NS
08-04-2025,1289.946655,1299.900024,1310.050049,1287.349976,1299.849976,13085762,ICICIBANK.NS
08-04-2025,1706.136841,1720.400024,1742.300049,1706.800049,1720.699951,7206935,BHARTIARTL.NS
08-04-2025,386.2481689,412.5499878,415.7999878,407.25,411.8999939,18600796,ITC.NS
08-04-2025,1667.579468,1688.349976,1709.849976,1645,1645,2807382,SUNPHARMA.NS
08-04-2025,871.4575806,882.2249756,887.2999878,865,865,14775630,BAJFINANCE.NS
07-04-2025,3105.318848,3274.050049,3291.399902,3056.050049,3100,6623955,TCS.NS
07-04-2025,1327.868042,1396.75,1405.900024,1307,1352,21715252,INFY.NS
07-04-2025,1155.719238,1165.699951,1171.25,1114.849976,1132.199951,22156106,RELIANCE.NS
07-04-2025,853.0205078,878.8499756,889.9249878,869.0999756,881.4000244,37995450,HDFCBANK.NS
07-04-2025,1277.691284,1287.550049,1325,1265,1295.25,19185012,ICICIBANK.NS
07-04-2025,1672.666748,1686.650024,1774.75,1669.400024,1730,14870388,BHARTIARTL.NS
07-04-2025,380.1625671,406.0499878,408.1000061,390.1499939,390.1499939,26762866,ITC.NS
07-04-2025,1645.849976,1666.349976,1692,1620.099976,1620.099976,5715334,SUNPHARMA.NS
07-04-2025,846.3428345,856.7999878,860.0499878,830.7150269,834,13981240,BAJFINANCE.NS
04-04-2025,3129.362549,3299.399902,3399.649902,3295.5,3362.600098,5317367,TCS.NS
04-04-2025,1380.060669,1451.650024,1472,1448,1460.5,9590254,INFY.NS
04-04-2025,1194.385254,1204.699951,1245.449951,1193.150024,1241.099976,17908652,RELIANCE.NS
04-04-2025,881.9447632,908.6500244,920.9749756,905.5499878,906.5,33540454,HDFCBANK.NS
04-04-2025,1325.075684,1335.300049,1338.550049,1322.099976,1329.550049,8648542,ICICIBANK.NS
04-04-2025,1728.995728,1743.449951,1770.800049,1740,1754.5,7817334,BHARTIARTL.NS
04-04-2025,383.579895,409.7000122,412.7999878,404.5,407.5,18627592,ITC.NS
04-04-2025,1688.320923,1709.349976,1778.849976,1658.050049,1778.849976,5345276,SUNPHARMA.NS
04-04-2025,861.2437744,871.8850098,879.7000122,858.3800049,865.5999756,18496580,BAJFINANCE.NS
03-04-2025,3227.765869,3403.149902,3502,3396.149902,3491,4537821,TCS.NS
03-04-2025,1422.69873,1496.5,1534.650024,1485.050049,1534.650024,10459504,INFY.NS
03-04-2025,1238.008545,1248.699951,1251.800049,1233.050049,1233.050049,7434366,RELIANCE.NS
03-04-2025,871.0496216,897.4249878,902,888.5,890.5499878,11250038,HDFCBANK.NS
03-04-2025,1319.369751,1329.550049,1333,1321.25,1321.949951,4591008,ICICIBANK.NS
03-04-2025,1731.524658,1746,1754.949951,1735.449951,1748,2341989,BHARTIARTL.NS
03-04-2025,383.2990112,409.3999939,410.2000122,406.7000122,407.0499878,7059566,ITC.NS
03-04-2025,1748.224854,1770,1812.699951,1750,1755,5715573,SUNPHARMA.NS
03-04-2025,848.970459,859.460022,876.5,846.0200195,865,13966330,BAJFINANCE.NS
02-04-2025,3361.30957,3543.949951,3564.100098,3530.050049,3544,1764313,TCS.NS
02-04-2025,1473.703003,1550.150024,1555.650024,1535.199951,1535.199951,6193478,INFY.NS
02-04-2025,1240.437622,1251.150024,1255.550049,1243.900024,1247.550049,10142590,RELIANCE.NS
02-04-2025,872.0444946,898.4500122,899.5999756,885.3499756,885.3499756,11573564,HDFCBANK.NS
02-04-2025,1321.056641,1331.25,1337.949951,1322.150024,1322.150024,8042214,ICICIBANK.NS
02-04-2025,1740.053345,1754.599976,1760.400024,1716.949951,1720,6431226,BHARTIARTL.NS
02-04-2025,382.9713135,409.0499878,410,406.0499878,407.0499878,8001323,ITC.NS
02-04-2025,1692.568115,1713.650024,1718.449951,1685.900024,1695,3369489,SUNPHARMA.NS
02-04-2025,856.3442383,866.9249878,875.9849854,861.2000122,873,6464950,BAJFINANCE.NS
01-04-2025,3367.806152,3550.800049,3584,3525,3572.699951,2618493,TCS.NS
01-04-2025,1451.219238,1526.5,1547.400024,1517.849976,1539.25,12680733,INFY.NS
01-04-2025,1241.875122,1252.599976,1277.900024,1249.300049,1264.599976,12099648,RELIANCE.NS
01-04-2025,857.9464111,883.9249878,904.9500122,882.6749878,901,28511006,HDFCBANK.NS
01-04-2025,1308.354614,1318.449951,1352.349976,1315.400024,1340,14288024,ICICIBANK.NS
01-04-2025,1709.855835,1724.150024,1765,1708.449951,1715,6773056,BHARTIARTL.NS
01-04-2025,380.7243652,406.6499939,414.3999939,405.6000061,409.7999878,15206240,ITC.NS
01-04-2025,1677.456421,1698.349976,1733.949951,1681.599976,1731,4142445,SUNPHARMA.NS
01-04-2025,859.2039795,869.8200073,892.5,867.0999756,878.3300171,11834240,BAJFINANCE.NS
28-03-2025,3420.303467,3606.149902,3660.949951,3591.899902,3651,2051919,TCS.NS
28-03-2025,1493.191895,1570.650024,1598.449951,1560,1590,6799047,INFY.NS
28-03-2025,1264.182495,1275.099976,1295.75,1269,1280,18147129,RELIANCE.NS
28-03-2025,887.2345581,914.0999756,918,902.9249878,914.5,28773648,HDFCBANK.NS
28-03-2025,1338.025635,1348.349976,1357.949951,1327.199951,1336,8266544,ICICIBANK.NS
28-03-2025,1719.029175,1733.400024,1745.75,1660,1733.300049,4133264,BHARTIARTL.NS
28-03-2025,383.626709,409.75,415.6000061,408.1499939,410.8999939,12981873,ITC.NS
28-03-2025,1713.359131,1734.699951,1741.349976,1705.199951,1731.449951,1956781,SUNPHARMA.NS
28-03-2025,883.6420288,894.5599976,902.8900146,886.0999756,899.7600098,9770990,BAJFINANCE.NS
27-03-2025,3463.032227,3651.199951,3663,3610.5,3614.850098,2528474,TCS.NS
27-03-2025,1524.469482,1603.550049,1619.949951,1586,1595.550049,9426573,INFY.NS
27-03-2025,1267.255981,1278.199951,1285,1271.300049,1278.150024,15028056,RELIANCE.NS
27-03-2025,885.8514404,912.6749878,920.5,899.0499878,900,41658100,HDFCBANK.NS
27-03-2025,1326.415283,1336.650024,1351.5,1333.150024,1333.150024,15109614,ICICIBANK.NS
27-03-2025,1710.401123,1724.699951,1746.400024,1713.25,1739.949951,6222339,BHARTIARTL.NS
27-03-2025,383.3458252,409.4500122,410.7000122,405.6499939,408,18642328,ITC.NS
27-03-2025,1710.14917,1731.449951,1752.300049,1720,1751,3279881,SUNPHARMA.NS
27-03-2025,889.3959351,900.3850098,905.539978,882.2249756,886.0999756,20920440,BAJFINANCE.NS
26-03-2025,3448.426025,3635.800049,3680.5,3625.850098,3647.75,1734499,TCS.NS
26-03-2025,1520.571533,1599.449951,1637.75,1595,1626,6651302,INFY.NS
26-03-2025,1262.150146,1273.050049,1293.800049,1268.75,1291,12074747,RELIANCE.NS
26-03-2025,876.7277222,903.2750244,913.75,901,912.5,24478442,HDFCBANK.NS
26-03-2025,1325.671021,1335.900024,1358,1331.5,1344.050049,10859639,ICICIBANK.NS
26-03-2025,1724.136475,1738.550049,1765,1726.150024,1739.150024,7142394,BHARTIARTL.NS
26-03-2025,381.3796997,407.3500061,411.2000122,406.25,410.2999878,13891436,ITC.NS
26-03-2025,1737.310669,1758.949951,1770.800049,1746.099976,1767.949951,1762361,SUNPHARMA.NS
26-03-2025,875.7840576,886.6049805,912.6900024,884.9949951,910.2050171,8862110,BAJFINANCE.NS
25-03-2025,3469.244629,3657.75,3710,3638,3645,3135390,TCS.NS
25-03-2025,1548.141479,1628.449951,1636.150024,1605,1605,9890140,INFY.NS
25-03-2025,1274.44397,1285.449951,1307.699951,1282.599976,1307.699951,13713899,RELIANCE.NS
25-03-2025,883.9587402,910.7249756,921.8499756,900.75,902.4500122,39101416,HDFCBANK.NS
25-03-2025,1333.411255,1343.699951,1363.800049,1330.050049,1359,16419207,ICICIBANK.NS
25-03-2025,1716.153076,1730.5,1740.5,1706.099976,1725,4857399,BHARTIARTL.NS
25-03-2025,383.6734924,409.7999878,415.25,408.7000122,412,20338110,ITC.NS
25-03-2025,1743.039307,1764.75,1795.949951,1758.5,1784.800049,1471028,SUNPHARMA.NS
25-03-2025,895.6585693,906.7249756,926.0050049,897.7050171,912.5,17482600,BAJFINANCE.NS
24-03-2025,3441.928711,3628.949951,3649.75,3566.600098,3600,1834751,TCS.NS
24-03-2025,1514.202148,1592.75,1607.099976,1572.699951,1597.949951,8857726,INFY.NS
24-03-2025,1290.951416,1302.099976,1306,1284.25,1291,20299319,RELIANCE.NS
24-03-2025,873.5489502,900,902.2000122,886.8250122,889.5,17393736,HDFCBANK.NS
24-03-2025,1347.750732,1358.150024,1373,1345.050049,1355.949951,9352280,ICICIBANK.NS
24-03-2025,1704.550171,1718.800049,1740,1714.849976,1740,4120999,BHARTIARTL.NS
24-03-2025,384.7033691,410.8999939,412.8500061,405.6000061,407,14362572,ITC.NS
24-03-2025,1762.842773,1784.800049,1820,1777.599976,1794.5,1182084,SUNPHARMA.NS
24-03-2025,897.9107666,909.0050049,911.5,892.7000122,909.5949707,14332170,BAJFINANCE.NS
21-03-2025,3393.699463,3578.100098,3616.25,3465,3475,4161925,TCS.NS
21-03-2025,1514.011963,1592.550049,1603.900024,1563.650024,1577.949951,10074677,INFY.NS
21-03-2025,1265.421875,1276.349976,1281,1270.099976,1275,21780769,RELIANCE.NS
21-03-2025,859.159668,885.1749878,887.0499878,877.7750244,877.7750244,33508264,HDFCBANK.NS
21-03-2025,1332.815918,1343.099976,1349,1311.599976,1316,60494318,ICICIBANK.NS
21-03-2025,1711.492188,1725.800049,1731.400024,1692,1709.650024,14715349,BHARTIARTL.NS
21-03-2025,379.6944885,405.5499878,407.5,401.7000122,405.9500122,25302035,ITC.NS
21-03-2025,1762.546509,1784.5,1792.800049,1750.25,1759,2483162,SUNPHARMA.NS
21-03-2025,880.7280273,891.6099854,908.9000244,883.0999756,903.9949951,27448010,BAJFINANCE.NS
20-03-2025,3379.519531,3563.149902,3578.949951,3512,3512,2845192,TCS.NS
20-03-2025,1535.877808,1615.550049,1631.900024,1592,1592,7186750,INFY.NS
20-03-2025,1258.283447,1269.150024,1273,1250.050049,1251.849976,15971477,RELIANCE.NS
20-03-2025,858.3831787,884.375,887,874.6500244,877,17833978,HDFCBANK.NS
20-03-2025,1311.579712,1321.699951,1324.25,1311.050049,1320,10886735,ICICIBANK.NS
20-03-2025,1691.112427,1705.25,1709.650024,1646.099976,1660,12074465,BHARTIARTL.NS
20-03-2025,378.1965027,403.9500122,406.6499939,401.8999939,405,16994037,ITC.NS
20-03-2025,1728.717896,1750.25,1757.150024,1722.900024,1735.650024,1602232,SUNPHARMA.NS
20-03-2025,857.371582,867.9650269,876.8049927,854.1149902,872.5,7924330,BAJFINANCE.NS
19-03-2025,3316.873779,3497.100098,3547,3462.75,3547,3051244,TCS.NS
19-03-2025,1508.307861,1586.550049,1603,1572.800049,1603,7387068,INFY.NS
19-03-2025,1236.471924,1247.150024,1253.25,1238.800049,1241.050049,16162399,RELIANCE.NS
19-03-2025,846.4204102,872.0499878,875.5,866.0999756,867.5,15221406,HDFCBANK.NS
19-03-2025,1303.045532,1313.099976,1318.300049,1302.150024,1305.599976,11278014,ICICIBANK.NS
19-03-2025,1623.577026,1637.150024,1642.050049,1627.5,1635,6283464,BHARTIARTL.NS
19-03-2025,377.3538513,403.0499878,410.75,402.6000061,410,12830387,ITC.NS
19-03-2025,1711.038086,1732.349976,1748,1726.300049,1747.800049,2167448,SUNPHARMA.NS
19-03-2025,862.5032349,873.1599731,887.9000244,868.2600098,870,12898200,BAJFINANCE.NS
18-03-2025,3317.442871,3497.699951,3497.699951,3497.699951,3497.699951,0,TCS.NS
18-03-2025,1511.635254,1590.050049,1590.050049,1590.050049,1590.050049,0,INFY.NS
18-03-2025,1228.24292,1238.849976,1238.849976,1238.849976,1238.849976,0,RELIANCE.NS
18-03-2025,830.0656128,855.2000122,855.2000122,855.2000122,855.2000122,0,HDFCBANK.NS
18-03-2025,1259.283325,1269,1269,1269,1269,0,ICICIBANK.NS
18-03-2025,1625.560547,1639.150024,1639.150024,1639.150024,1639.150024,0,BHARTIARTL.NS
18-03-2025,383.018158,409.1000061,411.9500122,407.75,410,13861897,ITC.NS
18-03-2025,1683.33313,1704.300049,1704.300049,1704.300049,1704.300049,0,SUNPHARMA.NS
18-03-2025,847.5627441,858.0349731,858.0349731,858.0349731,858.0349731,0,BAJFINANCE.NS
17-03-2025,3317.442871,3497.699951,3530.449951,3477.350098,3489,2690906,TCS.NS
17-03-2025,1511.635254,1590.050049,1594,1545.150024,1545.150024,7526032,INFY.NS
17-03-2025,1228.24292,1238.849976,1257.400024,1233.099976,1242.150024,16640917,RELIANCE.NS
17-03-2025,830.0656128,855.2000122,862,852.5,852.5,18950652,HDFCBANK.NS
17-03-2025,1259.283325,1269,1273.949951,1254.75,1257.050049,11164812,ICICIBANK.NS
17-03-2025,1625.560547,1639.150024,1648.400024,1612.199951,1612.199951,6405522,BHARTIARTL.NS
17-03-2025,381.9414978,407.9500122,416.25,407,413,5257805,ITC.NS
17-03-2025,1683.33313,1704.300049,1720.150024,1688.349976,1694.050049,2588408,SUNPHARMA.NS
17-03-2025,847.5627441,858.0349731,862.9949951,838.5999756,839.9199829,11020850,BAJFINANCE.NS
13-03-2025,3330.10498,3511.050049,3524.300049,3484.100098,3502.300049,1693004,TCS.NS
13-03-2025,1501.938232,1579.849976,1606.050049,1570.300049,1599.25,7822888,INFY.NS
13-03-2025,1237.215454,1247.900024,1264.150024,1243.849976,1260.050049,9505270,RELIANCE.NS
13-03-2025,828.2214966,853.2999878,860.4000244,850.0250244,858.0250244,15736264,HDFCBANK.NS
13-03-2025,1240.478394,1250.050049,1255.599976,1245.300049,1251.050049,8132940,ICICIBANK.NS
13-03-2025,1618.965576,1632.5,1656.900024,1629.599976,1650.800049,8317331,BHARTIARTL.NS
13-03-2025,385.7800903,412.0499878,414.3999939,408.2000122,413,8196569,ITC.NS
13-03-2025,1662.739624,1683.449951,1687.150024,1663.449951,1672,1666929,SUNPHARMA.NS
13-03-2025,831.7678833,842.0449829,856,839.2999878,850,12173510,BAJFINANCE.NS
12-03-2025,3325.504639,3506.199951,3569.25,3486.850098,3565,3174167,TCS.NS
12-03-2025,1512.39563,1590.849976,1636.900024,1563.800049,1636.900024,14870008,INFY.NS
12-03-2025,1246.287231,1257.050049,1263,1244,1258,11977555,RELIANCE.NS
12-03-2025,830.4295654,855.5750122,859.25,845.7750244,845.7750244,18784106,HDFCBANK.NS
12-03-2025,1234.425049,1243.949951,1251.949951,1235.300049,1246.949951,11548372,ICICIBANK.NS
12-03-2025,1629.229736,1642.849976,1716.650024,1634,1690,9907628,BHARTIARTL.NS
12-03-2025,386.1077881,412.3999939,413.2999878,404,406.3999939,13844306,ITC.NS
12-03-2025,1656.220825,1676.849976,1680.25,1658.050049,1662,2389362,SUNPHARMA.NS
12-03-2025,838.0899048,848.4450073,852.4500122,827.2550049,834.1099854,20882230,BAJFINANCE.NS
11-03-2025,3391.043701,3575.300049,3588.75,3537.649902,3558,1995450,TCS.NS
11-03-2025,1579.656616,1661.599976,1680,1637.050049,1680,12671234,INFY.NS
11-03-2025,1236.620605,1247.300049,1249.5,1229.75,1240,10089838,RELIANCE.NS
11-03-2025,817.9815674,842.75,847,835.0250244,841.2000122,19898430,HDFCBANK.NS
11-03-2025,1235.864014,1245.400024,1248,1217.199951,1217.199951,10927950,ICICIBANK.NS
11-03-2025,1649.163086,1662.949951,1676.400024,1624.050049,1630,6078564,BHARTIARTL.NS
11-03-2025,380.3030701,406.2000122,408.3999939,401.2000122,401.5,11099475,ITC.NS
11-03-2025,1634.935913,1655.300049,1663.599976,1605.349976,1616.099976,3325416,SUNPHARMA.NS
11-03-2025,823.8655396,834.0449829,837.5,821.125,830.5,8135670,BAJFINANCE.NS
10-03-2025,3404.654297,3589.649902,3622.100098,3582.600098,3606.5,1004626,TCS.NS
10-03-2025,1617.541382,1701.449951,1719,1676.199951,1686,7558981,INFY.NS
10-03-2025,1227.796875,1238.400024,1258,1235.400024,1245,11931051,RELIANCE.NS
10-03-2025,818.9521484,843.75,849.9500122,841.5250244,844.5,15604050,HDFCBANK.NS
10-03-2025,1205.547852,1214.849976,1225.800049,1208,1208,7363437,ICICIBANK.NS
10-03-2025,1617.428467,1630.949951,1654.900024,1626.599976,1640,3778450,BHARTIARTL.NS
10-03-2025,379.1795349,405,406.8500061,400.3999939,401.0499878,9785018,ITC.NS
10-03-2025,1591.674805,1611.5,1641.449951,1602.75,1621.949951,1600589,SUNPHARMA.NS
10-03-2025,824.078064,834.2600098,863.789978,832.6049805,843.7750244,10164530,BAJFINANCE.NS
07-03-2025,3425.09375,3611.199951,3625,3574.399902,3600,2051315,TCS.NS
07-03-2025,1602.853271,1686,1705,1675.5,1703.099976,8019331,INFY.NS
07-03-2025,1239.099243,1249.800049,1254.800049,1212,1216,16474965,RELIANCE.NS
07-03-2025,819.8013916,844.625,850.5750122,838.7999878,841,13372914,HDFCBANK.NS
07-03-2025,1205.250244,1214.550049,1217.849976,1206.300049,1211.099976,6620284,ICICIBANK.NS
07-03-2025,1617.180542,1630.699951,1642.400024,1615.599976,1629,3035558,BHARTIARTL.NS
07-03-2025,378.1496582,403.8999939,405.8500061,401.7000122,403.5499878,11180761,ITC.NS
07-03-2025,1589.501953,1609.300049,1628.75,1605.650024,1624,980890,SUNPHARMA.NS
07-03-2025,830.1924438,840.4500122,847,836.6450195,840.9899902,4729460,BAJFINANCE.NS
06-03-2025,3415.988525,3601.600098,3609.449951,3536.100098,3557,2786513,TCS.NS
06-03-2025,1631.231201,1715.849976,1722.300049,1691.099976,1715,10610547,INFY.NS
06-03-2025,1199.243286,1209.599976,1213.949951,1185.150024,1197,14468014,RELIANCE.NS
06-03-2025,820.7477417,845.5999756,849.9500122,836.125,843.5,32966088,HDFCBANK.NS
06-03-2025,1208.723511,1218.050049,1227.949951,1209,1227.949951,11949475,ICICIBANK.NS
06-03-2025,1613.412109,1626.900024,1631.75,1590.449951,1618,5174009,BHARTIARTL.NS
06-03-2025,379.8348999,405.7000122,409.7000122,400.5499878,409.1499939,17869996,ITC.NS
06-03-2025,1594.144043,1614,1617.900024,1572.550049,1598.25,2458676,SUNPHARMA.NS
06-03-2025,830.8197021,841.085022,845.9799805,827.5549927,836.5,8814220,BAJFINANCE.NS
05-03-2025,3364.249512,3547.050049,3600.350098,3520.850098,3520.850098,2501894,TCS.NS
05-03-2025,1627.095825,1711.5,1732.949951,1692.449951,1692.449951,8180782,INFY.NS
05-03-2025,1165.534424,1175.599976,1183,1157,1161,8664095,RELIANCE.NS
05-03-2025,820.1654053,845,855.4000244,844.125,850.9749756,21583872,HDFCBANK.NS
05-03-2025,1206.391357,1215.699951,1225.949951,1211.300049,1217,9052846,ICICIBANK.NS
05-03-2025,1604.83374,1618.25,1626.099976,1577.099976,1578,6295425,BHARTIARTL.NS
05-03-2025,379.2263489,405.0499878,412.75,394.5,394.5,15665018,ITC.NS
05-03-2025,1562.982178,1582.449951,1586.300049,1553.050049,1564.599976,2428171,SUNPHARMA.NS
05-03-2025,819.7415161,829.8699951,850,822.0999756,845.5,16300920,BAJFINANCE.NS
04-03-2025,3350.022949,3532.050049,3551,3464.300049,3474,2797737,TCS.NS
04-03-2025,1605.039917,1688.300049,1699,1670,1695,6759673,INFY.NS
04-03-2025,1151.951782,1161.900024,1174,1159.550049,1162.199951,11377373,RELIANCE.NS
04-03-2025,829.871521,855,857.1500244,846.625,849,19920958,HDFCBANK.NS
04-03-2025,1201.131958,1210.400024,1216.650024,1206.25,1207.150024,9574490,ICICIBANK.NS
04-03-2025,1562.289429,1575.349976,1590.5,1568,1589,5219668,BHARTIARTL.NS
04-03-2025,369.6766357,394.8500061,397.2000122,392.8500061,395.3999939,13404774,ITC.NS
04-03-2025,1547.228394,1566.5,1590,1556,1585,1717135,SUNPHARMA.NS
04-03-2025,848.1159668,858.5949707,861.9299927,851.3649902,852.2199707,7655060,BAJFINANCE.NS
03-03-2025,3313.032715,3493.050049,3523.25,3476.149902,3485,4990439,TCS.NS
03-03-2025,1624.338867,1708.599976,1728.599976,1692.300049,1692.300049,7504969,INFY.NS
03-03-2025,1161.22168,1171.25,1206.449951,1156,1204,17944938,RELIANCE.NS
03-03-2025,825.7706909,850.7750244,871.5250244,847.0499878,869.9000244,21205364,HDFCBANK.NS
03-03-2025,1196.964111,1206.199951,1217,1204.150024,1210.5,8158881,ICICIBANK.NS
03-03-2025,1582.569946,1595.800049,1602.75,1572.75,1579,6993525,BHARTIARTL.NS
03-03-2025,372.1109314,397.4500122,399,391.2000122,395.9500122,10702826,ITC.NS
03-03-2025,1565.599609,1585.099976,1607.400024,1582.199951,1585.300049,1425492,SUNPHARMA.NS
03-03-2025,852.2548218,862.7849731,865.0800171,843.8099976,853.5999756,8749960,BAJFINANCE.NS
28-02-2025,3303.737549,3483.25,3600,3457,3584.949951,7085018,TCS.NS
28-02-2025,1604.469604,1687.699951,1755.099976,1682.449951,1755.050049,12182167,INFY.NS
28-02-2025,1189.824707,1200.099976,1217.349976,1193.300049,1202,23007298,RELIANCE.NS
28-02-2025,840.7423706,866.2000122,868.625,842.5,842.5,54516728,HDFCBANK.NS
28-02-2025,1194.880249,1204.099976,1225,1200.099976,1216,20215075,ICICIBANK.NS
28-02-2025,1557.182129,1570.199951,1648.449951,1559.5,1641.949951,13640211,BHARTIARTL.NS
28-02-2025,369.8170776,395,402.5,392.2000122,399,31954776,ITC.NS
28-02-2025,1573.649292,1593.25,1671,1586.400024,1671,3549979,SUNPHARMA.NS
28-02-2025,842.6189575,853.0300293,867,851.0050049,866.5,17545800,BAJFINANCE.NS
27-02-2025,3426.374023,3612.550049,3638,3600.699951,3611.699951,3823856,TCS.NS
27-02-2025,1677.291992,1764.300049,1775.849976,1751.099976,1755.199951,5757079,INFY.NS
27-02-2025,1196.764771,1207.099976,1215,1200.650024,1212.800049,11509215,RELIANCE.NS
27-02-2025,825.3582153,850.3499756,855.375,841.2750244,841.2750244,35786800,HDFCBANK.NS
27-02-2025,1213.089722,1222.449951,1234.849976,1218.449951,1225.150024,12008162,ICICIBANK.NS
27-02-2025,1636.717285,1650.400024,1656,1638.650024,1643.400024,7568745,BHARTIARTL.NS
27-02-2025,375.9963074,401.6000061,406.5,399.5,404.8500061,19051003,ITC.NS
27-02-2025,1627.231934,1647.5,1653.099976,1605.050049,1628.949951,2744489,SUNPHARMA.NS
27-02-2025,859.9151611,870.539978,873.9000244,854.2600098,854.2600098,18382830,BAJFINANCE.NS
25-02-2025,3442.497803,3629.550049,3658,3621.25,3625,4101954,TCS.NS
25-02-2025,1680.52417,1767.699951,1778.449951,1745.150024,1745.150024,5092963,INFY.NS
25-02-2025,1193.691406,1204,1221,1201.5,1211,11552182,RELIANCE.NS
25-02-2025,816.4528198,841.1749878,844,835.5499878,835.5499878,24138708,HDFCBANK.NS
25-02-2025,1214.776733,1224.150024,1231.650024,1221,1226.599976,11059417,ICICIBANK.NS
25-02-2025,1627.79187,1641.400024,1649.150024,1597,1597,6286808,BHARTIARTL.NS
25-02-2025,379.0391235,404.8500061,407,400.5,402,15760891,ITC.NS
25-02-2025,1593.749023,1613.599976,1647.800049,1606.25,1639.5,2836717,SUNPHARMA.NS
25-02-2025,838.5195313,848.8800049,852.664978,833.8049927,835.4949951,10985410,BAJFINANCE.NS
24-02-2025,3486.175049,3675.600098,3763.199951,3670,3743.149902,2508516,TCS.NS
24-02-2025,1677.101807,1764.099976,1808,1750.25,1800.050049,7594720,INFY.NS
24-02-2025,1204.151123,1214.550049,1223.25,1210.5,1216.550049,7172498,RELIANCE.NS
24-02-2025,813.9049072,838.5499878,842.0999756,830.5499878,840.5499878,20693646,HDFCBANK.NS
24-02-2025,1209.021118,1218.349976,1231.900024,1210.25,1226.699951,11522480,ICICIBANK.NS
24-02-2025,1588.024292,1601.300049,1637.550049,1598,1627,4673190,BHARTIARTL.NS
24-02-2025,376.2771912,401.8999939,403.3999939,398.75,400,7037625,ITC.NS
24-02-2025,1619.3302,1639.5,1669.900024,1627.050049,1629.75,2357441,SUNPHARMA.NS
24-02-2025,825.2979126,835.4949951,839.9000244,831.1049805,832.7999878,3552600,BAJFINANCE.NS
21-02-2025,3590.88501,3786,3817,3775,3776.100098,1833931,TCS.NS
21-02-2025,1725.491577,1815,1829.849976,1806.199951,1821.800049,3379879,INFY.NS
21-02-2025,1217.634521,1228.150024,1240,1222.150024,1228.699951,6904025,RELIANCE.NS
21-02-2025,821.3786621,846.25,847.4749756,838.625,840.4500122,15680940,HDFCBANK.NS
21-02-2025,1223.509277,1232.949951,1244.699951,1224.550049,1241.099976,7786428,ICICIBANK.NS
21-02-2025,1625.659668,1639.25,1658.699951,1629.199951,1643.5,5447583,BHARTIARTL.NS
21-02-2025,375.3409424,400.8999939,403.25,399.2000122,402.0499878,8240986,ITC.NS
21-02-2025,1623.528076,1643.75,1684.400024,1632,1678.050049,2244190,SUNPHARMA.NS
21-02-2025,829.421936,839.6699829,842.0300293,828.7999878,836,6086470,BAJFINANCE.NS
20-02-2025,3584.625,3779.399902,3788,3751.300049,3761.5,2888572,TCS.NS
20-02-2025,1735.141113,1825.150024,1831,1805.550049,1805.550049,2218020,INFY.NS
20-02-2025,1222.442993,1233,1239.349976,1222,1223.949951,7795582,RELIANCE.NS
20-02-2025,818.7579956,843.5499878,857.3499756,842.6500244,855.5,26390510,HDFCBANK.NS
20-02-2025,1240.37915,1249.949951,1264,1246.75,1255.349976,8398849,ICICIBANK.NS
20-02-2025,1629.87439,1643.5,1649.800049,1627.25,1639.849976,5524503,BHARTIARTL.NS
20-02-2025,376.4176025,402.0499878,403.8999939,396.2000122,399.9500122,15355585,ITC.NS
20-02-2025,1648.763794,1669.300049,1677.949951,1663,1667.150024,1670915,SUNPHARMA.NS
20-02-2025,829.6936035,839.9450073,845.5599976,834.5650024,835.585022,7900700,BAJFINANCE.NS
19-02-2025,3589.083252,3784.100098,3874.949951,3768.149902,3872.199951,4366672,TCS.NS
19-02-2025,1721.498779,1810.800049,1849.199951,1805.900024,1847.400024,4611411,INFY.NS
19-02-2025,1216.94043,1227.449951,1232.75,1217.550049,1219.5,6217338,RELIANCE.NS
19-02-2025,838.21875,863.5999756,868.9500122,856.2249756,858.5,11884112,HDFCBANK.NS
19-02-2025,1251.989624,1261.650024,1264.449951,1230.25,1234.849976,10683412,ICICIBANK.NS
19-02-2025,1631.560303,1645.199951,1673.449951,1638.449951,1670,7776555,BHARTIARTL.NS
19-02-2025,380.4902649,406.3999939,408.7999878,404.5,404.7999878,7079032,ITC.NS
19-02-2025,1655.973877,1676.599976,1699,1647.099976,1665.099976,2576319,SUNPHARMA.NS
19-02-2025,833.6447754,843.9450073,852.9000244,840,845.914978,8961980,BAJFINANCE.NS
18-02-2025,3673.591064,3873.199951,3924.399902,3864.5,3898.399902,2149879,TCS.NS
18-02-2025,1760.619385,1851.949951,1861.650024,1837.599976,1842.300049,4365260,INFY.NS
18-02-2025,1214.908203,1225.400024,1229.900024,1216.099976,1224.849976,6673250,RELIANCE.NS
18-02-2025,836.2047119,861.5250244,865.7750244,853.0750122,856.5250244,16350910,HDFCBANK.NS
18-02-2025,1233.531982,1243.050049,1257.599976,1237.050049,1252.900024,8135042,ICICIBANK.NS
18-02-2025,1655.063843,1668.900024,1695.949951,1655.800049,1692,7529598,BHARTIARTL.NS
18-02-2025,379.4136047,405.25,410.8500061,404,408,12998403,ITC.NS
18-02-2025,1680.666382,1701.599976,1729.75,1698.400024,1714.199951,2163972,SUNPHARMA.NS
18-02-2025,836.2575073,846.5900269,848,836.0700073,843,8689770,BAJFINANCE.NS
17-02-2025,3703.27832,3904.5,3934,3856.199951,3856.5,1799806,TCS.NS
17-02-2025,1751.445313,1842.300049,1852.75,1822.150024,1838.550049,4428956,INFY.NS
17-02-2025,1214.412476,1224.900024,1227.5,1204.5,1211.099976,8166683,RELIANCE.NS
17-02-2025,833.4384766,858.6749878,860,840.625,842.5999756,12938946,HDFCBANK.NS
17-02-2025,1241.569946,1251.150024,1258.150024,1233.25,1251.150024,8386151,ICICIBANK.NS
17-02-2025,1661.658691,1675.550049,1716.900024,1666.25,1711.75,4906462,BHARTIARTL.NS
17-02-2025,382.5500488,408.6000061,411.3999939,406.75,409.7999878,11975265,ITC.NS
17-02-2025,1693.111206,1714.199951,1735.349976,1696.050049,1700.5,2277889,SUNPHARMA.NS
17-02-2025,832.3754883,842.6599731,848.7999878,822.0250244,822.0250244,8627990,BAJFINANCE.NS
14-02-2025,3732.064209,3934.850098,3948,3900,3925,1681975,TCS.NS
14-02-2025,1764.849854,1856.400024,1859.300049,1828.349976,1854,5292961,INFY.NS
14-02-2025,1206.827881,1217.25,1224,1205.449951,1219,10298145,RELIANCE.NS
14-02-2025,822.519104,847.4249878,850.9500122,840,850.9500122,19959892,HDFCBANK.NS
14-02-2025,1250.451416,1260.099976,1263.5,1244.449951,1252.099976,10368438,ICICIBANK.NS
14-02-2025,1702.814697,1717.050049,1724.099976,1705.25,1714,5125863,BHARTIARTL.NS
14-02-2025,384.0948486,410.25,416.2000122,408.3999939,411.75,14124236,ITC.NS
14-02-2025,1679.579834,1700.5,1748.949951,1685,1747.349976,2123774,SUNPHARMA.NS
14-02-2025,828.9873047,839.2299805,845.5599976,828.2000122,840.8549805,8633150,BAJFINANCE.NS
13-02-2025,3708.636963,3910.149902,3984.449951,3902.25,3968,2277310,TCS.NS
13-02-2025,1752.348389,1843.25,1873.5,1835.650024,1868.5,5237744,INFY.NS
13-02-2025,1205.687622,1216.099976,1228,1212,1217.050049,8511216,RELIANCE.NS
13-02-2025,823.9022217,848.8499756,857.125,846.7750244,849.5,12602434,HDFCBANK.NS
13-02-2025,1239.337158,1248.900024,1266,1245.900024,1252.550049,7263785,ICICIBANK.NS
13-02-2025,1700.384888,1714.599976,1728.400024,1703.900024,1710,5356002,BHARTIARTL.NS
13-02-2025,383.579895,409.7000122,413.9500122,409,409.9500122,12989029,ITC.NS
13-02-2025,1724.865845,1746.349976,1752.75,1699.949951,1700,2750390,SUNPHARMA.NS
13-02-2025,830.6369629,840.9000244,849.7999878,819.7050171,819.7050171,18003130,BAJFINANCE.NS
12-02-2025,3746.575439,3950.149902,4021.75,3940.149902,3971.100098,1678002,TCS.NS
12-02-2025,1771.266968,1863.150024,1894.599976,1847,1885,5633947,INFY.NS
12-02-2025,1206.133911,1216.550049,1226.900024,1193.349976,1219.449951,21131654,RELIANCE.NS
12-02-2025,828.3184814,853.4000244,856,840.5999756,846.5,22809570,HDFCBANK.NS
12-02-2025,1242.214966,1251.800049,1269.75,1244.650024,1257.199951,8809352,ICICIBANK.NS
12-02-2025,1697.360352,1711.550049,1713.699951,1684.5,1704,7148192,BHARTIARTL.NS
12-02-2025,383.7671509,409.8999939,413.7999878,407.6000061,413.1499939,13884574,ITC.NS
12-02-2025,1673.011719,1693.849976,1714.949951,1688.050049,1706.449951,1757284,SUNPHARMA.NS
12-02-2025,811.3799438,821.4050293,828.4000244,802.5,814.9650269,14837310,BAJFINANCE.NS
11-02-2025,3759.285156,3963.550049,4040,3955,4018.399902,1810908,TCS.NS
11-02-2025,1783.150513,1875.650024,1903,1870,1883.099976,4411601,INFY.NS
11-02-2025,1224.277222,1234.849976,1264.550049,1230.099976,1264.550049,8859714,RELIANCE.NS
11-02-2025,825.697876,850.7000122,855.5,844.3499756,851.5,22724704,HDFCBANK.NS
11-02-2025,1243.157715,1252.75,1261.849976,1248.400024,1255.849976,6586627,ICICIBANK.NS
11-02-2025,1682.682983,1696.75,1706.650024,1686.199951,1706,8965266,BHARTIARTL.NS
11-02-2025,385.54599,418.2999878,430.5499878,417.5,428.7999878,14288751,ITC.NS
11-02-2025,1678.839111,1699.75,1734.199951,1695.050049,1725.199951,2779274,SUNPHARMA.NS
11-02-2025,809.1228027,819.1199951,835.5100098,813.9349976,829.9000244,9630590,BAJFINANCE.NS
10-02-2025,3828.902344,4036.949951,4052,4014.350098,4040,1339511,TCS.NS
10-02-2025,1787.571289,1880.300049,1905,1878.599976,1905,3828734,INFY.NS
10-02-2025,1242.91626,1253.650024,1266.5,1245.550049,1264.5,6970972,RELIANCE.NS
10-02-2025,832.6619263,857.875,861.7249756,854.25,858.6500244,17195950,HDFCBANK.NS
10-02-2025,1252.932251,1262.599976,1265,1249.349976,1257.199951,5740361,ICICIBANK.NS
10-02-2025,1679.013672,1693.050049,1700,1678.050049,1698.849976,6782878,BHARTIARTL.NS
10-02-2025,393.7491455,427.2000122,433.2999878,426.5,427,12227140,ITC.NS
10-02-2025,1710.791138,1732.099976,1750,1723.699951,1741.25,1237839,SUNPHARMA.NS
10-02-2025,818.56604,828.6799927,848.7999878,822,847.8800049,12438380,BAJFINANCE.NS
07-02-2025,3821.740967,4029.399902,4090,4008,4090,1548940,TCS.NS
07-02-2025,1809.769775,1903.650024,1923.699951,1889.449951,1919.300049,4126260,INFY.NS
07-02-2025,1255.854492,1266.699951,1283.699951,1262,1276.150024,8764283,RELIANCE.NS
07-02-2025,840.9122314,866.375,883.5,862.5,875,23509600,HDFCBANK.NS
07-02-2025,1247.276001,1256.900024,1275,1249.550049,1272,7382039,ICICIBANK.NS
07-02-2025,1662.848755,1676.75,1707.550049,1635,1635.050049,14873255,BHARTIARTL.NS
07-02-2025,397.1133118,430.8500061,445.5,428.3999939,440,18875982,ITC.NS
07-02-2025,1728.273438,1749.800049,1753,1727.300049,1751.400024,1371545,SUNPHARMA.NS
07-02-2025,837.0823364,847.4249878,858.5,838.3900146,858.5,9665400,BAJFINANCE.NS
06-02-2025,3872.341797,4082.75,4139.5,4051.550049,4105.399902,2284536,TCS.NS
06-02-2025,1821.177979,1915.650024,1924,1900,1917,4765255,INFY.NS
06-02-2025,1270.577393,1281.550049,1288,1270.349976,1273.699951,9956001,RELIANCE.NS
06-02-2025,846.2990723,871.9249878,874.5,862,867.75,26760716,HDFCBANK.NS
06-02-2025,1262.657227,1272.400024,1279,1263.199951,1275,8396554,ICICIBANK.NS
06-02-2025,1606.321289,1619.75,1667.300049,1613.25,1665.900024,5229162,BHARTIARTL.NS
06-02-2025,406.5606995,441.1000061,450,438.2000122,450,17469129,ITC.NS
06-02-2025,1720.569336,1742,1768.349976,1736.300049,1753,3421791,SUNPHARMA.NS
06-02-2025,840.3469238,850.7299805,866.2800293,846.2000122,853.4249878,17094730,BAJFINANCE.NS
05-02-2025,3880.261719,4091.100098,4150,4076,4150,1693912,TCS.NS
05-02-2025,1803.495361,1897.050049,1919.699951,1894.300049,1906,4996744,INFY.NS
05-02-2025,1267.255981,1278.199951,1290.5,1276.699951,1282.650024,10112028,RELIANCE.NS
05-02-2025,843.3630371,868.9000244,872.0999756,859.4500122,866.5,23675506,HDFCBANK.NS
05-02-2025,1257.993164,1267.699951,1277.75,1265.150024,1270.199951,6840709,ICICIBANK.NS
05-02-2025,1646.683838,1660.449951,1675.199951,1649.099976,1670,3920893,BHARTIARTL.NS
05-02-2025,413.0586853,448.1499939,455.8500061,446.5,455.1499939,12836283,ITC.NS
05-02-2025,1720.816284,1752.75,1773.800049,1735.199951,1773.800049,1787905,SUNPHARMA.NS
05-02-2025,840.5593872,850.9450073,858.8699951,844.5499878,850,18674930,BAJFINANCE.NS
04-02-2025,3895.389648,4107.049805,4118.850098,4066.050049,4083.699951,2547132,TCS.NS
04-02-2025,1805.158936,1898.800049,1911.199951,1875,1889,7334787,INFY.NS
04-02-2025,1274.196045,1285.199951,1288.800049,1246.599976,1248.050049,16691069,RELIANCE.NS
04-02-2025,835.161377,860.4500122,862.9000244,840.0250244,844.3499756,28616502,HDFCBANK.NS
04-02-2025,1258.48938,1268.199951,1280.5,1260,1262.800049,14839077,ICICIBANK.NS
04-02-2025,1647.675537,1661.449951,1668.300049,1629.050049,1662.150024,6385876,BHARTIARTL.NS
04-02-2025,419.5105591,455.1499939,460.3500061,448.75,458,18923681,ITC.NS
04-02-2025,1733.088623,1765.25,1776.25,1740.650024,1749.300049,2796294,SUNPHARMA.NS
04-02-2025,837.190979,847.5349731,849,830.2999878,842.5,19663000,BAJFINANCE.NS
03-02-2025,3858.96875,4068.649902,4077,3998.699951,4030.899902,1265713,TCS.NS
03-02-2025,1771.409668,1863.300049,1876.550049,1832.400024,1836,4823228,INFY.NS
03-02-2025,1235.232666,1245.900024,1256,1237.550049,1251,9252345,RELIANCE.NS
03-02-2025,814.3417358,839,843.4000244,831.7249756,835,20276540,HDFCBANK.NS
03-02-2025,1243.405762,1253,1260,1237.800049,1246.849976,6176831,ICICIBANK.NS
03-02-2025,1638.651001,1652.349976,1661,1608.099976,1619.900024,4146970,BHARTIARTL.NS
03-02-2025,418.7732239,454.3500061,465.2000122,452.2999878,462,16991730,ITC.NS
03-02-2025,1708.887573,1740.599976,1785.900024,1710.550049,1781.449951,2210231,SUNPHARMA.NS
03-02-2025,832.2964478,842.5800171,843.9299927,792.1049805,792.2199707,43369260,BAJFINANCE.NS
01-02-2025,3863.236572,4073.149902,4135.899902,4056,4113,437172,TCS.NS
01-02-2025,1760.04895,1851.349976,1890.599976,1846,1880.300049,1701402,INFY.NS
01-02-2025,1253.772461,1264.599976,1270.550049,1241,1265.099976,7118453,RELIANCE.NS
01-02-2025,820.6264648,845.4749756,856.5,838.0250244,848.75,5587528,HDFCBANK.NS
01-02-2025,1245.936279,1255.550049,1261.349976,1233.800049,1251.150024,3011914,ICICIBANK.NS
01-02-2025,1609.792358,1623.25,1644,1609.199951,1627,2741589,BHARTIARTL.NS
01-02-2025,426.3311157,462.5499878,471.5,439.5499878,448,30393007,ITC.NS
01-02-2025,1710.458618,1742.199951,1789,1733.300049,1740,1477972,SUNPHARMA.NS
01-02-2025,790.2459717,800.0100098,810.9949951,778.4400024,788,16153780,BAJFINANCE.NS
31-01-2025,3900.463623,4112.399902,4128.450195,4085.25,4110,1492943,TCS.NS
31-01-2025,1787.095947,1879.800049,1897.449951,1871,1871,5820470,INFY.NS
31-01-2025,1254.268188,1265.099976,1267,1249,1255.849976,6584612,RELIANCE.NS
31-01-2025,824.4118042,849.375,852.3499756,841.9749756,843.625,15821686,HDFCBANK.NS
31-01-2025,1243.207397,1252.800049,1256,1239.099976,1254.5,10195417,ICICIBANK.NS
31-01-2025,1612.817017,1626.300049,1639.099976,1574.25,1639.099976,8340866,BHARTIARTL.NS
31-01-2025,412.4595642,447.5,448.2000122,435.1000061,436.5,13546181,ITC.NS
31-01-2025,1712.176636,1743.949951,1769.849976,1706.050049,1742,4275269,SUNPHARMA.NS
31-01-2025,778.8863525,788.5100098,798.0650024,779.0999756,792.5,18335460,BAJFINANCE.NS
30-01-2025,3888.75,4100.049805,4129.899902,4058.5,4099.899902,1531251,TCS.NS
30-01-2025,1768.224854,1859.949951,1887.199951,1844,1873.150024,7336056,INFY.NS
30-01-2025,1242.321411,1253.050049,1257,1232.400024,1235.550049,9269259,RELIANCE.NS
30-01-2025,820.8933716,845.75,848.9500122,836.2750244,840.5,25744846,HDFCBANK.NS
30-01-2025,1245.98584,1255.599976,1259.849976,1239.5,1250,11921041,ICICIBANK.NS
30-01-2025,1627.147217,1640.75,1644.949951,1595.199951,1606.699951,4283637,BHARTIARTL.NS
30-01-2025,402.0443726,436.2000122,438,431.4500122,433,22496695,ITC.NS
30-01-2025,1707.414917,1739.099976,1760.300049,1725.300049,1740.449951,2017991,SUNPHARMA.NS
30-01-2025,780.5211182,790.164978,825.0650024,785,785,56488830,BAJFINANCE.NS
29-01-2025,3888.513184,4099.799805,4107.850098,4054,4054,1217089,TCS.NS
29-01-2025,1788.474365,1881.25,1888.650024,1840.5,1845,5145155,INFY.NS
29-01-2025,1224.921631,1235.5,1242.75,1228.050049,1236,5928156,RELIANCE.NS
29-01-2025,814.0020142,838.6500244,840.5750122,834.4249878,837.5,12619890,HDFCBANK.NS
29-01-2025,1242.066162,1251.650024,1255.800049,1243.050049,1252,7666777,ICICIBANK.NS
29-01-2025,1587.181274,1600.449951,1626.900024,1593.150024,1620,5009227,BHARTIARTL.NS
29-01-2025,399.4175415,433.3500061,437.5,430.1000061,435.9500122,15158510,ITC.NS
29-01-2025,1703.733398,1735.349976,1744,1696,1705.5,1433336,SUNPHARMA.NS
29-01-2025,766.4945068,775.9650269,778.7000122,756.8950195,765.7249756,15149200,BAJFINANCE.NS
28-01-2025,3832.079346,4040.300049,4102,4028.300049,4070.800049,2468272,TCS.NS
28-01-2025,1739.514282,1829.75,1863.5,1824.900024,1830,6999495,INFY.NS
28-01-2025,1223.831055,1234.400024,1244.75,1218.5,1238,10568025,RELIANCE.NS
28-01-2025,810.6534424,835.2000122,842.1500244,823.5,823.5,30179312,HDFCBANK.NS
28-01-2025,1237.352539,1246.900024,1264,1236,1247.349976,18066499,ICICIBANK.NS
28-01-2025,1604.932861,1618.349976,1630.300049,1597,1607.650024,5216471,BHARTIARTL.NS
28-01-2025,401.3531189,435.4500122,441.7999878,434.5,440,20813072,ITC.NS
28-01-2025,1674.427246,1705.5,1780,1693.099976,1779.800049,5972497,SUNPHARMA.NS
28-01-2025,751.3762207,760.6599731,770.6799927,734.5,739,24789330,BAJFINANCE.NS
27-01-2025,3855.648682,4065.149902,4156.350098,4041.050049,4102,1551782,TCS.NS
27-01-2025,1732.146362,1822,1863,1812,1848.75,7652371,INFY.NS
27-01-2025,1218.824219,1229.349976,1240.449951,1220,1239.099976,9536019,RELIANCE.NS
27-01-2025,790.9500732,814.9000244,821.7999878,813,820.5499878,22804166,HDFCBANK.NS
27-01-2025,1218.547607,1227.949951,1234.650024,1193.099976,1195,16164687,ICICIBANK.NS
27-01-2025,1589.313477,1602.599976,1647.199951,1593.699951,1638.949951,6622807,BHARTIARTL.NS
27-01-2025,405.6390381,440.1000061,445,436.5499878,440.7999878,10480203,ITC.NS
27-01-2025,1754.295044,1786.849976,1824.25,1774.300049,1818.099976,1452975,SUNPHARMA.NS
27-01-2025,720.6409302,729.5449829,747.4500122,726,738.0100098,6928100,BAJFINANCE.NS
24-01-2025,3938.35498,4152.350098,4178,4104,4104,1910099,TCS.NS
24-01-2025,1782.960449,1875.449951,1894.900024,1864.25,1865.5,4887027,INFY.NS
24-01-2025,1235.629272,1246.300049,1273,1243.5,1266,14235970,RELIANCE.NS
24-01-2025,800.656189,824.9000244,835.1500244,822.25,830,24236200,HDFCBANK.NS
24-01-2025,1199.941162,1209.199951,1218,1202,1203.099976,9216792,ICICIBANK.NS
24-01-2025,1631.163696,1644.800049,1661.900024,1634.050049,1634.050049,3620058,BHARTIARTL.NS
24-01-2025,407.0215454,441.6000061,445,439.0499878,439.3999939,9665384,ITC.NS
24-01-2025,1789.000854,1822.199951,1843.099976,1808.199951,1829,1277935,SUNPHARMA.NS
24-01-2025,734.78125,743.8599854,750.5,733.8300171,744.3250122,6796870,BAJFINANCE.NS
23-01-2025,3931.810791,4145.450195,4191.350098,4140.049805,4168,1822998,TCS.NS
23-01-2025,1773.453491,1865.449951,1879.550049,1852.699951,1858,5907471,INFY.NS
23-01-2025,1252.830688,1263.650024,1277.349976,1261.599976,1270,8720682,RELIANCE.NS
23-01-2025,807.984314,832.4500122,843.5,825.625,843.5,34909158,HDFCBANK.NS
23-01-2025,1192.548218,1201.75,1207.900024,1186,1197.25,8770650,ICICIBANK.NS
23-01-2025,1622.436646,1636,1645.400024,1617.199951,1624.5,2457080,BHARTIARTL.NS
23-01-2025,405.7312012,440.2000122,441.8500061,434.1000061,435,8888248,ITC.NS
23-01-2025,1800.193237,1833.599976,1839.75,1786.050049,1788.099976,1974760,SUNPHARMA.NS
23-01-2025,735.2406006,744.3250122,752.4000244,732.5,734.0999756,10302950,BAJFINANCE.NS
22-01-2025,3942.386475,4156.600098,4163.149902,4044.199951,4050,2409223,TCS.NS
22-01-2025,1764.897461,1856.449951,1865.800049,1805.150024,1807.400024,8373913,INFY.NS
22-01-2025,1266.165527,1277.099976,1282.900024,1268.699951,1278.300049,10273590,RELIANCE.NS
22-01-2025,808.5423584,833.0250244,835.9500122,812.7249756,821.2000122,30619306,HDFCBANK.NS
22-01-2025,1191.258057,1200.449951,1207.5,1191.800049,1201,10377123,ICICIBANK.NS
22-01-2025,1618.221802,1631.75,1641,1622.550049,1627.5,3262136,BHARTIARTL.NS
22-01-2025,402.7817688,437,441.9500122,436.5499878,439.8999939,9619648,ITC.NS
22-01-2025,1766.174438,1798.949951,1803.599976,1773.849976,1777,2262270,SUNPHARMA.NS
22-01-2025,730.6869507,739.7150269,742.0250244,726.0349731,733.9000244,7273680,BAJFINANCE.NS
21-01-2025,3827.859131,4035.850098,4111,4030,4095.300049,1971591,TCS.NS
21-01-2025,1711.896729,1800.699951,1831.650024,1793.050049,1819.050049,7169109,INFY.NS
21-01-2025,1262.794556,1273.699951,1313,1270.199951,1310.5,14562976,RELIANCE.NS
21-01-2025,797.0649414,821.2000122,830.5250244,816.5250244,829.125,31158144,HDFCBANK.NS
21-01-2025,1186.991089,1196.150024,1238.949951,1192.699951,1236.949951,20520898,ICICIBANK.NS
21-01-2025,1612.668335,1626.150024,1656.699951,1620.300049,1654,7958844,BHARTIARTL.NS
21-01-2025,403.2886658,437.5499878,447,435.25,438,15686500,ITC.NS
21-01-2025,1730.584961,1762.699951,1805.75,1759.5,1772.099976,2489267,SUNPHARMA.NS
21-01-2025,720.265625,729.164978,748.5,727.7600098,745,10032060,BAJFINANCE.NS
20-01-2025,3867.646973,4077.800049,4145.799805,4068.100098,4145.799805,1287799,TCS.NS
20-01-2025,1723.875488,1813.300049,1827.949951,1793.150024,1822.949951,4333011,INFY.NS
20-01-2025,1294.272705,1305.449951,1316,1300.25,1316,14040244,RELIANCE.NS
20-01-2025,801.3598633,825.625,830.4749756,813,813,17557618,HDFCBANK.NS
20-01-2025,1223.509277,1232.949951,1241.75,1215.25,1223.900024,7676418,ICICIBANK.NS
20-01-2025,1627.543945,1641.150024,1645,1618.099976,1638,3933044,BHARTIARTL.NS
20-01-2025,403.4269409,437.7000122,441.2000122,436,439,8742771,ITC.NS
20-01-2025,1745.851685,1778.25,1800.449951,1768.300049,1789.349976,1341246,SUNPHARMA.NS
20-01-2025,734.9295044,744.0100098,747,718.210022,718.210022,10679710,BAJFINANCE.NS
17-01-2025,3911.750244,4124.299805,4160.600098,4100.049805,4159.899902,1761466,TCS.NS
17-01-2025,1725.919312,1815.449951,1858,1812,1851,16409953,INFY.NS
17-01-2025,1291.199219,1302.349976,1326,1285,1322.25,29366277,RELIANCE.NS
17-01-2025,794.322937,818.375,825.25,814.25,821.75,23112076,HDFCBANK.NS
17-01-2025,1216.06665,1225.449951,1249,1218,1243.349976,9790533,ICICIBANK.NS
17-01-2025,1614.00708,1627.5,1639,1623,1630.099976,2678801,BHARTIARTL.NS
17-01-2025,405.7312012,440.2000122,441.7999878,432.5,433,11270061,ITC.NS
17-01-2025,1754.000488,1786.550049,1791.949951,1767.599976,1779,1163986,SUNPHARMA.NS
17-01-2025,709.4443359,718.210022,728.4949951,715.6300049,722.0999756,6652740,BAJFINANCE.NS
16-01-2025,3917.441162,4206.299805,4294,4191.850098,4260,2637705,TCS.NS
16-01-2025,1833.34668,1928.449951,1966.949951,1916.849976,1965.949951,7533579,INFY.NS
16-01-2025,1255.606567,1266.449951,1275,1251.300049,1258.900024,14117603,RELIANCE.NS
16-01-2025,801.7481689,826.0250244,830.2750244,821.4249878,826.4249878,21212454,HDFCBANK.NS
16-01-2025,1239.535645,1249.099976,1255.5,1239.650024,1245.099976,11895924,ICICIBANK.NS
16-01-2025,1616.684692,1630.199951,1635,1600.550049,1619.050049,5299325,BHARTIARTL.NS
16-01-2025,398.9567261,432.8500061,439.4500122,431.1000061,438.0499878,15774070,ITC.NS
16-01-2025,1731.174072,1763.300049,1775.599976,1740.800049,1775.050049,2180496,SUNPHARMA.NS
16-01-2025,717.114563,725.9749756,728.9000244,719.4050293,720,8608490,BAJFINANCE.NS
15-01-2025,3957.767822,4249.600098,4256.450195,4207.450195,4218,1653474,TCS.NS
15-01-2025,1853.501221,1949.650024,1958.050049,1937.099976,1947,2985439,INFY.NS
15-01-2025,1241.478516,1252.199951,1257,1241.849976,1244.949951,9578856,RELIANCE.NS
15-01-2025,797.3803711,821.5250244,831.3499756,818.1500244,828.25,14022892,HDFCBANK.NS
15-01-2025,1228.768677,1238.25,1244.400024,1230,1234,5355382,ICICIBANK.NS
15-01-2025,1594.123291,1607.449951,1613.849976,1593,1608.050049,2960985,BHARTIARTL.NS
15-01-2025,403.1043396,437.3500061,441.7999878,435.3500061,436.6000061,9786805,ITC.NS
15-01-2025,1724.841553,1756.849976,1775,1747.699951,1772.800049,857867,SUNPHARMA.NS
15-01-2025,708.9800415,717.7399902,735,710.5200195,734.0499878,6817500,BAJFINANCE.NS
14-01-2025,3942.354248,4233.049805,4313.899902,4219.049805,4302,3441709,TCS.NS
14-01-2025,1844.374756,1940.050049,1971.800049,1931.099976,1968.849976,5792162,INFY.NS
14-01-2025,1228.143799,1238.75,1253.349976,1227.25,1244.099976,13095266,RELIANCE.NS
14-01-2025,799.1031494,823.2999878,828.0999756,818.5,819.9500122,26661432,HDFCBANK.NS
14-01-2025,1230.803101,1240.300049,1244.849976,1227.449951,1233.349976,10342698,ICICIBANK.NS
14-01-2025,1586.834229,1600.099976,1633.400024,1578.5,1604.699951,7284572,BHARTIARTL.NS
14-01-2025,402.4130859,436.6000061,441.5,435.8500061,441,18048459,ITC.NS
14-01-2025,1738.586548,1770.849976,1784.050049,1742.099976,1755,1962645,SUNPHARMA.NS
14-01-2025,724.5477295,733.5,738.7999878,719.1149902,723,9980110,BAJFINANCE.NS
13-01-2025,3996.418457,4291.100098,4322.950195,4227.399902,4245,4003771,TCS.NS
13-01-2025,1865.432251,1962.199951,1982.800049,1949,1956,5804152,INFY.NS
13-01-2025,1229.234375,1239.849976,1245.25,1226.400024,1230,13764861,RELIANCE.NS
13-01-2025,791.4596558,815.4249878,823.375,812.1500244,820,21669066,HDFCBANK.NS
13-01-2025,1220.333862,1229.75,1243.949951,1224.900024,1234.900024,9669336,ICICIBANK.NS
13-01-2025,1583.958252,1597.199951,1614.699951,1578.099976,1580,3705039,BHARTIARTL.NS
13-01-2025,404.6712036,439.0499878,444,435,435,17799607,ITC.NS
13-01-2025,1715.072876,1746.900024,1785.550049,1742.449951,1784.599976,1645287,SUNPHARMA.NS
13-01-2025,706.3673706,715.0949707,725.5100098,713.4000244,724,6642740,BAJFINANCE.NS
10-01-2025,3972.715332,4265.649902,4297,4170,4200,7894300,TCS.NS
10-01-2025,1869.947998,1966.949951,1977.800049,1932.25,1937,8036913,INFY.NS
10-01-2025,1231.266846,1241.900024,1256.75,1236,1253.849976,8120332,RELIANCE.NS
10-01-2025,804.0289917,828.375,837.4500122,827,835.5,17453280,HDFCBANK.NS
10-01-2025,1240.279907,1249.849976,1264.949951,1243.099976,1259,7854524,ICICIBANK.NS
10-01-2025,1602.503296,1615.900024,1625,1591.800049,1608,4145892,BHARTIARTL.NS
10-01-2025,410.0631409,444.8999939,452,442.5,449.9500122,9145729,ITC.NS
10-01-2025,1752.282349,1784.800049,1834.599976,1772.75,1825.449951,857827,SUNPHARMA.NS
10-01-2025,719.9100342,728.8049927,736.7050171,724.5050049,727.7449951,8089630,BAJFINANCE.NS
09-01-2025,3761.490479,4038.850098,4137.75,4025.300049,4101,2392472,TCS.NS
09-01-2025,1822.746582,1917.300049,1951.849976,1910.550049,1934.050049,6833503,INFY.NS
09-01-2025,1244.006836,1254.75,1269.75,1248.050049,1267,12794704,RELIANCE.NS
09-01-2025,809.3916626,833.9000244,844.5,829.0499878,842.0750122,40420222,HDFCBANK.NS
09-01-2025,1252.733887,1262.400024,1264.75,1248.099976,1258,8684920,ICICIBANK.NS
09-01-2025,1593.726685,1607.050049,1620.199951,1592.400024,1600,4684859,BHARTIARTL.NS
09-01-2025,414.8559875,450.1000061,460.6499939,446.0499878,449.3999939,19732649,ITC.NS
09-01-2025,1793.075317,1826.349976,1841,1814,1841,1199181,SUNPHARMA.NS
09-01-2025,718.8629761,727.7449951,735.539978,723.5999756,733.8449707,6681410,BAJFINANCE.NS
08-01-2025,3826.26416,4108.399902,4126,4017.75,4034.899902,2181277,TCS.NS
08-01-2025,1837.814941,1933.150024,1938.599976,1888.75,1930,5482050,INFY.NS
08-01-2025,1254.664795,1265.5,1271.050049,1245.349976,1249,19346579,RELIANCE.NS
08-01-2025,822.2522583,847.1500244,855.8250122,841.6749878,854.125,19738190,HDFCBANK.NS
08-01-2025,1254.073486,1263.75,1285,1252.349976,1280.550049,7566309,ICICIBANK.NS
08-01-2025,1585.94165,1599.199951,1613.449951,1577.849976,1598.75,3674564,BHARTIARTL.NS
08-01-2025,414.3490601,449.5499878,452.0499878,437.1000061,443,13482926,ITC.NS
08-01-2025,1804.267578,1837.75,1862.599976,1829.199951,1862.599976,1298188,SUNPHARMA.NS
08-01-2025,726.5628052,735.539978,738.8449707,725.6699829,736.1849976,8444660,BAJFINANCE.NS
07-01-2025,3751.665283,4028.300049,4140.350098,4011.550049,4114.950195,2669054,TCS.NS
07-01-2025,1835.628296,1930.849976,1958.550049,1923.650024,1945,4294832,INFY.NS
07-01-2025,1230.225708,1240.849976,1244.5,1221.25,1222,10070505,RELIANCE.NS
07-01-2025,831.5214844,856.7000122,860.5,850,857.5,13527906,HDFCBANK.NS
07-01-2025,1269.454834,1279.25,1288.949951,1266.5,1266.5,7539758,ICICIBANK.NS
07-01-2025,1577.660889,1590.849976,1603,1584.050049,1594,2830856,BHARTIARTL.NS
07-01-2025,406.5606995,441.1000061,447.6000061,440.1499939,445.5,14294780,ITC.NS
07-01-2025,1819.63269,1853.400024,1865,1845.650024,1848.550049,1615649,SUNPHARMA.NS
07-01-2025,726.4196167,735.3950195,744.6900024,730.1450195,735.4949951,10425380,BAJFINANCE.NS
06-01-2025,3813.784912,4095,4149.649902,4066.399902,4105.5,2085593,TCS.NS
06-01-2025,1842.283081,1937.849976,1973,1928,1952,7164403,INFY.NS
06-01-2025,1207.571533,1218,1262,1215,1253.949951,14816766,RELIANCE.NS
06-01-2025,830.1141357,855.25,878.5999756,852.9000244,870.0499878,18816348,HDFCBANK.NS
06-01-2025,1254.420776,1264.099976,1277.75,1257,1268.050049,7504047,ICICIBANK.NS
06-01-2025,1575.280762,1588.449951,1609.849976,1567.099976,1596.150024,4584188,BHARTIARTL.NS
06-01-2025,407.9893494,442.6499939,461.75,441.25,455.6000061,22009958,ITC.NS
06-01-2025,1813.741943,1847.400024,1856.5,1825.650024,1850.5,1397724,SUNPHARMA.NS
06-01-2025,725.965271,734.9349976,759.9899902,731.6749878,750,19059760,BAJFINANCE.NS
03-01-2025,3818.348145,4099.899902,4179.950195,4092.300049,4179.950195,1791953,TCS.NS
03-01-2025,1843.138794,1938.75,1952.949951,1922,1952.949951,6218003,INFY.NS
03-01-2025,1240.437622,1251.150024,1262.050049,1235.5,1243.900024,15521102,RELIANCE.NS
03-01-2025,848.8953857,874.5999756,897.625,873.1500244,895.5,24426194,HDFCBANK.NS
03-01-2025,1255.363525,1265.050049,1288,1262.25,1286.199951,11194997,ICICIBANK.NS
03-01-2025,1585.594604,1598.849976,1617,1593.300049,1615,3669685,BHARTIARTL.NS
03-01-2025,427.4279175,463.7399902,472.7913818,462.0548706,472.0691833,38500784,ITC.NS
03-01-2025,1815.950928,1849.650024,1884,1844,1878,1515825,SUNPHARMA.NS
03-01-2025,731.6845703,740.7249756,750,735.9249878,738.9749756,15059280,BAJFINANCE.NS
02-01-2025,3888.989014,4175.75,4183,4096.950195,4120,1720835,TCS.NS
02-01-2025,1861.296753,1957.849976,1962.650024,1885.300049,1887,7083645,INFY.NS
02-01-2025,1231.167725,1241.800049,1244.449951,1220,1221.25,15486276,RELIANCE.NS
02-01-2025,870.5158081,896.875,901.7249756,886.5,888.5499878,18558576,HDFCBANK.NS
02-01-2025,1280.717896,1290.599976,1293.400024,1278.400024,1285.099976,7433222,ICICIBANK.NS
02-01-2025,1596.354614,1609.699951,1619.599976,1588.400024,1599.900024,3728040,BHARTIARTL.NS
02-01-2025,434.0399475,470.9136963,471.8284607,464.414032,467.3509216,27131131,ITC.NS
02-01-2025,1843.784424,1878,1896,1864.949951,1892,2507223,SUNPHARMA.NS
02-01-2025,729.9015503,738.9199829,743,697.0999756,698,31716510,BAJFINANCE.NS
01-01-2025,3830.036377,4112.450195,4134,4085.449951,4094.399902,763161,TCS.NS
01-01-2025,1789.66272,1882.5,1892.949951,1874,1874,1838368,INFY.NS
01-01-2025,1210.793579,1221.25,1226.300049,1211.599976,1214.849976,5892590,RELIANCE.NS
01-01-2025,865.1774292,891.375,897,880.5499878,886.7249756,7313806,HDFCBANK.NS
01-01-2025,1273.821167,1283.650024,1293,1267.099976,1281.650024,4705399,ICICIBANK.NS
01-01-2025,1582.470703,1595.699951,1606.550049,1584.050049,1593,1405565,BHARTIARTL.NS
01-01-2025,429.5135803,466.0028381,468.7952881,464.2695923,467.9768066,18931186,ITC.NS
01-01-2025,1855.516602,1889.949951,1902.949951,1878.650024,1889.900024,1338092,SUNPHARMA.NS
01-01-2025,685.0656128,693.5300293,694.7949829,680.5999756,682.2999878,4187210,BAJFINANCE.NS
31-12-2024,3813.598633,4094.800049,4139.950195,4032.050049,4135,1555429,TCS.NS
31-12-2024,1787.286011,1880,1897,1845.050049,1892.300049,3613063,INFY.NS
31-12-2024,1205.043213,1215.449951,1219.099976,1206.150024,1208,6405475,RELIANCE.NS
31-12-2024,860.3728638,886.4249878,890.9000244,882.7999878,885.1500244,14117236,HDFCBANK.NS
31-12-2024,1271.836426,1281.650024,1289.949951,1280.099976,1286.900024,8449607,ICICIBANK.NS
31-12-2024,1574.58667,1587.75,1597.199951,1563.349976,1583,2249626,BHARTIARTL.NS
31-12-2024,429.2473145,465.7139587,466.6768799,456.951416,460.7067871,13787501,ITC.NS
31-12-2024,1851.982178,1886.349976,1910,1868.800049,1876.800049,1844944,SUNPHARMA.NS
31-12-2024,673.9725952,682.2999878,687.7000122,679.2000122,686.9949951,6153980,BAJFINANCE.NS
30-12-2024,3873.202637,4158.799805,4199.299805,4112,4151,1527169,TCS.NS
30-12-2024,1812.003906,1906,1916,1886.5,1915.699951,7789055,INFY.NS
30-12-2024,1200.333862,1210.699951,1223.199951,1208.099976,1216.400024,8818766,RELIANCE.NS
30-12-2024,862.8237305,888.9500122,907.5,885.5,896.0999756,22222218,HDFCBANK.NS
30-12-2024,1284.736938,1294.650024,1326.5,1289.449951,1304.949951,14207425,ICICIBANK.NS
30-12-2024,1573.743652,1586.900024,1613.050049,1581.099976,1605,4438130,BHARTIARTL.NS
30-12-2024,423.3453369,459.3105774,463.5955505,458.3476563,462.9215088,13578360,ITC.NS
30-12-2024,1849.577026,1883.900024,1895.75,1855,1862.050049,6021550,SUNPHARMA.NS
30-12-2024,680.4180298,688.8250122,699.5,686.5,690,4908760,BAJFINANCE.NS
27-12-2024,3878.838135,4164.850098,4180.950195,4147.25,4163,858100,TCS.NS
27-12-2024,1822.223755,1916.75,1924.150024,1903.900024,1909.400024,3937500,INFY.NS
27-12-2024,1210.595459,1221.050049,1227.900024,1217,1218.300049,7000397,RELIANCE.NS
27-12-2024,872.699707,899.125,902.9749756,894.5499878,897.4000244,7259330,HDFCBANK.NS
27-12-2024,1297.538208,1307.550049,1315.949951,1298.550049,1298.550049,4756066,ICICIBANK.NS
27-12-2024,1586.586304,1599.849976,1628.449951,1596.300049,1599.5,2559578,BHARTIARTL.NS
27-12-2024,424.7653503,460.8512268,464.0288696,458.3476563,461.9585876,16906420,ITC.NS
27-12-2024,1827.339355,1861.25,1866,1836.75,1845.5,1668898,SUNPHARMA.NS
27-12-2024,682.3442383,690.7750244,697.6699829,683.039978,684.6849976,5554180,BAJFINANCE.NS
26-12-2024,3882.795898,4169.100098,4199.950195,4143.149902,4179.5,1208464,TCS.NS
26-12-2024,1813.334839,1907.400024,1919.75,1902.300049,1909.050049,3623321,INFY.NS
26-12-2024,1206.133911,1216.550049,1227.699951,1214.25,1224.25,10016178,RELIANCE.NS
26-12-2024,869.0598755,895.375,906,890.375,899.2750244,10481678,HDFCBANK.NS
26-12-2024,1287.416138,1297.349976,1312.75,1289.199951,1307,7338444,ICICIBANK.NS
26-12-2024,1586.239258,1599.5,1606.849976,1581.099976,1583.900024,3400479,BHARTIARTL.NS
26-12-2024,423.3009644,459.2624207,463.9807129,458.3476563,462.7289124,9188830,ITC.NS
26-12-2024,1807.802124,1841.349976,1845.050049,1814.400024,1820,1402706,SUNPHARMA.NS
26-12-2024,673.2564697,681.5750122,685.7999878,680.0050049,683.039978,3290960,BAJFINANCE.NS
24-12-2024,3892.481689,4179.5,4218,4158.299805,4158.299805,1181886,TCS.NS
24-12-2024,1814.903564,1909.050049,1942,1840,1927.050049,2360544,INFY.NS
24-12-2024,1212.280884,1222.75,1233.550049,1221,1222.300049,6734917,RELIANCE.NS
24-12-2024,872.6268921,899.0499878,904.3499756,894.7750244,901.0250244,14485834,HDFCBANK.NS
24-12-2024,1287.317017,1297.25,1304.5,1290.25,1296.800049,7138516,ICICIBANK.NS
24-12-2024,1570.768555,1583.900024,1598.800049,1575,1590,3610076,BHARTIARTL.NS
24-12-2024,424.6322327,460.7067871,462.440033,455.1218872,457.2884521,12009880,ITC.NS
24-12-2024,1785.859253,1819,1831.75,1803.150024,1814.900024,1121058,SUNPHARMA.NS
24-12-2024,672.5106812,680.8200073,691,679.4000244,688.2000122,6014270,BAJFINANCE.NS
23-12-2024,3872.737305,4158.299805,4217,4114.899902,4200.049805,2195338,TCS.NS
23-12-2024,1829.401489,1924.300049,1940,1909,1930.050049,2781793,INFY.NS
23-12-2024,1211.834717,1222.300049,1227.199951,1213.199951,1215,10052824,RELIANCE.NS
23-12-2024,874.0342407,900.5,903,890.6500244,891,11044592,HDFCBANK.NS
23-12-2024,1286.870483,1296.800049,1307,1287.050049,1294.650024,6827512,ICICIBANK.NS
23-12-2024,1573.743652,1586.900024,1607.449951,1578.349976,1586,4363599,BHARTIARTL.NS
23-12-2024,420.9046936,456.6625671,459.9846191,450.2591553,453.7256775,19562956,ITC.NS
23-12-2024,1781.539429,1814.599976,1828,1796.650024,1811,1299181,SUNPHARMA.NS
23-12-2024,678.2892456,686.6699829,697.6900024,685.5949707,689.7000122,5829280,BAJFINANCE.NS
20-12-2024,3883.913574,4170.299805,4382,4152.5,4329,4116989,TCS.NS
20-12-2024,1827.357422,1922.150024,1979.949951,1911.25,1975.150024,11056720,INFY.NS
20-12-2024,1194.980347,1205.300049,1239.5,1201.5,1224,20312896,RELIANCE.NS
20-12-2024,859.7177734,885.75,898.7750244,883.5250244,891.0999756,25692348,HDFCBANK.NS
20-12-2024,1278.53479,1288.400024,1297.75,1272.400024,1283.949951,58491181,ICICIBANK.NS
20-12-2024,1565.016602,1578.099976,1622.300049,1573.400024,1610,9738879,BHARTIARTL.NS
20-12-2024,412.3845215,447.4185791,450.1147461,442.2669678,449.1999512,20231570,ITC.NS
20-12-2024,1775.894165,1808.849976,1825.949951,1794.099976,1823.300049,2513418,SUNPHARMA.NS
20-12-2024,676.4668579,684.8250122,702.4000244,680.4699707,691.335022,27000190,BAJFINANCE.NS
19-12-2024,3978.536377,4271.899902,4364,4262,4282,3015763,TCS.NS
19-12-2024,1850.221313,1946.199951,1959.75,1920,1934,5323592,INFY.NS
19-12-2024,1219.914795,1230.449951,1244.900024,1229,1239,14244653,RELIANCE.NS
19-12-2024,870.3944702,896.75,900.5499878,889.5,899.7999878,25380770,HDFCBANK.NS
19-12-2024,1277.046265,1286.900024,1303,1284.449951,1286,11517304,ICICIBANK.NS
19-12-2024,1587.032593,1600.300049,1609.75,1585.449951,1586.400024,5865855,BHARTIARTL.NS
19-12-2024,414.0707703,449.2481079,456.7588501,448.0444641,451.6072388,15161531,ITC.NS
19-12-2024,1790.081055,1823.300049,1829.400024,1790.800049,1801,1924091,SUNPHARMA.NS
19-12-2024,683.4109497,691.8549805,702.4450073,688.7849731,695,9076750,BAJFINANCE.NS
18-12-2024,4049.270508,4347.850098,4362,4289.600098,4311.700195,1575404,TCS.NS
18-12-2024,1881.546509,1979.150024,1984.949951,1961.599976,1966.800049,3064095,INFY.NS
18-12-2024,1242.519653,1253.25,1259.949951,1240.650024,1240.650024,12670179,RELIANCE.NS
18-12-2024,878.7417603,905.3499756,918,903.5750122,914.9249878,23422312,HDFCBANK.NS
18-12-2024,1304.087646,1314.150024,1334.949951,1307.449951,1325.25,8510595,ICICIBANK.NS
18-12-2024,1588.619385,1601.900024,1623,1596.099976,1621.400024,3905144,BHARTIARTL.NS
18-12-2024,417.5765076,453.0516357,456.229248,449.5851135,455.1700439,12841386,ITC.NS
18-12-2024,1768.236328,1801.050049,1822.449951,1792.800049,1798,1732860,SUNPHARMA.NS
18-12-2024,698.81073,707.4450073,717.8800049,706.039978,714.9000244,7275140,BAJFINANCE.NS
17-12-2024,4031.249512,4328.5,4432.950195,4318,4410,3225027,TCS.NS
17-12-2024,1879.12207,1976.599976,1982,1958,1968,5811050,INFY.NS
17-12-2024,1234.637817,1245.300049,1263.900024,1242.800049,1261.050049,17462791,RELIANCE.NS
17-12-2024,889.6853638,916.625,931.1749878,913.25,928.1749878,21079532,HDFCBANK.NS
17-12-2024,1323.537476,1333.75,1348.099976,1326.050049,1342,9879257,ICICIBANK.NS
17-12-2024,1601.908203,1615.300049,1658.650024,1608.5,1650.5,6182486,BHARTIARTL.NS
17-12-2024,416.7333374,452.1368408,458.1550598,445.8778992,452.5701599,20608409,ITC.NS
17-12-2024,1756.455078,1789.050049,1815.75,1783.099976,1810,1608164,SUNPHARMA.NS
17-12-2024,706.5501099,715.2800293,725.7399902,711,720,10318560,BAJFINANCE.NS
16-12-2024,4111.995605,4415.200195,4475,4397,4459,1646224,TCS.NS
16-12-2024,1882.401978,1980.050049,1999.599976,1977.599976,1995.449951,3119221,INFY.NS
16-12-2024,1257.440796,1268.300049,1281,1266.550049,1275,9486781,RELIANCE.NS
16-12-2024,905.1907959,932.5999756,934.9749756,927.625,932.5499878,13107082,HDFCBANK.NS
16-12-2024,1335.792847,1346.099976,1350.449951,1340.050049,1344.900024,9071006,ICICIBANK.NS
16-12-2024,1648.766479,1662.550049,1687,1660.150024,1681.75,4375126,BHARTIARTL.NS
16-12-2024,417.2214661,452.6664429,456.8070068,450.6443481,452.8108826,9354160,ITC.NS
16-12-2024,1776.826904,1809.800049,1822.5,1792.349976,1818.699951,1483330,SUNPHARMA.NS
16-12-2024,712.0422974,720.8400269,724.7999878,715.6099854,718.2800293,7960740,BAJFINANCE.NS
13-12-2024,4166.664063,4473.899902,4494.899902,4394.399902,4434.950195,1967048,TCS.NS
13-12-2024,1901.082886,1999.699951,2006.449951,1953.800049,1969.75,5362693,INFY.NS
13-12-2024,1261.951782,1272.849976,1275.199951,1239.599976,1260,28630222,RELIANCE.NS
13-12-2024,908.3695679,935.875,937.5,914.625,931.25,19009002,HDFCBANK.NS
13-12-2024,1334.602173,1344.900024,1347.150024,1313.5,1325.349976,13536684,ICICIBANK.NS
13-12-2024,1667.807251,1681.75,1685,1606.800049,1618,12900707,BHARTIARTL.NS
13-12-2024,417.1327209,452.5701599,456.8070068,434.9006653,442.9410095,32976794,ITC.NS
13-12-2024,1780.4104,1813.449951,1816.800049,1774.050049,1804.75,1391111,SUNPHARMA.NS
13-12-2024,709.5134888,718.2800293,721.7249756,698.0599976,709.9000244,12504360,BAJFINANCE.NS
12-12-2024,4149.015625,4454.950195,4485,4426,4430.049805,1914642,TCS.NS
12-12-2024,1889.009155,1987,1998.800049,1970.550049,1975.199951,6462130,INFY.NS
12-12-2024,1252.087036,1262.900024,1278.199951,1260.599976,1270,20906813,RELIANCE.NS
12-12-2024,902.3032837,929.625,934.3250122,924.3499756,925.5,17293790,HDFCBANK.NS
12-12-2024,1319.071899,1329.25,1338.75,1321.550049,1321.550049,9076896,ICICIBANK.NS
12-12-2024,1597.197632,1610.550049,1617.900024,1578.5,1578.5,13120939,BHARTIARTL.NS
12-12-2024,408.7901001,443.5187683,450.5480347,442.1225281,448.2370605,13380617,ITC.NS
12-12-2024,1772.556152,1805.449951,1820,1798.050049,1819,1082394,SUNPHARMA.NS
12-12-2024,703.8830566,712.5800171,714.8400269,707.5,712.1849976,9667960,BAJFINANCE.NS
11-12-2024,4123.405273,4427.450195,4448.649902,4407,4431.850098,1635256,TCS.NS
11-12-2024,1876.792969,1974.150024,1978,1952,1955,5025612,INFY.NS
11-12-2024,1267.255981,1278.199951,1290,1276.050049,1285,11724373,RELIANCE.NS
11-12-2024,904.1716919,931.5499878,935.9500122,928.375,930.8499756,14045426,HDFCBANK.NS
11-12-2024,1317.335327,1327.5,1331.25,1316,1324.699951,8138066,ICICIBANK.NS
11-12-2024,1572.851074,1586,1588,1571.199951,1588,3853182,BHARTIARTL.NS
11-12-2024,412.9170227,447.9963074,450.8369141,447.4667053,449.8739929,7005617,ITC.NS
11-12-2024,1780.950439,1814,1826.349976,1805.050049,1824.300049,1745911,SUNPHARMA.NS
11-12-2024,702.8261108,711.5100098,716.5,689.3099976,695.9899902,19931040,BAJFINANCE.NS
10-12-2024,4128.154297,4432.549805,4493.799805,4412.100098,4426.149902,2087828,TCS.NS
10-12-2024,1852.455566,1948.550049,1965.599976,1932,1939,6174921,INFY.NS
10-12-2024,1273.848999,1284.849976,1294.900024,1280.199951,1289.25,16043729,RELIANCE.NS
10-12-2024,906.5982056,934.0499878,938.8499756,929.2750244,938.8499756,13325480,HDFCBANK.NS
10-12-2024,1320.262695,1330.449951,1332,1315.25,1319,8218214,ICICIBANK.NS
10-12-2024,1565.562134,1578.650024,1611.849976,1570.050049,1610.550049,14645786,BHARTIARTL.NS
10-12-2024,413.0945435,448.1889038,449.151825,445.4445801,448.0926208,9163636,ITC.NS
10-12-2024,1776.974121,1809.949951,1823,1796,1821,2043634,SUNPHARMA.NS
10-12-2024,685.15448,693.6199951,695.8850098,684.4050293,688.4799805,12045630,BAJFINANCE.NS
09-12-2024,4146.408203,4452.149902,4469.399902,4415.549805,4430.450195,2066639,TCS.NS
09-12-2024,1828.783447,1923.650024,1930.199951,1897.199951,1924.199951,4274645,INFY.NS
09-12-2024,1284.060913,1295.150024,1315,1293.099976,1303,14650002,RELIANCE.NS
09-12-2024,907.5203247,935,940,924.5,926.8250122,26947912,HDFCBANK.NS
09-12-2024,1312.175171,1322.300049,1329.050049,1320.25,1322.099976,8000764,ICICIBANK.NS
09-12-2024,1589.263916,1602.550049,1605.900024,1589.050049,1595.900024,4264409,BHARTIARTL.NS
09-12-2024,412.6507263,447.707428,454.4960022,445.7816162,454.0145264,12154116,ITC.NS
09-12-2024,1773.734375,1806.650024,1819.949951,1796.699951,1814.800049,1528215,SUNPHARMA.NS
09-12-2024,678.4522705,686.835022,692.5,682.789978,685.0100098,8409100,BAJFINANCE.NS
06-12-2024,4140.214355,4445.5,4465,4412.75,4453,1842087,TCS.NS
06-12-2024,1827.594971,1922.400024,1937.949951,1912.400024,1932.800049,3573331,INFY.NS
06-12-2024,1300.320557,1311.550049,1323.900024,1310,1323.900024,9037514,RELIANCE.NS
06-12-2024,900.6531982,927.9249878,932.0999756,922,928.5,17783156,HDFCBANK.NS
06-12-2024,1318.575806,1328.75,1347.099976,1326.699951,1342.5,8942672,ICICIBANK.NS
06-12-2024,1584.602905,1597.849976,1624.650024,1594.800049,1618,4296866,BHARTIARTL.NS
06-12-2024,418.1534119,453.6775208,457.3366089,450.3554688,452.5701599,7842234,ITC.NS
06-12-2024,1771.967041,1804.849976,1823.949951,1801,1815.849976,1590478,SUNPHARMA.NS
06-12-2024,676.6693115,685.0300293,693.5,677.8649902,687.5949707,8332070,BAJFINANCE.NS
05-12-2024,4157.490723,4464.049805,4489,4360,4400.799805,3746747,TCS.NS
05-12-2024,1839.43103,1934.849976,1949.900024,1888.949951,1900,9050038,INFY.NS
05-12-2024,1310.730591,1322.050049,1329.949951,1306.150024,1314.349976,16858723,RELIANCE.NS
05-12-2024,905.4577637,932.875,939.9749756,917.5999756,930,39682714,HDFCBANK.NS
05-12-2024,1326.266479,1336.5,1342.900024,1308.599976,1316.25,19210697,ICICIBANK.NS
05-12-2024,1601.957764,1615.349976,1622.050049,1585.349976,1600,10324005,BHARTIARTL.NS
05-12-2024,414.9139404,450.1628723,455.2181702,445.3482971,450.2110291,27432375,ITC.NS
05-12-2024,1780.4104,1813.449951,1825.949951,1775.400024,1808.699951,2742263,SUNPHARMA.NS
05-12-2024,676.6791382,685.039978,688.9899902,668.5449829,676,13482430,BAJFINANCE.NS
04-12-2024,4055.371094,4354.399902,4386.950195,4289.049805,4313.549805,3302642,TCS.NS
04-12-2024,1796.079956,1889.25,1913.949951,1875,1884,4705573,INFY.NS
04-12-2024,1297.742676,1308.949951,1328.400024,1304.050049,1326,19608540,RELIANCE.NS
04-12-2024,902.7157593,930.0499878,932.5,915.5750122,919,44669084,HDFCBANK.NS
04-12-2024,1305.973022,1316.050049,1320,1301.699951,1302.599976,11570281,ICICIBANK.NS
04-12-2024,1570.966797,1584.099976,1630.5,1582.400024,1629.75,8772014,BHARTIARTL.NS
04-12-2024,414.5589294,449.77771,460.4660645,449.1036682,456.8070068,13957078,ITC.NS
04-12-2024,1767.401855,1800.199951,1814.849976,1785,1810.5,2320116,SUNPHARMA.NS
04-12-2024,665.7739258,674,676.4400024,666.6849976,670.1749878,11304410,BAJFINANCE.NS
03-12-2024,4007.268311,4302.75,4325,4265.450195,4314.350098,2010905,TCS.NS
03-12-2024,1798.789307,1892.099976,1899.75,1871.150024,1887,4715792,INFY.NS
03-12-2024,1311.969971,1323.300049,1326.800049,1307,1317,16869482,RELIANCE.NS
03-12-2024,886.312439,913.1500244,918.7000122,908.0499878,911.3499756,43410242,HDFCBANK.NS
03-12-2024,1298.381592,1308.400024,1312.800049,1296.099976,1303.949951,11509276,ICICIBANK.NS
03-12-2024,1607.114746,1620.550049,1652.900024,1613.150024,1652.900024,9131055,BHARTIARTL.NS
03-12-2024,419.3959045,455.0256042,455.8440857,445.5890198,448.7185059,23073942,ITC.NS
03-12-2024,1767.254639,1800.050049,1832,1788.349976,1831.25,1543970,SUNPHARMA.NS
03-12-2024,659.3977051,667.5449829,672.2399902,663.0800171,669.6149902,13136660,BAJFINANCE.NS
02-12-2024,3982.960205,4276.649902,4288.200195,4230.049805,4270,1670944,TCS.NS
02-12-2024,1787.095947,1879.800049,1882.800049,1835.199951,1859,2868263,INFY.NS
02-12-2024,1297.94104,1309.150024,1311.349976,1277.050049,1288,11024152,RELIANCE.NS
02-12-2024,875.829895,902.3499756,904.0750122,887.5,901.75,15110876,HDFCBANK.NS
02-12-2024,1294.660278,1304.650024,1310.550049,1289.150024,1299.900024,9626400,ICICIBANK.NS
02-12-2024,1629.973511,1643.599976,1646.199951,1617.199951,1627.150024,3790108,BHARTIARTL.NS
02-12-2024,423.5228577,459.5031433,461.5252686,455.8440857,458.3476563,5689595,ITC.NS
02-12-2024,1775.599854,1808.550049,1814,1792.150024,1800,1948045,SUNPHARMA.NS
02-12-2024,656.947998,665.0650024,666.5,649.0999756,659.5,9202490,BAJFINANCE.NS
29-11-2024,3977.558594,4270.850098,4298.700195,4195.649902,4220,2017425,TCS.NS
29-11-2024,1766.228394,1857.849976,1877,1845,1851.099976,5244346,INFY.NS
29-11-2024,1281.136108,1292.199951,1299.5,1275.25,1280,13202307,RELIANCE.NS
29-11-2024,871.632019,898.0250244,902.2999878,891.4500122,900.6500244,27669536,HDFCBANK.NS
29-11-2024,1290.145142,1300.099976,1303.25,1283.099976,1283.099976,11397228,ICICIBANK.NS
29-11-2024,1613.660034,1627.150024,1648.900024,1551.150024,1551.150024,10775801,BHARTIARTL.NS
29-11-2024,423.1234436,459.0698547,461.1401062,455.0737305,455.6514893,8668142,ITC.NS
29-11-2024,1748.453491,1780.900024,1795.800049,1739.199951,1742.900024,2427677,SUNPHARMA.NS
29-11-2024,649.564209,657.5900269,660.9000244,651.0349731,651.9000244,7096430,BAJFINANCE.NS
28-11-2024,3953.390381,4244.899902,4339.950195,4233,4319,2558544,TCS.NS
28-11-2024,1765.087524,1856.650024,1914.900024,1851.650024,1914.900024,8468790,INFY.NS
28-11-2024,1259.919434,1270.800049,1296.599976,1269.050049,1289.949951,15027412,RELIANCE.NS
28-11-2024,870.2246094,896.5750122,918.0499878,894,909.5,35722392,HDFCBANK.NS
28-11-2024,1276.500366,1286.349976,1310.5,1282.300049,1301.050049,22803745,ICICIBANK.NS
28-11-2024,1547.463379,1560.400024,1588.5,1556.949951,1571,6714728,BHARTIARTL.NS
28-11-2024,421.4815369,457.2884521,465.8583984,453.099762,459.3105774,14967609,ITC.NS
28-11-2024,1702.65332,1734.25,1760.699951,1723.400024,1749.449951,3071758,SUNPHARMA.NS
28-11-2024,642.9953613,650.9400024,672.625,649.5,671.4000244,15768820,BAJFINANCE.NS
27-11-2024,4035.02124,4332.549805,4377.399902,4324.049805,4358.950195,1558993,TCS.NS
27-11-2024,1829.591553,1924.5,1941.400024,1911.75,1930.099976,4447143,INFY.NS
27-11-2024,1282.127563,1293.199951,1303.849976,1286,1293.5,9572746,RELIANCE.NS
27-11-2024,879.5181885,906.1500244,908.6749878,892.5750122,894.9500122,32714976,HDFCBANK.NS
27-11-2024,1290.740479,1300.699951,1310.849976,1297.849976,1298.5,21938082,ICICIBANK.NS
27-11-2024,1564.570435,1577.650024,1583.75,1554.150024,1569.150024,4982785,BHARTIARTL.NS
27-11-2024,423.3009644,459.2624207,462.2956238,455.4589233,459.7920227,7339184,ITC.NS
27-11-2024,1717.576294,1749.449951,1778.599976,1740.25,1760.099976,1982546,SUNPHARMA.NS
27-11-2024,662.3364258,670.5200195,673.3300171,661.2249756,665,6420100,BAJFINANCE.NS
26-11-2024,4053.788574,4352.700195,4366.600098,4310,4321.049805,2060669,TCS.NS
26-11-2024,1829.258911,1924.150024,1938.599976,1897.300049,1904.949951,6850495,INFY.NS
26-11-2024,1284.606079,1295.699951,1297.849976,1284.199951,1294.949951,9247557,RELIANCE.NS
26-11-2024,866.5363159,892.7750244,905,884.9000244,905,30935566,HDFCBANK.NS
26-11-2024,1294.958008,1304.949951,1314.25,1302.449951,1310.599976,7646955,ICICIBANK.NS
26-11-2024,1564.173706,1577.25,1604.849976,1566,1590,4030593,BHARTIARTL.NS
26-11-2024,423.3453369,459.3105774,464.7510376,456.5181274,462.1993103,6791715,ITC.NS
26-11-2024,1729.505127,1761.599976,1806.75,1753.199951,1806.75,1589883,SUNPHARMA.NS
26-11-2024,653.7178955,661.7949829,673.9799805,660.8449707,672.2000122,6632780,BAJFINANCE.NS
25-11-2024,4018.769775,4315.100098,4328.100098,4252.200195,4280,4052167,TCS.NS
25-11-2024,1796.507568,1889.699951,1919.300049,1882,1916,12764638,INFY.NS
25-11-2024,1275.980591,1287,1304.449951,1282.449951,1290,28923341,RELIANCE.NS
25-11-2024,866.5605469,892.7999878,901.7750244,882.4500122,892.5250244,427737274,HDFCBANK.NS
25-11-2024,1290.988647,1300.949951,1311.199951,1290,1296,22717581,ICICIBANK.NS
25-11-2024,1565.661255,1578.75,1609.25,1562.550049,1581.949951,12155641,BHARTIARTL.NS
25-11-2024,423.1678467,459.117981,464.3177185,454.8811646,461.2363892,14427013,ITC.NS
25-11-2024,1766.125488,1798.900024,1830,1784.150024,1806,3137448,SUNPHARMA.NS
25-11-2024,660.3805542,668.539978,686.2999878,666.7299805,678.9899902,11327510,BAJFINANCE.NS
22-11-2024,3953.111572,4244.600098,4254.950195,4054,4071,3096553,TCS.NS
22-11-2024,1808.438843,1902.25,1914.050049,1834,1854.099976,6301486,INFY.NS
22-11-2024,1254.565674,1265.400024,1268.849976,1222.449951,1229.400024,20471957,RELIANCE.NS
22-11-2024,847.1483154,872.7999878,877.1500244,864.7750244,871.7750244,24773612,HDFCBANK.NS
22-11-2024,1268.264038,1278.050049,1281.400024,1256,1258,11604338,ICICIBANK.NS
22-11-2024,1556.289673,1569.300049,1575,1520.199951,1533,7640321,BHARTIARTL.NS
22-11-2024,421.2596741,457.0477295,458.8291016,438.6078796,439.2819214,20214206,ITC.NS
22-11-2024,1762.591187,1795.300049,1814.949951,1768.050049,1785,1420813,SUNPHARMA.NS
22-11-2024,660.2373657,668.3950195,672.2399902,645.6049805,647,9698550,BAJFINANCE.NS
21-11-2024,3793.155762,4072.850098,4092.449951,4024,4044.899902,2384347,TCS.NS
21-11-2024,1743.602295,1834.050049,1867,1820.599976,1842,5436504,INFY.NS
21-11-2024,1212.528564,1223,1243.949951,1217.25,1241.650024,19433843,RELIANCE.NS
21-11-2024,845.0130005,870.5999756,879.5,867.0999756,874.7000122,35716512,HDFCBANK.NS
21-11-2024,1240.974609,1250.550049,1256.900024,1232.550049,1248.550049,9593870,ICICIBANK.NS
21-11-2024,1512.505615,1525.150024,1542.050049,1511,1538,7356679,BHARTIARTL.NS
21-11-2024,405.7281494,440.1967163,446.8408203,438.5115967,443.9039307,20313155,ITC.NS
21-11-2024,1747.569824,1780,1791.449951,1758.050049,1772,2014349,SUNPHARMA.NS
21-11-2024,638.6737671,646.5650024,661.4000244,645.0999756,661.4000244,11010800,BAJFINANCE.NS
19-11-2024,3762.142578,4039.550049,4132.149902,4014.100098,4019.899902,1776233,TCS.NS
19-11-2024,1734.760742,1824.75,1859.699951,1820.550049,1825.5,4669769,INFY.NS
19-11-2024,1231.018921,1241.650024,1281.5,1235.150024,1260.75,14183746,RELIANCE.NS
19-11-2024,845.522583,871.125,876.875,851.3499756,857,50981272,HDFCBANK.NS
19-11-2024,1239.535645,1249.099976,1261,1240.849976,1257.050049,11537317,ICICIBANK.NS
19-11-2024,1512.852661,1525.5,1558,1519.300049,1537,6238241,BHARTIARTL.NS
19-11-2024,414.7808228,450.0184326,456.1810913,448.9592285,450.6443481,7121472,ITC.NS
19-11-2024,1744.869995,1777.25,1806.75,1730,1730.050049,1933316,SUNPHARMA.NS
19-11-2024,651.4805298,659.5300293,664.4799805,656.0999756,659.4349976,8040460,BAJFINANCE.NS
18-11-2024,3743.469238,4019.5,4213,3990.199951,4213,3313944,TCS.NS
18-11-2024,1722.116577,1811.449951,1849.199951,1795,1849.199951,4839244,INFY.NS
18-11-2024,1249.955444,1260.75,1272.900024,1243.900024,1267.599976,13620611,RELIANCE.NS
18-11-2024,827.4934692,852.5499878,859.4500122,847.5,850,27081968,HDFCBANK.NS
18-11-2024,1243.852295,1253.449951,1262.599976,1249.400024,1260,6195554,ICICIBANK.NS
18-11-2024,1524.257324,1537,1568.949951,1529.449951,1568.949951,4816078,BHARTIARTL.NS
18-11-2024,414.0707703,449.2481079,450.4517517,444.8668518,448.7185059,8448573,ITC.NS
18-11-2024,1715.907349,1747.75,1799,1743.199951,1799,1533025,SUNPHARMA.NS
18-11-2024,648.7789307,656.7949829,665.7000122,655.5,663.2999878,5965350,BAJFINANCE.NS
14-11-2024,3861.188965,4145.899902,4160,4116.450195,4135,1825432,TCS.NS
14-11-2024,1772.598022,1864.550049,1876,1856,1865.599976,4311431,INFY.NS
14-11-2024,1256.746826,1267.599976,1272.599976,1251.099976,1253.599976,12612633,RELIANCE.NS
14-11-2024,821.5,846.375,852.4249878,836.0499878,836.5499878,27146470,HDFCBANK.NS
14-11-2024,1247.325439,1256.949951,1267.699951,1243.050049,1253.75,9506892,ICICIBANK.NS
14-11-2024,1537.645386,1550.5,1568,1536.550049,1550,5139154,BHARTIARTL.NS
14-11-2024,413.538269,448.6703491,455.4107666,445.1075745,453.7256775,12087836,ITC.NS
14-11-2024,1735.984741,1768.199951,1796,1763.150024,1779.699951,1473358,SUNPHARMA.NS
14-11-2024,646.921875,654.914978,663.9450073,653,657.2299805,5277030,BAJFINANCE.NS
13-11-2024,3865.33374,4150.350098,4196.75,4131.049805,4178.100098,1098813,TCS.NS
13-11-2024,1776.258179,1868.400024,1873.199951,1856.300049,1861.099976,4257495,INFY.NS
13-11-2024,1241.329956,1252.050049,1275.449951,1249.5,1270.25,14633633,RELIANCE.NS
13-11-2024,815.9674683,840.6749878,864.7000122,836.5,858.375,35728500,HDFCBANK.NS
13-11-2024,1244.100342,1253.699951,1276.25,1250,1270.599976,12260404,ICICIBANK.NS
13-11-2024,1537.595825,1550.449951,1572.5,1546.349976,1559.900024,5816699,BHARTIARTL.NS
13-11-2024,419.0852661,454.6885681,457.0958557,450.8850708,452.6183167,11548660,ITC.NS
13-11-2024,1746.588013,1779,1797.300049,1770.449951,1791,1810332,SUNPHARMA.NS
13-11-2024,648.5862427,656.5999756,670.2249756,652.6599731,663.5,8673470,BAJFINANCE.NS
12-11-2024,3909.1521,4197.399902,4218,4164.350098,4216,1587640,TCS.NS
12-11-2024,1776.63855,1868.800049,1881,1861,1871.099976,5012450,INFY.NS
12-11-2024,1263.339844,1274.25,1289.300049,1267.5,1275.550049,10671091,RELIANCE.NS
12-11-2024,833.8510132,859.0999756,887.5,854.3250122,886,31395406,HDFCBANK.NS
12-11-2024,1260.870972,1270.599976,1295,1264.5,1276.150024,13486168,ICICIBANK.NS
12-11-2024,1542.752808,1555.650024,1595,1550.099976,1568.800049,4479934,BHARTIARTL.NS
12-11-2024,419.6621399,455.3144836,460.2253418,453.6775208,459.8883362,5236095,ITC.NS
12-11-2024,1768.039917,1800.849976,1825,1795.099976,1801.900024,2471888,SUNPHARMA.NS
12-11-2024,655.7182617,663.8200073,683.6849976,661.5,681.9000244,10572330,BAJFINANCE.NS
11-11-2024,3910.363281,4198.700195,4234.299805,4117.649902,4128.200195,1406487,TCS.NS
11-11-2024,1768.367432,1860.099976,1868,1822.550049,1829,3804234,INFY.NS
11-11-2024,1261.802979,1272.699951,1286,1267,1278.949951,9056552,RELIANCE.NS
11-11-2024,857.1942139,883.1500244,891.4000244,875.5999756,877.2750244,24565362,HDFCBANK.NS
11-11-2024,1259.581055,1269.300049,1275.900024,1246.650024,1262,8387780,ICICIBANK.NS
11-11-2024,1547.612183,1560.550049,1581.599976,1551.800049,1561,3664301,BHARTIARTL.NS
11-11-2024,423.3009644,459.2624207,463.6436768,456.5181274,460.3216248,5700343,ITC.NS
11-11-2024,1761.903687,1794.599976,1817.650024,1791.949951,1817.400024,1069649,SUNPHARMA.NS
11-11-2024,669.6066284,677.8800049,690.4199829,675.2150269,686,7623160,BAJFINANCE.NS
08-11-2024,3862.213623,4147,4169.75,4117.649902,4155,1648039,TCS.NS
08-11-2024,1739.704346,1829.949951,1840.599976,1813.150024,1818,4210960,INFY.NS
08-11-2024,1272.758545,1283.75,1301.650024,1275,1297.650024,19814406,RELIANCE.NS
08-11-2024,851.4432373,877.2249756,880.9000244,872.9249878,876,19902986,HDFCBANK.NS
08-11-2024,1249.210938,1258.849976,1275,1252.699951,1270,11195808,ICICIBANK.NS
08-11-2024,1556.884644,1569.900024,1579.5,1558.849976,1571,3096384,BHARTIARTL.NS
08-11-2024,424.2772217,460.3216248,462.8733521,456.9995728,460.1771851,6325023,ITC.NS
08-11-2024,1776.630493,1809.599976,1815.050049,1790.949951,1799.800049,1644075,SUNPHARMA.NS
08-11-2024,681.1785889,689.5949707,695.1550293,684.0999756,690.4500122,4248400,BAJFINANCE.NS
07-11-2024,3865.845703,4150.899902,4205.799805,4085.050049,4169.700195,3724349,TCS.NS
07-11-2024,1714.131104,1803.050049,1825.699951,1787,1812.949951,4550965,INFY.NS
07-11-2024,1294.470947,1305.650024,1324,1302.599976,1324,9611974,RELIANCE.NS
07-11-2024,847.609436,873.2750244,880.4749756,869,872.1500244,18895456,HDFCBANK.NS
07-11-2024,1268.908936,1278.699951,1302.800049,1275.25,1297.150024,9909035,ICICIBANK.NS
07-11-2024,1562.735718,1575.800049,1608.550049,1569.650024,1595.949951,5160994,BHARTIARTL.NS
07-11-2024,424.1440735,460.1771851,464.7991943,458.4439392,463.8844299,9267980,ITC.NS
07-11-2024,1758.320313,1790.949951,1845,1778.800049,1845,1909269,SUNPHARMA.NS
07-11-2024,682.0231323,690.4500122,703.8950195,687,700.6199951,4590470,BAJFINANCE.NS
06-11-2024,3855.368408,4139.649902,4149.799805,3975.25,4003.600098,3792017,TCS.NS
06-11-2024,1733.762451,1823.699951,1827.199951,1762.650024,1764,10421494,INFY.NS
06-11-2024,1314.002197,1325.349976,1328.300049,1300.199951,1310,21625209,RELIANCE.NS
06-11-2024,851.831543,877.625,885.75,872.6749878,885.75,27787910,HDFCBANK.NS
06-11-2024,1292.37793,1302.349976,1315,1292.699951,1300.25,12037405,ICICIBANK.NS
06-11-2024,1585.545044,1598.800049,1610.75,1566.5,1583,6631728,BHARTIARTL.NS
06-11-2024,426.9841309,463.2585144,466.4361572,460.2734985,462.3919067,11749720,ITC.NS
06-11-2024,1794.155396,1827.449951,1840,1802.199951,1815.550049,2060619,SUNPHARMA.NS
06-11-2024,692.0690308,700.6199951,702.4099731,689.2299805,693.5,6962620,BAJFINANCE.NS
05-11-2024,3698.625732,3971.350098,3986,3941.100098,3941.100098,967590,TCS.NS
05-11-2024,1667.689941,1754.199951,1768.449951,1745,1760,3160880,INFY.NS
05-11-2024,1294.124023,1305.300049,1309.550049,1286.150024,1293,16267479,RELIANCE.NS
05-11-2024,853.0933228,878.9249878,881.3499756,848.9500122,851.5,44232406,HDFCBANK.NS
05-11-2024,1286.771118,1296.699951,1301.300049,1263.099976,1273,16431920,ICICIBANK.NS
05-11-2024,1565.314209,1578.400024,1593.900024,1566,1583.25,6473278,BHARTIARTL.NS
05-11-2024,426.1854248,462.3919067,467.0620422,459.2624207,465.039917,7610046,ITC.NS
05-11-2024,1770.739868,1803.599976,1833,1799.449951,1805,1658010,SUNPHARMA.NS
05-11-2024,684.5765991,693.0349731,701.4949951,671.2000122,684.5,12234300,BAJFINANCE.NS
04-11-2024,3691.92041,3964.149902,3991.899902,3913.25,3966.300049,2269192,TCS.NS
04-11-2024,1676.67395,1763.650024,1767,1718,1724.5,7336722,INFY.NS
04-11-2024,1291.000977,1302.150024,1340,1285.099976,1337.849976,19796890,RELIANCE.NS
04-11-2024,831.8612061,857.0499878,872.5,855.4500122,872.5,28089248,HDFCBANK.NS
04-11-2024,1267.42041,1277.199951,1291.800049,1270.050049,1290.099976,14309121,ICICIBANK.NS
04-11-2024,1578.057617,1591.25,1623.849976,1573.050049,1619.150024,6094029,BHARTIARTL.NS
04-11-2024,430.0904846,466.6287231,475.1505127,461.7659912,475.1505127,8754385,ITC.NS
04-11-2024,1775.943237,1808.900024,1845,1760.099976,1845,5031861,SUNPHARMA.NS
04-11-2024,676.017334,684.3699951,697.5,675.289978,697.5,7162390,BAJFINANCE.NS
01-11-2024,3710.593506,3984.199951,3998.949951,3976.050049,3989.850098,154895,TCS.NS
01-11-2024,1674.012085,1760.849976,1766,1752.050049,1764.5,371966,INFY.NS
01-11-2024,1327.188477,1338.650024,1341.949951,1333,1333.050049,2127335,RELIANCE.NS
01-11-2024,843.1203003,868.6500244,872.0499878,863.0499878,866.5,1759692,HDFCBANK.NS
01-11-2024,1281.908691,1291.800049,1296.199951,1286.25,1289.949951,1007022,ICICIBANK.NS
01-11-2024,1603.048584,1616.449951,1626.349976,1605.349976,1620,279441,BHARTIARTL.NS
01-11-2024,435.1493225,472.1173401,473.8505859,471.1544189,472.7913818,1517892,ITC.NS
01-11-2024,1824.541626,1858.400024,1864.949951,1831.550049,1860,107596,SUNPHARMA.NS
01-11-2024,683.9098511,692.3599854,694.4550171,690.2000122,693,450110,BAJFINANCE.NS
31-10-2024,3695.925293,3968.449951,4078.300049,3960,4070,3740372,TCS.NS
31-10-2024,1670.5896,1757.25,1787.900024,1746.5,1787.900024,7395236,INFY.NS
31-10-2024,1320.64502,1332.050049,1343,1326.150024,1340,9331650,RELIANCE.NS
31-10-2024,842.3438721,867.8499756,869.4500122,859.7000122,864,22895912,HDFCBANK.NS
31-10-2024,1282.355225,1292.25,1318.949951,1288.550049,1307.25,23497314,ICICIBANK.NS
31-10-2024,1599.230591,1612.599976,1638.800049,1602.150024,1634,4921681,BHARTIARTL.NS
31-10-2024,433.8180542,470.6729736,474.7172241,466.7250061,473.754303,8111694,ITC.NS
31-10-2024,1815.214478,1848.900024,1872.5,1842.099976,1860,2572932,SUNPHARMA.NS
31-10-2024,680.5661621,688.9749756,697.0800171,687.9749756,694.9000244,7301530,BAJFINANCE.NS
30-10-2024,3804.145508,4084.649902,4107,4060.050049,4075,1935002,TCS.NS
30-10-2024,1713.227661,1802.099976,1839,1796.349976,1832,5919715,INFY.NS
30-10-2024,1332.393555,1343.900024,1350,1325.349976,1335,11984423,RELIANCE.NS
30-10-2024,841.8099365,867.2999878,877.375,862.0999756,871,32715724,HDFCBANK.NS
30-10-2024,1302.102905,1312.150024,1330.900024,1305.599976,1324,15055031,ICICIBANK.NS
30-10-2024,1619.808594,1633.349976,1651,1617.800049,1627.800049,4622628,BHARTIARTL.NS
30-10-2024,436.2586975,473.3209839,474.9579468,468.458252,469.8544922,6640080,ITC.NS
30-10-2024,1818.356201,1852.099976,1880.900024,1820,1868.5,1900203,SUNPHARMA.NS
30-10-2024,687.0115356,695.5,702.0449829,693.2000122,699.9000244,5660440,BAJFINANCE.NS
29-10-2024,3795.390869,4075.25,4103.5,4060.100098,4095.850098,1445885,TCS.NS
29-10-2024,1748.593384,1839.300049,1851.599976,1829,1846,4621252,INFY.NS
29-10-2024,1328.526855,1340,1343.199951,1320.300049,1328.099976,12008361,RELIANCE.NS
29-10-2024,850.1815186,875.9249878,882,862.5499878,863.0750122,35794926,HDFCBANK.NS
29-10-2024,1321.651978,1331.849976,1335.349976,1299.25,1301.349976,20656117,ICICIBANK.NS
29-10-2024,1623.527466,1637.099976,1667.949951,1610,1650.5,6990747,BHARTIARTL.NS
29-10-2024,433.0636597,469.8544922,471.058136,463.4511108,467.0138855,7131161,ITC.NS
29-10-2024,1837.500977,1871.599976,1922.699951,1862,1922,2295542,SUNPHARMA.NS
29-10-2024,693.6791382,702.25,706,680.2199707,690.9099731,14097500,BAJFINANCE.NS
28-10-2024,3809.919434,4090.850098,4134,4051,4068.949951,1532534,TCS.NS
28-10-2024,1753.394165,1865.349976,1881.900024,1857,1859.699951,7018940,INFY.NS
28-10-2024,1322.925171,1334.349976,1353,1322.099976,1337,10824350,RELIANCE.NS
28-10-2024,841.6158447,867.0999756,875.5,864.4500122,871,22012142,HDFCBANK.NS
28-10-2024,1282.950684,1292.849976,1307.800049,1280.599976,1285.5,24096412,ICICIBANK.NS
28-10-2024,1649.559814,1663.349976,1677.849976,1645.650024,1658.150024,2811651,BHARTIARTL.NS
28-10-2024,429.6910706,466.1954041,467.8805237,458.3476563,464.0769958,8946214,ITC.NS
28-10-2024,1868.230713,1902.900024,1916,1835,1863.199951,2445724,SUNPHARMA.NS
28-10-2024,682.6997681,691.1350098,704.5,687.5,692,7149810,BAJFINANCE.NS
25-10-2024,3778.906738,4057.550049,4092,4032.699951,4057.050049,1759676,TCS.NS
25-10-2024,1750.292358,1862.050049,1876.349976,1846.400024,1863.449951,4689120,INFY.NS
25-10-2024,1316.480835,1327.849976,1344.349976,1322,1343.5,18597496,RELIANCE.NS
25-10-2024,846.0806885,871.7000122,878.9249878,864.3499756,877.5,26130478,HDFCBANK.NS
25-10-2024,1245.837036,1255.449951,1268.900024,1234.199951,1247.25,13546055,ICICIBANK.NS
25-10-2024,1652.187866,1666,1684.75,1655.849976,1681.099976,3434386,BHARTIARTL.NS
25-10-2024,428.0491943,464.414032,475.1986694,456.6144104,458.1550598,32154050,ITC.NS
25-10-2024,1826.505005,1860.400024,1875.599976,1850.099976,1856.800049,2148004,SUNPHARMA.NS
25-10-2024,682.5812988,691.0150146,705.9949951,689.3300171,704.0900269,10223240,BAJFINANCE.NS
24-10-2024,3769.919189,4047.899902,4079,4004,4004,2676744,TCS.NS
24-10-2024,1751.51416,1863.349976,1884,1860,1861.400024,2906475,INFY.NS
24-10-2024,1328.328735,1339.800049,1343.699951,1323.125,1335.275024,22155934,RELIANCE.NS
24-10-2024,849.1138306,874.8250122,884.3250122,869.0499878,869.0499878,30832258,HDFCBANK.NS
24-10-2024,1243.157715,1252.75,1260.449951,1241.050049,1250.25,12223031,ICICIBANK.NS
24-10-2024,1664.534668,1678.449951,1693,1657.400024,1687,3669575,BHARTIARTL.NS
24-10-2024,418.64151,454.2071228,464.5103149,452.5701599,464.1251526,13596626,ITC.NS
24-10-2024,1815.214478,1848.900024,1859.550049,1829.449951,1830,1739776,SUNPHARMA.NS
24-10-2024,695.4967041,704.0900269,712.2849731,699.0599976,701.25,8951250,BAJFINANCE.NS
23-10-2024,3787.008789,4066.25,4113.549805,3995.149902,3999.600098,1966476,TCS.NS
23-10-2024,1760.960938,1873.400024,1886,1844,1845.25,4311910,INFY.NS
23-10-2024,1327.064575,1338.525024,1357.474976,1335,1337.5,17214742,RELIANCE.NS
23-10-2024,842.3924561,867.9000244,873.25,852.5250244,852.5250244,38036090,HDFCBANK.NS
23-10-2024,1242.016479,1251.599976,1267.949951,1243.050049,1261,14055447,ICICIBANK.NS
23-10-2024,1671.82373,1685.800049,1701.349976,1680.099976,1690,2764757,BHARTIARTL.NS
23-10-2024,426.3185425,462.5363464,465.3769226,461.717865,463.1622314,10553961,ITC.NS
23-10-2024,1805.838501,1839.349976,1889.550049,1832,1880.050049,1673366,SUNPHARMA.NS
23-10-2024,691.0418091,699.5800171,709.8850098,660.0999756,660.5750122,26373910,BAJFINANCE.NS
22-10-2024,3739.744141,4015.5,4089.800049,4006.350098,4066,1928049,TCS.NS
22-10-2024,1740.46936,1851.599976,1877.800049,1846.949951,1858.199951,4125240,INFY.NS
22-10-2024,1331.848267,1343.349976,1376,1340.224976,1369.199951,15831960,RELIANCE.NS
22-10-2024,832.0796509,857.2750244,870,855.3499756,865.0250244,38875280,HDFCBANK.NS
22-10-2024,1257.7948,1267.5,1284.900024,1259.75,1266.599976,20090801,ICICIBANK.NS
22-10-2024,1678.220215,1692.25,1712.900024,1687.349976,1692,3070057,BHARTIARTL.NS
22-10-2024,427.6053772,463.9325562,470.2878113,462.969635,465.7139587,12772970,ITC.NS
22-10-2024,1853.1604,1887.550049,1906,1881,1892,1192915,SUNPHARMA.NS
22-10-2024,659.6397095,667.789978,683.2999878,664.3649902,680,17006190,BAJFINANCE.NS
21-10-2024,3799.674805,4079.850098,4139.950195,4070,4132.600098,1595450,TCS.NS
21-10-2024,1741.550415,1852.75,1898.800049,1838,1891.099976,4654601,INFY.NS
21-10-2024,1357.476807,1369.199951,1374,1357.724976,1367.125,14067408,RELIANCE.NS
21-10-2024,838.9466553,864.3499756,874.0750122,855.5250244,857.5,46548354,HDFCBANK.NS
21-10-2024,1249.409546,1259.050049,1272.349976,1250.550049,1264.5,7742775,ICICIBANK.NS
21-10-2024,1678.517822,1692.550049,1708.949951,1662,1705.550049,3836168,BHARTIARTL.NS
21-10-2024,429.2473145,465.7139587,469.5174866,459.647583,468.6508484,7680088,ITC.NS
21-10-2024,1862.438232,1897,1920.550049,1890.550049,1918.800049,660583,SUNPHARMA.NS
21-10-2024,669.8140259,678.0900269,695.0750122,671.7249756,690.9050293,22099660,BAJFINANCE.NS
18-10-2024,3839.907959,4123.049805,4146.149902,4080,4090,2361000,TCS.NS
18-10-2024,1766.78894,1879.599976,1936.849976,1869.25,1893.800049,10526196,INFY.NS
18-10-2024,1347.661621,1359.300049,1368.425049,1341.324951,1352.175049,12082452,RELIANCE.NS
18-10-2024,816.2102051,840.9249878,845.5,827.0499878,831.5499878,24809724,HDFCBANK.NS
18-10-2024,1254.817749,1264.5,1268.900024,1225.25,1227.949951,11018126,ICICIBANK.NS
18-10-2024,1693.690918,1707.849976,1716.099976,1685.199951,1710,4154915,BHARTIARTL.NS
18-10-2024,431.9542847,468.6508484,473.3209839,460.6586609,470.6248169,22616838,ITC.NS
18-10-2024,1875.544922,1910.349976,1917.900024,1872.699951,1900,1203693,SUNPHARMA.NS
18-10-2024,681.5342407,689.9550171,693.8649902,682.0700073,689.2999878,7449290,BAJFINANCE.NS
17-10-2024,3817.510254,4109,4129.950195,4092.949951,4112.799805,2522659,TCS.NS
17-10-2024,1849.977173,1968.099976,1978,1930.150024,1935.199951,8162822,INFY.NS
17-10-2024,1344.811279,1356.425049,1368.449951,1352.050049,1365.699951,15543660,RELIANCE.NS
17-10-2024,811.9880371,836.5750122,848.8250122,832.5999756,847.4749756,14695732,HDFCBANK.NS
17-10-2024,1221.822388,1231.25,1256.949951,1224.400024,1249.449951,8459497,ICICIBANK.NS
17-10-2024,1687.046509,1701.150024,1737.949951,1694.400024,1736.75,4373392,BHARTIARTL.NS
17-10-2024,433.9067688,470.7692566,476.6430359,469.9026489,476.6430359,7669729,ITC.NS
17-10-2024,1855.124023,1889.550049,1923.650024,1879.650024,1923.550049,1447059,SUNPHARMA.NS
17-10-2024,681.5292358,689.9500122,699.8800049,687.0999756,698.0949707,6897550,BAJFINANCE.NS
16-10-2024,3804.456787,4094.949951,4115,4067.199951,4085,2359151,TCS.NS
16-10-2024,1804.858154,1920.099976,1959.550049,1916.349976,1955,3111512,INFY.NS
16-10-2024,1342.481323,1354.074951,1364,1337.625,1340,20034438,RELIANCE.NS
16-10-2024,824.9214478,849.9000244,853.9749756,840.0499878,840.0499878,20470682,HDFCBANK.NS
16-10-2024,1233.631226,1243.150024,1254.949951,1241.599976,1248.5,7869727,ICICIBANK.NS
16-10-2024,1719.574463,1733.949951,1742.25,1717.099976,1720,3299887,BHARTIARTL.NS
16-10-2024,437.723114,474.90979,480.3502808,474.0913086,477.605957,6939430,ITC.NS
16-10-2024,1863.910889,1898.5,1914.699951,1887,1908.949951,1401914,SUNPHARMA.NS
16-10-2024,687.1448364,695.6350098,705.9349976,692,701,11256980,BAJFINANCE.NS
15-10-2024,3824.756592,4116.799805,4169.950195,4095,4131.049805,2759474,TCS.NS
15-10-2024,1841.705444,1959.300049,1991.449951,1951.75,1960,5353705,INFY.NS
15-10-2024,1332.517456,1344.025024,1371.699951,1340.699951,1358.525024,33762794,RELIANCE.NS
15-10-2024,817.302124,842.0499878,849,837.75,847,19651130,HDFCBANK.NS
15-10-2024,1245.886597,1255.5,1258.300049,1235.400024,1238.949951,11657338,ICICIBANK.NS
15-10-2024,1703.012939,1717.25,1732.75,1699.949951,1708,5891334,BHARTIARTL.NS
15-10-2024,442.4713135,480.0614014,480.8798828,476.1615906,479.5317993,8347216,ITC.NS
15-10-2024,1863.861694,1898.449951,1920.400024,1894.650024,1918,1383203,SUNPHARMA.NS
15-10-2024,693.1260376,701.6900024,725.6149902,697.9000244,724.4899902,14855670,BAJFINANCE.NS
14-10-2024,3843.198242,4136.649902,4165.399902,4122.200195,4140,2137590,TCS.NS
14-10-2024,1841.329468,1958.900024,1969.5,1931.099976,1932.150024,3751378,INFY.NS
14-10-2024,1360.773438,1372.525024,1380.074951,1368.25,1379.449951,12221432,RELIANCE.NS
14-10-2024,819.2433472,844.0499878,846.0250244,827,828.0250244,18527508,HDFCBANK.NS
14-10-2024,1222.318481,1231.75,1237.900024,1217.400024,1221,11833929,ICICIBANK.NS
14-10-2024,1681.54248,1695.599976,1710.050049,1679.349976,1686,2069815,BHARTIARTL.NS
14-10-2024,441.0513,478.5207214,480.4947205,470.5285339,472.7913818,6970606,ITC.NS
14-10-2024,1874.955933,1909.75,1915.75,1895.099976,1903,676879,SUNPHARMA.NS
14-10-2024,712.0817871,720.8800049,731.3850098,720,729.2700195,4451810,BAJFINANCE.NS
11-10-2024,3854.858398,4149.200195,4241.950195,4112.450195,4143,5759183,TCS.NS
11-10-2024,1818.957886,1935.099976,1947,1910.099976,1918,4709431,INFY.NS
11-10-2024,1360.352051,1372.099976,1383.275024,1368.824951,1370,7980122,RELIANCE.NS
11-10-2024,801.2385254,825.5,832.2249756,821.625,832.2249756,23672594,HDFCBANK.NS
11-10-2024,1213.635498,1223,1240.800049,1222,1237,8472512,ICICIBANK.NS
11-10-2024,1673.410522,1687.400024,1690.25,1658.650024,1678.099976,2367678,BHARTIARTL.NS
11-10-2024,433.2855225,470.0952148,475.6319885,469.3248901,474.7172241,14949380,ITC.NS
11-10-2024,1867.298096,1901.949951,1909.349976,1890.5,1899,1019117,SUNPHARMA.NS
11-10-2024,721.2880249,730.2000122,733,722.6049805,732.5,3615870,BAJFINANCE.NS
10-10-2024,3927.510254,4227.399902,4293.850098,4198.600098,4253.25,2378875,TCS.NS
10-10-2024,1803.824097,1919,1964,1914.099976,1957.900024,4782119,INFY.NS
10-10-2024,1359.311035,1371.050049,1386,1369.425049,1380.025024,22358646,RELIANCE.NS
10-10-2024,806.7709351,831.2000122,832.7249756,816.25,819.5,21754766,HDFCBANK.NS
10-10-2024,1233.978516,1243.5,1254.699951,1238,1246.75,9118195,ICICIBANK.NS
10-10-2024,1664.1875,1678.099976,1698.949951,1665,1686.599976,5047657,BHARTIARTL.NS
10-10-2024,436.7024841,473.8024597,477.2689514,471.2988586,476.980072,13292273,ITC.NS
10-10-2024,1853.356689,1887.75,1937.949951,1883.900024,1929.599976,2383012,SUNPHARMA.NS
10-10-2024,723.036438,731.9699707,736.7999878,727.2999878,732,5594270,BAJFINANCE.NS
09-10-2024,3951.248535,4252.950195,4295,4246.700195,4260,1082504,TCS.NS
09-10-2024,1835.548584,1952.75,1977,1945.099976,1952.550049,4857163,INFY.NS
09-10-2024,1362.830688,1374.599976,1400.974976,1372.5,1397.525024,14310610,RELIANCE.NS
09-10-2024,792.5758057,816.5750122,828.375,814.3499756,824.75,41125642,HDFCBANK.NS
09-10-2024,1234.623535,1244.150024,1265.099976,1232.650024,1243.050049,14765997,ICICIBANK.NS
09-10-2024,1664.1875,1678.099976,1704.599976,1661.050049,1666.75,3414614,BHARTIARTL.NS
09-10-2024,436.3918152,473.4654236,490.8941956,472.3580627,490.8941956,24874940,ITC.NS
09-10-2024,1895.671509,1930.849976,1947,1894.5,1894.550049,1597182,SUNPHARMA.NS
09-10-2024,721.1348267,730.0449829,742.6799927,720.6099854,721.5999756,10543750,BAJFINANCE.NS
08-10-2024,3951.5271,4253.25,4279.399902,4203.950195,4272.600098,1541867,TCS.NS
08-10-2024,1831.600708,1948.550049,1957.949951,1906.349976,1937.900024,5637391,INFY.NS
08-10-2024,1385.385864,1397.349976,1401,1365.099976,1372.974976,17020808,RELIANCE.NS
08-10-2024,801.2628174,825.5250244,828.4000244,811,815,29734406,HDFCBANK.NS
08-10-2024,1227.131348,1236.599976,1247.800049,1229.75,1241,12219259,ICICIBANK.NS
08-10-2024,1643.70874,1657.449951,1679.5,1652,1662.599976,5224335,BHARTIARTL.NS
08-10-2024,450.8139648,489.112793,493.5422058,487.2351074,491.0867615,9868331,ITC.NS
08-10-2024,1882.221191,1917.150024,1921.449951,1901.550049,1904,2309881,SUNPHARMA.NS
08-10-2024,709.9234619,718.6950073,729.539978,716.0050049,726.4849854,9038050,BAJFINANCE.NS
07-10-2024,3969.736572,4272.850098,4297.25,4229.399902,4273.899902,1472619,TCS.NS
07-10-2024,1818.205933,1934.300049,1942,1916.050049,1923.199951,6112575,INFY.NS
07-10-2024,1358.988892,1370.724976,1396.5,1361.375,1393.5,22181340,RELIANCE.NS
07-10-2024,785.1264038,808.9000244,829.5,806.5,826.0999756,94458296,HDFCBANK.NS
07-10-2024,1224.452026,1233.900024,1262.949951,1225,1241.550049,20667247,ICICIBANK.NS
07-10-2024,1648.27063,1662.050049,1670,1642.449951,1651,5387707,BHARTIARTL.NS
07-10-2024,452.8109131,491.2793579,495.8532104,487.9573059,488.1980286,17114457,ITC.NS
07-10-2024,1870.537842,1905.25,1917.949951,1888.050049,1910.050049,1691999,SUNPHARMA.NS
07-10-2024,718.0678101,726.9400024,732.4000244,719.0300293,721.1350098,9362270,BAJFINANCE.NS
04-10-2024,3950.598145,4252.25,4298,4224.049805,4225,2965463,TCS.NS
04-10-2024,1803.025269,1918.150024,1954.099976,1886,1889.550049,10001483,INFY.NS
04-10-2024,1374.653564,1386.525024,1417.349976,1381.775024,1403.925049,37072876,RELIANCE.NS
04-10-2024,804.4658203,828.8250122,845.3250122,826.5,837.25,48683232,HDFCBANK.NS
04-10-2024,1230.257202,1239.75,1264.400024,1236.199951,1247.099976,13488887,ICICIBANK.NS
04-10-2024,1627.296021,1640.900024,1686.699951,1630.150024,1670.050049,8576527,BHARTIARTL.NS
04-10-2024,446.908905,484.8759766,498.1642151,482.9501343,491.0867615,18930962,ITC.NS
04-10-2024,1875.250366,1910.050049,1952.25,1903.650024,1910.849976,2798189,SUNPHARMA.NS
04-10-2024,712.3336792,721.1350098,743,715.5,742,17681110,BAJFINANCE.NS
03-10-2024,3932.481201,4232.75,4279,4210,4262.600098,3350119,TCS.NS
03-10-2024,1779.76062,1893.400024,1911.849976,1881,1889.5,7503887,INFY.NS
03-10-2024,1394.928467,1406.974976,1449.400024,1402.074951,1436.574951,37757294,RELIANCE.NS
03-10-2024,816.282959,841,863.0750122,836.6749878,857.8250122,48473398,HDFCBANK.NS
03-10-2024,1246.730103,1256.349976,1265.75,1248.150024,1253.599976,17648551,ICICIBANK.NS
03-10-2024,1659.57605,1673.449951,1695,1665,1665,7200276,BHARTIARTL.NS
03-10-2024,455.0740662,493.7348022,496.5753784,489.2572327,489.6905518,16481353,ITC.NS
03-10-2024,1876.035767,1910.849976,1936.300049,1896.050049,1900.800049,2492195,SUNPHARMA.NS
03-10-2024,734.3120728,743.3850098,770,738.0999756,761,10406620,BAJFINANCE.NS
01-10-2024,3983.71875,4287.899902,4295.75,4242.950195,4255.549805,1823365,TCS.NS
01-10-2024,1790.053345,1904.349976,1908.949951,1875,1875,4029072,INFY.NS
01-10-2024,1452.283081,1464.824951,1487.949951,1462.824951,1480.650024,16431642,RELIANCE.NS
01-10-2024,837.7333984,863.0999756,871,860.0499878,862,24572284,HDFCBANK.NS
01-10-2024,1264.641968,1274.400024,1280.25,1267.599976,1269.800049,10972413,ICICIBANK.NS
01-10-2024,1684.616699,1698.699951,1722.849976,1696,1705,3649090,BHARTIARTL.NS
01-10-2024,458.1359863,497.0568542,500.4751892,494.938446,498.9345398,5285319,ITC.NS
01-10-2024,1884.969971,1919.949951,1934.75,1902.349976,1924.849976,1275678,SUNPHARMA.NS
01-10-2024,760.8985596,770.2999878,781.4650269,765.0999756,766.0100098,7882880,BAJFINANCE.NS
30-09-2024,3965.695068,4268.5,4298.75,4260.049805,4286.899902,2503416,TCS.NS
30-09-2024,1763.029053,1875.599976,1901.25,1870.5,1880,6986955,INFY.NS
30-09-2024,1463.932495,1476.574951,1524.974976,1474.400024,1519.400024,27008814,RELIANCE.NS
30-09-2024,840.5725098,866.0250244,875.7249756,862.2000122,874.4000244,26383534,HDFCBANK.NS
30-09-2024,1263.252686,1273,1296.800049,1270.900024,1292.099976,12622212,ICICIBANK.NS
30-09-2024,1695.376831,1709.550049,1733,1704.199951,1714,6907288,BHARTIARTL.NS
30-09-2024,459.8666382,498.9345398,504.9046021,494.9865723,501.2936707,10936940,ITC.NS
30-09-2024,1891.597046,1926.699951,1960.349976,1921.050049,1949,2608461,SUNPHARMA.NS
30-09-2024,760.8985596,770.2999878,782.4000244,767.6149902,774.5999756,9619520,BAJFINANCE.NS
27-09-2024,4003.043213,4308.700195,4378,4300.049805,4335,3012477,TCS.NS
27-09-2024,1792.30957,1906.75,1974.599976,1903.300049,1932.099976,14908931,INFY.NS
27-09-2024,1513.10791,1526.175049,1533.474976,1492,1499,20597478,RELIANCE.NS
27-09-2024,850.5697632,876.3250122,889.0999756,875,888.5,35613502,HDFCBANK.NS
27-09-2024,1296.595337,1306.599976,1333,1303.849976,1333,17117379,ICICIBANK.NS
27-09-2024,1720.219116,1734.599976,1763.449951,1722.5,1755.199951,7116861,BHARTIARTL.NS
27-09-2024,463.9048462,503.3157959,508.9006958,500.956665,500.956665,17916386,ITC.NS
27-09-2024,1913.196289,1948.699951,1959.300049,1915.25,1917.949951,3809008,SUNPHARMA.NS
27-09-2024,766.1338501,775.5999756,781,771.0999756,778,11781310,BAJFINANCE.NS
26-09-2024,3987.992188,4292.5,4316.799805,4260,4260,3964251,TCS.NS
26-09-2024,1786.199585,1900.25,1917.949951,1893,1897.800049,8952803,INFY.NS
26-09-2024,1485.124512,1497.949951,1504,1488.050049,1490.650024,18818998,RELIANCE.NS
26-09-2024,865.5171509,891.7249756,894,884.0250244,886.5250244,31899644,HDFCBANK.NS
26-09-2024,1318.873535,1329.050049,1333.349976,1316.900024,1320,11100869,ICICIBANK.NS
26-09-2024,1756.416504,1771.099976,1779,1746.150024,1770,7417423,BHARTIARTL.NS
26-09-2024,463.9492188,503.3639526,504.3268738,497.827179,498.453064,16086557,ITC.NS
26-09-2024,1863.812622,1898.400024,1905,1867.050049,1870.550049,2452807,SUNPHARMA.NS
26-09-2024,767.3588867,776.8400269,777.9400024,758.7550049,764,16681650,BAJFINANCE.NS
25-09-2024,3971.501953,4274.75,4289.600098,4240,4252.350098,2713073,TCS.NS
25-09-2024,1781.546631,1895.300049,1901.599976,1876.800049,1886.349976,4268341,INFY.NS
25-09-2024,1481.158691,1493.949951,1496.5,1480.199951,1483.900024,7069002,RELIANCE.NS
25-09-2024,863.4060059,889.5499878,894,880.0750122,880.0750122,31965312,HDFCBANK.NS
25-09-2024,1313.713257,1323.849976,1327.75,1310.099976,1310.75,8728019,ICICIBANK.NS
25-09-2024,1745.805298,1760.400024,1766.900024,1745,1755.550049,4017103,BHARTIARTL.NS
25-09-2024,459.334137,498.356781,500.0419006,493.3014832,496.3828125,8802667,ITC.NS
25-09-2024,1836.470215,1870.550049,1876,1858.550049,1874,956893,SUNPHARMA.NS
25-09-2024,753.085144,762.3900146,764,749.8049927,754.5,12720380,BAJFINANCE.NS
24-09-2024,3968.296631,4271.299805,4291,4240,4251.649902,3012026,TCS.NS
24-09-2024,1784.648438,1898.599976,1910.900024,1871.400024,1888,7277616,INFY.NS
24-09-2024,1476.622925,1489.375,1500.5,1487.875,1488.5,17137444,RELIANCE.NS
24-09-2024,858.043457,884.0250244,890.8250122,877.125,882.5,33039036,HDFCBANK.NS
24-09-2024,1308.503418,1318.599976,1331.400024,1315.449951,1321,13886037,ICICIBANK.NS
24-09-2024,1742.086304,1756.650024,1767.550049,1746.099976,1752,7579205,BHARTIARTL.NS
24-09-2024,457.2928772,496.1420898,498.5975037,495.0828857,497.827179,7015487,ITC.NS
24-09-2024,1834.064575,1868.099976,1880.650024,1856,1856,2528953,SUNPHARMA.NS
24-09-2024,746.2002563,755.4199829,760.3449707,748.3900146,759.7000122,10695400,BAJFINANCE.NS
23-09-2024,3965.695068,4268.5,4309.399902,4253,4300,1702319,TCS.NS
23-09-2024,1782.627686,1896.449951,1918.900024,1878.449951,1909,3636672,INFY.NS
23-09-2024,1480.588745,1493.375,1501.5,1488.949951,1491,8832314,RELIANCE.NS
23-09-2024,854.0397339,879.9000244,883.1749878,870.125,874.5,26965350,HDFCBANK.NS
23-09-2024,1311.778198,1321.900024,1331.800049,1308.5,1331,11380409,ICICIBANK.NS
23-09-2024,1735.937744,1750.449951,1754.25,1719,1719,5001827,BHARTIARTL.NS
23-09-2024,458.8016357,497.7790222,500.1863098,494.5532837,496.3346558,8105508,ITC.NS
23-09-2024,1828.763062,1862.699951,1875,1857.5,1867,812520,SUNPHARMA.NS
23-09-2024,750.2402954,759.5100098,763.5949707,753.1699829,762.5750122,5734970,BAJFINANCE.NS
20-09-2024,3980.932129,4284.899902,4330.700195,4227.5,4316.899902,5447908,TCS.NS
20-09-2024,1791.369385,1905.75,1915,1867.400024,1905,15242974,INFY.NS
20-09-2024,1473.202515,1485.925049,1495,1471.375,1474,30897320,RELIANCE.NS
20-09-2024,845.0130005,870.5999756,872.4749756,853.7750244,858.25,60623386,HDFCBANK.NS
20-09-2024,1328.201416,1338.449951,1362.349976,1291.550049,1295,73257767,ICICIBANK.NS
20-09-2024,1697.558594,1711.75,1723.400024,1666,1671,21646275,BHARTIARTL.NS
20-09-2024,456.5384521,495.3236084,498.1642151,489.1609497,493.0126038,24725118,ITC.NS
20-09-2024,1831.757568,1865.75,1871,1841.900024,1851.099976,4229991,SUNPHARMA.NS
20-09-2024,748.9907227,758.2449951,765.5,748.7249756,763.5,16450040,BAJFINANCE.NS
19-09-2024,3991.383545,4296.149902,4422.200195,4281.799805,4390.049805,2927551,TCS.NS
19-09-2024,1780.512573,1894.199951,1924.900024,1878.800049,1910.599976,7976570,INFY.NS
19-09-2024,1457.091675,1469.675049,1476.5,1455.550049,1466.25,16955902,RELIANCE.NS
19-09-2024,829.1435547,854.25,859.5,849.5750122,849.5999756,30651776,HDFCBANK.NS
19-09-2024,1282.107178,1292,1300,1285.349976,1288.349976,13172268,ICICIBANK.NS
19-09-2024,1651.047363,1664.849976,1711.699951,1647.699951,1647.699951,8498240,BHARTIARTL.NS
19-09-2024,451.0802307,489.4016724,495.7087708,488.6794739,491.0867615,14461616,ITC.NS
19-09-2024,1812.416382,1846.050049,1856,1835,1845.199951,1675819,SUNPHARMA.NS
19-09-2024,749.7710571,759.0349731,774.7999878,756,767.5,17206440,BAJFINANCE.NS
18-09-2024,4037.83667,4346.149902,4497.049805,4321,4497.049805,2961779,TCS.NS
18-09-2024,1778.585815,1892.150024,1938.75,1881.300049,1938.75,6385468,INFY.NS
18-09-2024,1450.919922,1463.449951,1482,1460.550049,1470,8574714,RELIANCE.NS
18-09-2024,822.494873,847.4000244,849.4500122,835.5499878,835.9249878,40917342,HDFCBANK.NS
18-09-2024,1278.485107,1288.349976,1295.349976,1262,1262,12466597,ICICIBANK.NS
18-09-2024,1641.179932,1654.900024,1670.949951,1647.849976,1655.199951,3171195,BHARTIARTL.NS
18-09-2024,450.2814636,488.5350342,493.3977661,486.3684998,489.01651,5638729,ITC.NS
18-09-2024,1802.549561,1836,1868,1829.599976,1868,1202676,SUNPHARMA.NS
18-09-2024,753.7963257,763.1099854,767.25,737.8499756,738.7249756,29749930,BAJFINANCE.NS
17-09-2024,4186.021973,4505.649902,4535.799805,4466,4513.25,1699364,TCS.NS
17-09-2024,1835.360474,1952.550049,1958.449951,1942.150024,1947.75,2793127,INFY.NS
17-09-2024,1459.694214,1472.300049,1477.474976,1466.625,1474,5935328,RELIANCE.NS
17-09-2024,809.8769531,834.4000244,839,832.0750122,839,20127122,HDFCBANK.NS
17-09-2024,1258.390137,1268.099976,1272.25,1258.400024,1259.949951,11513121,ICICIBANK.NS
17-09-2024,1647.973145,1661.75,1666.050049,1638.5,1650,4223072,BHARTIARTL.NS
17-09-2024,450.6364746,488.9202271,494.505127,487.4758301,492.0978394,10889862,ITC.NS
17-09-2024,1832.101074,1866.099976,1869.650024,1859.25,1863,738265,SUNPHARMA.NS
17-09-2024,727.5605469,736.5499878,745.5,728.6149902,733.75,15677860,BAJFINANCE.NS
16-09-2024,4193.08252,4513.25,4546.049805,4494.450195,4527,1155120,TCS.NS
16-09-2024,1833.19873,1950.25,1952,1933.050049,1945.75,1570181,INFY.NS
16-09-2024,1458.752197,1471.349976,1480.900024,1464.75,1477.550049,5481774,RELIANCE.NS
16-09-2024,810.9202881,835.4749756,838.9000244,832.0250244,833.5,15172820,HDFCBANK.NS
16-09-2024,1253.180298,1262.849976,1265.599976,1244.699951,1251,8973335,ICICIBANK.NS
16-09-2024,1621.891113,1635.449951,1652.949951,1630.099976,1634.449951,3762063,BHARTIARTL.NS
16-09-2024,453.6096497,492.1459961,497.827179,490.7979126,496.7679749,7821668,ITC.NS
16-09-2024,1829.008545,1862.949951,1873.349976,1850.900024,1862,1284085,SUNPHARMA.NS
16-09-2024,725.6096802,734.5750122,768,732.2000122,768,26795550,BAJFINANCE.NS
13-09-2024,4201.769043,4522.600098,4547,4505,4530,1458786,TCS.NS
13-09-2024,1827.417725,1944.099976,1958.599976,1935.650024,1950.449951,3843127,INFY.NS
13-09-2024,1460.016357,1472.625,1483.150024,1469.5,1476.400024,8711328,RELIANCE.NS
13-09-2024,808.4938354,832.9749756,837,828.5250244,837,23860532,HDFCBANK.NS
13-09-2024,1240.776001,1250.349976,1255.949951,1242.050049,1252,9877288,ICICIBANK.NS
13-09-2024,1620.899414,1634.449951,1654.900024,1631.050049,1651,5609618,BHARTIARTL.NS
13-09-2024,456.0503235,494.7940063,500.7159119,493.0126038,500.2344666,9165077,ITC.NS
13-09-2024,1819.976196,1853.75,1865,1851.400024,1865,1322430,SUNPHARMA.NS
13-09-2024,750.5761108,759.8499756,766,735.2000122,742.8300171,22084380,BAJFINANCE.NS
12-09-2024,4197.217285,4517.700195,4532.600098,4431.299805,4510.25,2742216,TCS.NS
12-09-2024,1833.386597,1950.449951,1956.400024,1910.800049,1925,8555092,INFY.NS
12-09-2024,1467.129883,1479.800049,1486,1445.875,1457,22349376,RELIANCE.NS
12-09-2024,808.8092651,833.2999878,835,823.5250244,827,32424046,HDFCBANK.NS
12-09-2024,1242.562378,1252.150024,1257,1226.349976,1238,15376442,ICICIBANK.NS
12-09-2024,1633.097412,1646.75,1652.800049,1590.099976,1596.150024,12204496,BHARTIARTL.NS
12-09-2024,461.0648193,500.2344666,501.1973877,489.6905518,495.9976501,19085324,ITC.NS
12-09-2024,1831.41394,1865.400024,1871.5,1840.400024,1855.150024,2744070,SUNPHARMA.NS
12-09-2024,733.763855,742.8300171,744,729.6599731,742,14467640,BAJFINANCE.NS
11-09-2024,4161.587402,4479.350098,4549.350098,4471.25,4521.450195,1325919,TCS.NS
11-09-2024,1795.505371,1910.150024,1926,1905,1914.699951,5312946,INFY.NS
11-09-2024,1439.072144,1451.5,1468.75,1447.550049,1463.050049,9760202,RELIANCE.NS
11-09-2024,797.7928467,821.9500122,826.25,819.5999756,825.2000122,22226684,HDFCBANK.NS
11-09-2024,1226.883301,1236.349976,1239.300049,1226.400024,1231.5,11993242,ICICIBANK.NS
11-09-2024,1564.719116,1577.800049,1598.900024,1574.449951,1578.449951,5994914,BHARTIARTL.NS
11-09-2024,456.4940491,495.2754517,500.2344666,492.964447,493.9755249,15497555,ITC.NS
11-09-2024,1812.072876,1845.699951,1857.5,1831.099976,1836.400024,1701900,SUNPHARMA.NS
11-09-2024,725.5899048,734.5549927,743.2000122,720.6300049,725,11048900,BAJFINANCE.NS
10-09-2024,4188.065918,4507.850098,4539.950195,4440.450195,4442.450195,1385591,TCS.NS
10-09-2024,1797.526367,1912.300049,1935,1896,1904.900024,6909600,INFY.NS
10-09-2024,1449.011353,1461.525024,1472.050049,1457.574951,1460.5,10768260,RELIANCE.NS
10-09-2024,800.9230347,825.1749878,827,819,827,26606646,HDFCBANK.NS
10-09-2024,1227.82605,1237.300049,1241.349976,1227,1236.949951,15545130,ICICIBANK.NS
10-09-2024,1564.768677,1577.849976,1586,1545.150024,1545.150024,6163457,BHARTIARTL.NS
10-09-2024,455.8284607,494.5532837,495.9013367,489.8831177,492.9163208,11332248,ITC.NS
10-09-2024,1802.893066,1836.349976,1842.25,1825.699951,1830,1460472,SUNPHARMA.NS
10-09-2024,715.3464355,724.1849976,736.9949951,719.2999878,736.9949951,13089320,BAJFINANCE.NS
09-09-2024,4133.900879,4449.549805,4490.25,4430.5,4455,1184938,TCS.NS
09-09-2024,1780.935791,1894.650024,1920.849976,1889,1890,4772612,INFY.NS
09-09-2024,1449.928345,1462.449951,1469.925049,1455.599976,1466.5,9010298,RELIANCE.NS
09-09-2024,799.0546265,823.25,824.25,815.0499878,819,23792914,HDFCBANK.NS
09-09-2024,1225.543579,1235,1238.300049,1200.449951,1202.900024,13863250,ICICIBANK.NS
09-09-2024,1529.860596,1542.650024,1546.75,1523.25,1523.25,3912508,BHARTIARTL.NS
09-09-2024,454.186554,492.7718811,493.6384888,481.7946472,483.3834534,14265060,ITC.NS
09-09-2024,1788.657471,1821.849976,1835.400024,1812.849976,1824.550049,1544883,SUNPHARMA.NS
09-09-2024,725.7775879,734.7449951,737.7949829,726.2800293,732.4000244,8789380,BAJFINANCE.NS
06-09-2024,4140.590332,4456.75,4518.950195,4440,4473.950195,1649179,TCS.NS
06-09-2024,1787.703491,1901.849976,1936.5,1896.849976,1922,5848106,INFY.NS
06-09-2024,1452.283081,1464.824951,1497,1461.625,1492.5,19394228,RELIANCE.NS
06-09-2024,794.4199219,818.4749756,823.875,817.0499878,819.1500244,26029602,HDFCBANK.NS
06-09-2024,1198.89917,1208.150024,1233.900024,1205,1225.949951,10170479,ICICIBANK.NS
06-09-2024,1526.48877,1539.25,1555.599976,1530.199951,1552.800049,5497805,BHARTIARTL.NS
06-09-2024,445.2669983,483.094574,493.0126038,478.7133179,493.0126038,14245025,ITC.NS
06-09-2024,1791.308105,1824.550049,1850,1805,1819.550049,1701134,SUNPHARMA.NS
06-09-2024,722.7845459,731.7150269,739.5,725.5549927,725.5549927,18428270,BAJFINANCE.NS
05-09-2024,4158.428711,4475.950195,4499,4454.149902,4481,1688793,TCS.NS
05-09-2024,1817.124878,1933.150024,1940,1909.599976,1926.25,4081810,INFY.NS
05-09-2024,1480.192139,1492.974976,1525.775024,1487.050049,1519.050049,16264168,RELIANCE.NS
05-09-2024,798.5450439,822.7249756,824.9500122,821,823,22876318,HDFCBANK.NS
05-09-2024,1226.486328,1235.949951,1244.849976,1231.300049,1238,9142811,ICICIBANK.NS
05-09-2024,1534.372803,1547.199951,1563,1541.5,1559,5652812,BHARTIARTL.NS
05-09-2024,453.6983643,492.2422791,492.9163208,488.2461853,489.4979553,11318636,ITC.NS
05-09-2024,1793.222656,1826.5,1843.900024,1820,1833.199951,1902919,SUNPHARMA.NS
05-09-2024,715.6477051,724.4899902,732.664978,719.2999878,732,6734470,BAJFINANCE.NS
04-09-2024,4161.494629,4479.25,4487,4436.700195,4476.950195,1265505,TCS.NS
04-09-2024,1807.067139,1922.449951,1927.199951,1900.050049,1921.099976,4778310,INFY.NS
04-09-2024,1501.582397,1514.550049,1517.5,1499.5,1500.699951,11983304,RELIANCE.NS
04-09-2024,796.7736816,820.9000244,822.4000244,816,819.5,24682744,HDFCBANK.NS
04-09-2024,1226.883301,1236.349976,1243.699951,1232.800049,1239.849976,13505843,ICICIBANK.NS
04-09-2024,1548.950928,1561.900024,1566,1542,1558,5213811,BHARTIARTL.NS
04-09-2024,449.3939514,487.5721436,491.1349182,481.4094849,481.4576111,8739052,ITC.NS
04-09-2024,1799.456909,1832.849976,1835,1801.300049,1811.5,2473477,SUNPHARMA.NS
04-09-2024,721.0410767,729.9500122,737.7000122,724.5250244,725.4949951,8867460,BAJFINANCE.NS
03-09-2024,4192.24707,4512.350098,4555.899902,4495.899902,4521.049805,1717263,TCS.NS
03-09-2024,1824.738892,1941.25,1967,1936.449951,1967,4694322,INFY.NS
03-09-2024,1496.203857,1509.125,1523,1507.5,1521.25,10923800,RELIANCE.NS
03-09-2024,794.6141357,818.6749878,819.9749756,812.2999878,817,37282860,HDFCBANK.NS
03-09-2024,1238.146362,1247.699951,1250.949951,1220.400024,1227.199951,19114907,ICICIBANK.NS
03-09-2024,1547.661743,1560.599976,1579,1558.599976,1579,4546295,BHARTIARTL.NS
03-09-2024,452.1008606,490.5090332,496.8161316,489.0646667,491.1349182,12481552,ITC.NS
03-09-2024,1778.495972,1811.5,1839.550049,1805.099976,1820,2148689,SUNPHARMA.NS
03-09-2024,726.4048462,735.3800049,746,720.6099854,746,18986560,BAJFINANCE.NS
02-09-2024,4200.32959,4521.049805,4588,4512,4576,1216500,TCS.NS
02-09-2024,1846.593384,1964.5,1975.75,1942.800049,1943.349976,5573739,INFY.NS
02-09-2024,1503.267822,1516.25,1526.800049,1506.625,1510.875,11240852,RELIANCE.NS
02-09-2024,789.5668335,813.4749756,823.4000244,811.5999756,823.4000244,34049680,HDFCBANK.NS
02-09-2024,1220.532227,1229.949951,1239.199951,1222.5,1239,12516759,ICICIBANK.NS
02-09-2024,1558.32251,1571.349976,1605,1565.5,1605,4890314,BHARTIARTL.NS
02-09-2024,452.6777649,491.1349182,493.8792419,484.6352539,485.3092957,16497266,ITC.NS
02-09-2024,1782.864868,1815.949951,1837,1805.199951,1829.949951,1617946,SUNPHARMA.NS
02-09-2024,734.9245605,744.0050049,745,722.9000244,727.4000244,22963780,BAJFINANCE.NS
30-08-2024,4230.709961,4553.75,4592.25,4487.799805,4500,3637222,TCS.NS
30-08-2024,1827.041748,1943.699951,1950,1928,1938,13466759,INFY.NS
30-08-2024,1496.699585,1509.625,1539.724976,1503.324951,1534,41620730,RELIANCE.NS
30-08-2024,794.395752,818.4500122,831,810.5750122,828,445342100,HDFCBANK.NS
30-08-2024,1219.787964,1229.199951,1235.550049,1218.900024,1230,21211148,ICICIBANK.NS
30-08-2024,1575.875854,1589.050049,1608.400024,1561.599976,1576,37820442,BHARTIARTL.NS
30-08-2024,445.444519,483.2871704,490.2683105,481.6502075,483.3352966,15523349,ITC.NS
30-08-2024,1788.46106,1821.650024,1828.150024,1791.300049,1798.150024,3036374,SUNPHARMA.NS
30-08-2024,711.227356,720.0150146,721.5050049,707.1049805,707.1049805,20443670,BAJFINANCE.NS
29-08-2024,4191.735352,4511.799805,4556,4460,4460,2133641,TCS.NS
29-08-2024,1817.312988,1933.349976,1950.5,1920.900024,1933,7228284,INFY.NS
29-08-2024,1507.902832,1520.925049,1537,1494,1503.099976,38335358,RELIANCE.NS
29-08-2024,795.1964722,819.2750244,822.2000122,815.5750122,821,49052604,HDFCBANK.NS
29-08-2024,1212.543945,1221.900024,1235,1217,1218.949951,10806748,ICICIBANK.NS
29-08-2024,1552.917847,1565.900024,1571.699951,1545.949951,1565,8036748,BHARTIARTL.NS
29-08-2024,448.2845764,486.3684998,488.8720703,478.9058838,479.5317993,19389694,ITC.NS
29-08-2024,1766.419922,1799.199951,1826.849976,1790.25,1809.900024,3205924,SUNPHARMA.NS
29-08-2024,697.7340698,706.3549805,715.7999878,688.1550293,688.9050293,26391590,BAJFINANCE.NS
28-08-2024,4186.393066,4506.049805,4562.5,4457.299805,4498.75,1848058,TCS.NS
28-08-2024,1822.717773,1939.099976,1951,1897.400024,1906.900024,6514531,INFY.NS
28-08-2024,1485.471558,1498.300049,1507.474976,1493,1505,9610286,RELIANCE.NS
28-08-2024,794.4927979,818.5499878,819.875,815.0999756,818.875,26921188,HDFCBANK.NS
28-08-2024,1214.479004,1223.849976,1226.400024,1217.300049,1222.650024,12291305,ICICIBANK.NS
28-08-2024,1543.446899,1556.349976,1564.5,1521.650024,1527.949951,6225319,BHARTIARTL.NS
28-08-2024,441.3619385,478.8577576,483.6723328,478.0874329,481.8427734,8081932,ITC.NS
28-08-2024,1778.8396,1811.849976,1823,1786.349976,1796.900024,1768949,SUNPHARMA.NS
28-08-2024,681.5786133,690,691.7000122,685.2000122,687.5999756,8489860,BAJFINANCE.NS
27-08-2024,4178.125,4497.149902,4510,4486.799805,4505,930697,TCS.NS
27-08-2024,1786.058472,1900.099976,1902.75,1873.900024,1876.150024,3830679,INFY.NS
27-08-2024,1487.603149,1500.449951,1513.474976,1499.449951,1510.5,6251156,RELIANCE.NS
27-08-2024,794.8082275,818.875,823.7000122,816.0999756,821.7000122,35773244,HDFCBANK.NS
27-08-2024,1216.959839,1226.349976,1232.5,1208.900024,1213.300049,16295325,ICICIBANK.NS
27-08-2024,1510.125488,1522.75,1526.349976,1502,1518,3965066,BHARTIARTL.NS
27-08-2024,444.290741,482.0353699,488.7757874,481.4576111,488.7276306,8260450,ITC.NS
27-08-2024,1756.798584,1789.400024,1792.599976,1767.150024,1778,1231023,SUNPHARMA.NS
27-08-2024,677.9830322,686.3599854,687.335022,673,677.835022,20359020,BAJFINANCE.NS
26-08-2024,4183.047852,4502.450195,4552.149902,4485,4489,1844164,TCS.NS
26-08-2024,1763.546021,1876.150024,1888.75,1864,1870,3728589,INFY.NS
26-08-2024,1499.649048,1512.599976,1523,1503,1506.974976,8816114,RELIANCE.NS
26-08-2024,795.8759155,819.9749756,823.9749756,816.0999756,816.0999756,22364266,HDFCBANK.NS
26-08-2024,1204.009766,1213.300049,1214.949951,1201.050049,1205.550049,10920226,ICICIBANK.NS
26-08-2024,1501.001831,1513.550049,1520.699951,1505,1509,4307432,BHARTIARTL.NS
26-08-2024,448.8170471,486.946228,489.1609497,483.3834534,487.2351074,8126402,ITC.NS
26-08-2024,1740.157349,1772.449951,1780,1764.5,1780,933372,SUNPHARMA.NS
26-08-2024,669.5621338,677.835022,681.9000244,675.6049805,677.5999756,8983430,BAJFINANCE.NS
23-08-2024,4147.233887,4463.899902,4506,4455,4500,1809253,TCS.NS
23-08-2024,1750.339233,1862.099976,1882.599976,1857,1878.199951,5015935,INFY.NS
23-08-2024,1487.132202,1499.974976,1511.324951,1498.425049,1503.75,9249654,RELIANCE.NS
23-08-2024,788.6448364,812.5250244,817,811.5,817,20333422,HDFCBANK.NS
23-08-2024,1194.28479,1203.5,1205,1188.550049,1193,7518309,ICICIBANK.NS
23-08-2024,1494.258179,1506.75,1510,1479.349976,1493,6238112,BHARTIARTL.NS
23-08-2024,448.9058533,487.0425415,488.1498718,481.4094849,486.320343,8195369,ITC.NS
23-08-2024,1743.397339,1775.75,1781.449951,1751.900024,1753.75,3515492,SUNPHARMA.NS
23-08-2024,665.3640137,673.585022,676.2000122,670.4949951,675.5,6180450,BAJFINANCE.NS
22-08-2024,4182.630859,4502,4560.950195,4497.200195,4560,1829872,TCS.NS
22-08-2024,1767.399902,1880.25,1893.650024,1869.699951,1884,4300287,INFY.NS
22-08-2024,1485.297974,1498.125,1506.5,1490.650024,1503,10445782,RELIANCE.NS
22-08-2024,791.6780396,815.6500244,819.1500244,814,816,21300638,HDFCBANK.NS
22-08-2024,1181.979736,1191.099976,1192.599976,1176.599976,1182,8564142,ICICIBANK.NS
22-08-2024,1474.027222,1486.349976,1499.900024,1465,1473.699951,6781325,BHARTIARTL.NS
22-08-2024,447.7964172,485.8388977,489.642395,482.8538513,489.01651,8686423,ITC.NS
22-08-2024,1718.754517,1750.650024,1769.5,1748.400024,1769.5,1369554,SUNPHARMA.NS
22-08-2024,666.1295166,674.3599854,676.5,672.3900146,675,7282600,BAJFINANCE.NS
21-08-2024,4228.620117,4551.5,4560,4492.549805,4518,1896990,TCS.NS
21-08-2024,1760.302856,1872.699951,1879,1867.099976,1875.099976,1966902,INFY.NS
21-08-2024,1485.843384,1498.675049,1507.875,1490,1493.25,7769996,RELIANCE.NS
21-08-2024,789.0089111,812.9000244,817.2750244,808.9000244,814.0499878,47630904,HDFCBANK.NS
21-08-2024,1165.854126,1174.849976,1178.650024,1165.099976,1177,17234142,ICICIBANK.NS
21-08-2024,1451.317139,1463.449951,1466.599976,1447.699951,1453,6175510,BHARTIARTL.NS
21-08-2024,448.5507813,486.6573792,490.1238708,480.5428467,481.4576111,8801221,ITC.NS
21-08-2024,1732.499634,1764.650024,1771.949951,1757.300049,1770,1184193,SUNPHARMA.NS
21-08-2024,665.3145142,673.5349731,674.7299805,669.5,672.1950073,6331110,BAJFINANCE.NS
20-08-2024,4202.419434,4523.299805,4565,4500,4505,2212298,TCS.NS
20-08-2024,1759.832886,1872.199951,1885.699951,1868.199951,1880,3870333,INFY.NS
20-08-2024,1483.141602,1495.949951,1503.925049,1490.025024,1497.224976,8411808,RELIANCE.NS
20-08-2024,794.7839966,818.8499756,823,813.7249756,813.7249756,31134494,HDFCBANK.NS
20-08-2024,1170.418945,1179.449951,1189.800049,1170,1174.199951,10427061,ICICIBANK.NS
20-08-2024,1437.135742,1449.150024,1484.75,1446.5,1480,10046892,BHARTIARTL.NS
20-08-2024,442.6932068,480.302124,484.7315369,479.2429199,482.4205322,6888634,ITC.NS
20-08-2024,1734.168579,1766.349976,1770.800049,1745.150024,1751.800049,1766597,SUNPHARMA.NS
20-08-2024,664.015686,672.2199707,677.3900146,661.6350098,664.7349854,9571590,BAJFINANCE.NS
19-08-2024,4171.482422,4490,4494.25,4390.350098,4421,2055210,TCS.NS
19-08-2024,1752.877319,1864.800049,1867.550049,1849.199951,1860,2585989,INFY.NS
19-08-2024,1475.65625,1488.400024,1498.300049,1480.5,1482.5,13797742,RELIANCE.NS
19-08-2024,791.7993164,815.7750244,818.8250122,811.8499756,818.8250122,19502164,HDFCBANK.NS
19-08-2024,1166.896118,1175.900024,1195.75,1173.300049,1191,6686394,ICICIBANK.NS
19-08-2024,1457.46582,1469.650024,1489.099976,1464.300049,1487,4404075,BHARTIARTL.NS
19-08-2024,445.045105,482.8538513,490.4127197,481.0724487,486.0314636,10591508,ITC.NS
19-08-2024,1715.956543,1747.800049,1752.849976,1740.650024,1752.849976,1363446,SUNPHARMA.NS
19-08-2024,653.5598755,661.6350098,665.5999756,659.3599854,663.7999878,5287300,BAJFINANCE.NS
16-08-2024,4102.77832,4416.049805,4427,4325.100098,4350,3457058,TCS.NS
16-08-2024,1747.378174,1858.949951,1861.849976,1829.5,1850,7335657,INFY.NS
16-08-2024,1460.586304,1478.199951,1480.400024,1458.050049,1468.650024,9416902,RELIANCE.NS
16-08-2024,792.0662842,816.0499878,817.0750122,805.5,814.25,27849246,HDFCBANK.NS
16-08-2024,1178.15918,1187.25,1193,1165.650024,1170,10961370,ICICIBANK.NS
16-08-2024,1471.250488,1483.550049,1491,1468.099976,1480,7176426,BHARTIARTL.NS
16-08-2024,446.1101379,484.0093384,485.5018616,474.380188,476.1615906,13643352,ITC.NS
16-08-2024,1710.998535,1742.75,1751.150024,1728.650024,1749.599976,2180718,SUNPHARMA.NS
16-08-2024,651.0458984,659.0900269,660,642.5,650.5,7534190,BAJFINANCE.NS
14-08-2024,3990.547119,4295.25,4306.200195,4188.149902,4209,3226545,TCS.NS
14-08-2024,1713.821045,1823.25,1825,1797.449951,1802,7450718,INFY.NS
14-08-2024,1444.431152,1461.849976,1472,1453.699951,1463.550049,6267466,RELIANCE.NS
14-08-2024,780.2733765,803.9000244,806.8499756,801.5999756,803.25,32334428,HDFCBANK.NS
14-08-2024,1152.755249,1161.650024,1170.050049,1153,1167,13431801,ICICIBANK.NS
14-08-2024,1459.498657,1471.699951,1480.099976,1453.099976,1453.099976,5891784,BHARTIARTL.NS
14-08-2024,436.8356018,473.9468689,480.4947205,471.7321777,473.7061462,9609981,ITC.NS
14-08-2024,1709.918579,1741.650024,1753,1732.599976,1747.5,2207250,SUNPHARMA.NS
14-08-2024,637.9675293,645.8499756,648.9949951,643.0949707,648.25,7742760,BAJFINANCE.NS
13-08-2024,3899.221191,4196.950195,4234,4183,4213,1495593,TCS.NS
13-08-2024,1689.569336,1797.449951,1810,1789.050049,1810,4176918,INFY.NS
13-08-2024,1446.185059,1463.625,1470.074951,1458,1460.75,6265064,RELIANCE.NS
13-08-2024,778.0408936,801.5999756,816.2000122,800.5750122,814,54055042,HDFCBANK.NS
13-08-2024,1159.403931,1168.349976,1189.25,1163.599976,1183.199951,13117927,ICICIBANK.NS
13-08-2024,1447.598145,1459.699951,1478.400024,1450.349976,1468,4495208,BHARTIARTL.NS
13-08-2024,434.8830566,471.8284607,479.3873596,470.1433716,477.5578003,8056478,ITC.NS
13-08-2024,1708.396851,1740.099976,1751.849976,1725.599976,1740,2076963,SUNPHARMA.NS
13-08-2024,638.614502,646.5050049,664.4949951,645.2199707,664.4949951,10723270,BAJFINANCE.NS
12-08-2024,3898.013184,4195.649902,4239,4186.350098,4230,936912,TCS.NS
12-08-2024,1689.522461,1797.400024,1803.5,1768.099976,1773.050049,4315329,INFY.NS
12-08-2024,1443.220825,1460.625,1473,1457.75,1470,8184584,RELIANCE.NS
12-08-2024,805.6547852,830.0499878,837.9749756,823.6749878,826,39316196,HDFCBANK.NS
12-08-2024,1163.819946,1172.800049,1178.25,1156,1171,10860455,ICICIBANK.NS
12-08-2024,1446.507324,1458.599976,1477.5,1445,1466,4028226,BHARTIARTL.NS
12-08-2024,438.9656067,476.2578735,481.4576111,473.754303,473.754303,9425644,ITC.NS
12-08-2024,1702.260742,1733.849976,1748.5,1730.050049,1735,1526788,SUNPHARMA.NS
12-08-2024,652.7498169,660.8150024,664.5,656.4050293,661.9099731,6748870,BAJFINANCE.NS
09-08-2024,3928.764893,4228.75,4253.649902,4205.549805,4217,1302536,TCS.NS
09-08-2024,1664.471924,1770.75,1780.75,1756,1771.25,4258524,INFY.NS
09-08-2024,1456.733032,1474.300049,1476.5,1456,1460,6249776,RELIANCE.NS
09-08-2024,800.8502197,825.0999756,831.2750244,822.9000244,826,26644618,HDFCBANK.NS
09-08-2024,1152.705566,1171.599976,1180.949951,1169,1176.550049,8687307,ICICIBANK.NS
09-08-2024,1451.96167,1464.099976,1482,1457.300049,1465,3615910,BHARTIARTL.NS
09-08-2024,440.1194458,477.5096741,479.5317993,474.8135071,479.5317993,9556181,ITC.NS
09-08-2024,1703.684204,1735.300049,1749.800049,1730.050049,1749.800049,751683,SUNPHARMA.NS
09-08-2024,653.7425537,661.8200073,670,659.0999756,670,6994900,BAJFINANCE.NS
08-08-2024,3876.551758,4172.549805,4232,4160,4181,2441283,TCS.NS
08-08-2024,1638.528442,1743.150024,1779.949951,1727.099976,1779.949951,6227910,INFY.NS
08-08-2024,1431.857788,1449.125,1465,1445.925049,1457.525024,12387192,RELIANCE.NS
08-08-2024,797.2104492,821.3499756,826.6500244,809.625,812,33976950,HDFCBANK.NS
08-08-2024,1145.818481,1164.599976,1174.400024,1158.900024,1166.949951,10806438,ICICIBANK.NS
08-08-2024,1439.763794,1451.800049,1466.5,1430,1435,5986360,BHARTIARTL.NS
08-08-2024,439.0987549,476.4023132,479.5317993,474.2357483,475.6801453,21349889,ITC.NS
08-08-2024,1705.402344,1737.050049,1748.650024,1728.349976,1735,2480113,SUNPHARMA.NS
08-08-2024,650.1864624,658.2199707,667.8049927,657.1350098,662.5050049,6903890,BAJFINANCE.NS
07-08-2024,3902.472412,4200.450195,4244.950195,4180.299805,4228,1237666,TCS.NS
07-08-2024,1684.117554,1791.650024,1797.900024,1762.099976,1796,5094329,INFY.NS
07-08-2024,1447.370728,1464.824951,1472.5,1461.5,1469,8174568,RELIANCE.NS
07-08-2024,787.8925781,811.75,815,801.0999756,808.5,42346264,HDFCBANK.NS
07-08-2024,1153.54187,1172.449951,1179.800049,1161.599976,1178.949951,15753644,ICICIBANK.NS
07-08-2024,1429.796997,1441.75,1454.900024,1422.599976,1452,5700734,BHARTIARTL.NS
07-08-2024,437.2349548,474.380188,477.2207947,469.9989319,471.8284607,11320399,ITC.NS
07-08-2024,1702.849731,1734.449951,1736.849976,1709.400024,1720,1922313,SUNPHARMA.NS
07-08-2024,655.614502,663.7150269,665.9349976,658.1099854,660,4642840,BAJFINANCE.NS
06-08-2024,3875.297852,4171.200195,4258.25,4160.799805,4170.950195,2203067,TCS.NS
06-08-2024,1646.001343,1751.099976,1796.949951,1744.849976,1760.199951,7690163,INFY.NS
06-08-2024,1438.700439,1456.050049,1477.5,1451.324951,1455.150024,10236186,RELIANCE.NS
06-08-2024,777.0703125,800.5999756,816.4749756,796.6500244,815,45116050,HDFCBANK.NS
06-08-2024,1148.032227,1166.849976,1187.699951,1161.5,1175,13575619,ICICIBANK.NS
06-08-2024,1423.648438,1443.550049,1492.900024,1431.099976,1483.099976,8249573,BHARTIARTL.NS
06-08-2024,431.5992737,468.265686,473.4654236,466.0991211,468.2175293,14251363,ITC.NS
06-08-2024,1676.439819,1707.550049,1734,1703.949951,1725,1710278,SUNPHARMA.NS
06-08-2024,645.8551025,653.835022,669.7000122,651.1500244,662.5999756,8918280,BAJFINANCE.NS
05-08-2024,3860.293213,4155.049805,4239,4110.5,4239,2787771,TCS.NS
05-08-2024,1646.753418,1751.900024,1797.5,1718.550049,1784.949951,10736703,INFY.NS
05-08-2024,1430.079346,1447.324951,1483.900024,1433.25,1480,17046704,RELIANCE.NS
05-08-2024,784.1314697,807.875,823,800.5,820.0499878,41333634,HDFCBANK.NS
05-08-2024,1153.689453,1172.599976,1188.900024,1167,1182,14306771,ICICIBANK.NS
05-08-2024,1445.493042,1465.699951,1488,1451.5,1482,5111901,BHARTIARTL.NS
05-08-2024,431.3330078,467.9768066,473.65802,461.7659912,462.247467,25022076,ITC.NS
05-08-2024,1689.006592,1720.349976,1758,1715,1725,5165558,SUNPHARMA.NS
05-08-2024,651.6187744,659.6699829,665,653.2600098,665,9440410,BAJFINANCE.NS
02-08-2024,3979.213379,4283.049805,4398,4270,4365,2811282,TCS.NS
02-08-2024,1711.893921,1821.199951,1859.5,1816.150024,1843,7400938,INFY.NS
02-08-2024,1481.459717,1499.324951,1509.324951,1493.275024,1505,10268248,RELIANCE.NS
02-08-2024,805.1937256,829.5750122,835.25,815.5,815.5,44119238,HDFCBANK.NS
02-08-2024,1177.253296,1196.550049,1201.650024,1190.099976,1197,10735395,ICICIBANK.NS
02-08-2024,1473.205688,1493.800049,1505.150024,1483.599976,1494.099976,3335905,BHARTIARTL.NS
02-08-2024,434.0842896,470.961853,480.928009,466.8213196,466.8213196,22141163,ITC.NS
02-08-2024,1700.100586,1731.650024,1741.800049,1683.849976,1700,2992406,SUNPHARMA.NS
02-08-2024,664.2922363,672.5,675,667.3099976,672.5,6222180,BAJFINANCE.NS
01-08-2024,4085.172119,4397.100098,4419.299805,4365.049805,4399.399902,2202244,TCS.NS
01-08-2024,1741.409424,1852.599976,1867.900024,1845.099976,1856.099976,7475014,INFY.NS
01-08-2024,1497.244385,1515.300049,1518,1504.300049,1512,10764222,RELIANCE.NS
01-08-2024,795.3178101,819.4000244,825.0250244,808.9749756,811.4500122,26215174,HDFCBANK.NS
01-08-2024,1190.584717,1210.099976,1222.650024,1206.900024,1212.5,8725046,ICICIBANK.NS
01-08-2024,1484.744385,1505.5,1511,1485,1485,4531379,BHARTIARTL.NS
01-08-2024,438.1668701,475.3912659,478.3281555,472.7432251,477.5578003,12114803,ITC.NS
01-08-2024,1683.950439,1715.199951,1746.449951,1681.300049,1725.5,5258291,SUNPHARMA.NS
01-08-2024,668.9002075,677.164978,684.4000244,675,683.1500244,8395230,BAJFINANCE.NS
31-07-2024,4074.256836,4385.350098,4414,4345,4350,2330091,TCS.NS
31-07-2024,1756.120117,1868.25,1885.150024,1865.050049,1877,5004209,INFY.NS
31-07-2024,1487.486938,1505.425049,1510.449951,1501.150024,1504,10057346,RELIANCE.NS
31-07-2024,784.1314697,807.875,813.9500122,804.5999756,807,37820484,HDFCBANK.NS
31-07-2024,1195.307373,1214.900024,1224.650024,1211,1219,22297629,ICICIBANK.NS
31-07-2024,1470.986694,1491.550049,1504.150024,1473.150024,1477.849976,5634305,BHARTIARTL.NS
31-07-2024,439.6313171,476.980072,479.4836426,472.3099365,474.1876221,11982586,ITC.NS
31-07-2024,1688.02478,1719.349976,1730.949951,1695.199951,1702.099976,1594881,SUNPHARMA.NS
31-07-2024,672.3872681,680.6950073,685.5,679.2999878,682.6950073,8896590,BAJFINANCE.NS
30-07-2024,4055.674561,4365.350098,4398,4327.299805,4391.100098,1797906,TCS.NS
30-07-2024,1764.486084,1877.150024,1879.949951,1860,1871.099976,2721265,INFY.NS
30-07-2024,1495.119995,1513.150024,1525,1510,1517.025024,8228208,RELIANCE.NS
30-07-2024,784.0344849,807.7750244,817.375,799.5,801,54595834,HDFCBANK.NS
30-07-2024,1189.94519,1209.449951,1230.849976,1204.400024,1213,23972277,ICICIBANK.NS
30-07-2024,1450.078857,1470.349976,1484.900024,1464.050049,1484.400024,4263689,BHARTIARTL.NS
30-07-2024,434.7943115,471.7321777,479.3392029,470.5285339,477.8948364,13891052,ITC.NS
30-07-2024,1670.598267,1701.599976,1725.449951,1697,1716.099976,1525840,SUNPHARMA.NS
30-07-2024,674.0318604,682.3599854,689.9000244,678.2999878,681.2449951,11794130,BAJFINANCE.NS
29-07-2024,4070.307617,4381.100098,4431,4371,4415,1746803,TCS.NS
29-07-2024,1758.799072,1871.099976,1903,1864,1893.599976,4635931,INFY.NS
29-07-2024,1501.987183,1520.099976,1527.5,1511.775024,1511.949951,7538550,RELIANCE.NS
29-07-2024,778.9387817,802.5250244,815.9249878,799.1500244,807.5,51001148,HDFCBANK.NS
29-07-2024,1193.142822,1212.699951,1242.75,1204.150024,1215.150024,28458261,ICICIBANK.NS
29-07-2024,1460.927246,1481.349976,1525,1477.050049,1525,4589313,BHARTIARTL.NS
29-07-2024,440.252533,477.6541138,487.4277039,475.7282715,486.7536621,12978187,ITC.NS
29-07-2024,1691.853882,1723.25,1728.75,1692.75,1715.25,3187339,SUNPHARMA.NS
29-07-2024,672.930542,681.2449951,685.5,676.5750122,682.3850098,7485650,BAJFINANCE.NS
26-07-2024,4076.578857,4387.850098,4422.450195,4337.049805,4350,3552210,TCS.NS
26-07-2024,1766.130981,1878.900024,1883,1825.349976,1825.349976,11369047,INFY.NS
26-07-2024,1491.044189,1509.025024,1512.425049,1490.349976,1492.400024,9859940,RELIANCE.NS
26-07-2024,785.2962646,809.0750122,810.875,798.2249756,802.5,43810540,HDFCBANK.NS
26-07-2024,1187.731445,1207.199951,1220,1185.949951,1190,19309265,ICICIBANK.NS
26-07-2024,1493.521606,1514.400024,1520,1449.150024,1450.25,9564987,BHARTIARTL.NS
26-07-2024,445.7107849,483.5760498,487.6202698,469.3248901,475.7282715,21534703,ITC.NS
26-07-2024,1683.0177,1714.25,1723.800049,1665,1670.449951,4591049,SUNPHARMA.NS
26-07-2024,670.6882324,678.9749756,680.8400269,666.710022,667.5050049,11101840,BAJFINANCE.NS
25-07-2024,4015.864258,4322.5,4343,4274.200195,4295,2810342,TCS.NS
25-07-2024,1715.324951,1824.849976,1830.900024,1812,1820,5815599,INFY.NS
25-07-2024,1474.617188,1492.400024,1500.474976,1477.074951,1481,12519876,RELIANCE.NS
25-07-2024,784.5440674,808.2999878,812.5,796.5,796.5,25535732,HDFCBANK.NS
25-07-2024,1178.581543,1197.900024,1218.25,1190.599976,1205.5,14154461,ICICIBANK.NS
25-07-2024,1429.171265,1449.150024,1454,1440.099976,1445,4277756,BHARTIARTL.NS
25-07-2024,434.8386841,471.7803345,477.605957,466.6768799,471.8284607,18567567,ITC.NS
25-07-2024,1635.450562,1665.800049,1681.300049,1602.199951,1614.849976,5329712,SUNPHARMA.NS
25-07-2024,656.661499,664.7750244,666.5999756,655.1450195,656,9509650,BAJFINANCE.NS
24-07-2024,4000.76709,4306.25,4339.100098,4268.100098,4287.5,1809793,TCS.NS
24-07-2024,1723.878662,1833.949951,1842.349976,1819.599976,1837.5,6002845,INFY.NS
24-07-2024,1477.87793,1495.699951,1509.5,1476.400024,1485,11913362,RELIANCE.NS
24-07-2024,778.4534912,802.0250244,810.5,794.0250244,804.0750122,61728206,HDFCBANK.NS
24-07-2024,1203.276733,1223,1233.650024,1202.050049,1225,20122521,ICICIBANK.NS
24-07-2024,1435.137695,1455.199951,1475.599976,1436.550049,1466,4529339,BHARTIARTL.NS
24-07-2024,438.4775085,475.7282715,491.712677,472.4543762,477.605957,43693692,ITC.NS
24-07-2024,1589.944946,1619.449951,1624.949951,1592,1602,2923358,SUNPHARMA.NS
24-07-2024,652.651123,660.7150269,665.4699707,654.1049805,663,31006260,BAJFINANCE.NS
23-07-2024,3997.143799,4302.350098,4361.700195,4266.299805,4283,2365208,TCS.NS
23-07-2024,1726.651733,1836.900024,1839.949951,1783.25,1810,7113056,INFY.NS
23-07-2024,1470.170898,1487.900024,1505.75,1463,1501,18052044,RELIANCE.NS
23-07-2024,785.4176025,809.2000122,823.9000244,802.5,823.7750244,52002152,HDFCBANK.NS
23-07-2024,1206.966309,1226.75,1248.650024,1212.5,1241.150024,19369832,ICICIBANK.NS
23-07-2024,1445.493042,1465.699951,1470,1428.449951,1470,2936143,BHARTIARTL.NS
23-07-2024,436.8356018,473.9468689,478.9540405,449.1036682,449.2481079,56125835,ITC.NS
23-07-2024,1572.420044,1601.599976,1605.650024,1574.300049,1587,1502677,SUNPHARMA.NS
23-07-2024,664.4997559,672.710022,694.4849854,662,693.4000244,19322120,BAJFINANCE.NS
22-07-2024,3983.207764,4287.350098,4319.950195,4265,4299.950195,1896386,TCS.NS
22-07-2024,1702.165161,1810.849976,1823,1792.949951,1800.150024,8462126,INFY.NS
22-07-2024,1482.793579,1500.675049,1537.5,1499.275024,1537.25,19674376,RELIANCE.NS
22-07-2024,797.1376953,821.2750244,825.5,806.3250122,808.5,53744822,HDFCBANK.NS
22-07-2024,1221.134155,1241.150024,1245.300049,1232.900024,1240,9958965,ICICIBANK.NS
22-07-2024,1445.197144,1465.400024,1472,1449.050049,1450,3560584,BHARTIARTL.NS
22-07-2024,414.0707703,449.2481079,461.6697083,448.5740662,456.9995728,18762384,ITC.NS
22-07-2024,1558.42981,1587.349976,1589.5,1555.050049,1555.050049,826636,SUNPHARMA.NS
22-07-2024,680.0228882,688.4249878,695.8599854,684.9400024,693.2000122,5751930,BAJFINANCE.NS
19-07-2024,3997.19043,4302.399902,4358.75,4285.25,4317.399902,3903354,TCS.NS
19-07-2024,1685.339478,1792.949951,1844,1786.449951,1844,29819116,INFY.NS
19-07-2024,1536.619629,1555.150024,1589.974976,1552.800049,1586,13140390,RELIANCE.NS
19-07-2024,780.0307617,803.6500244,811.5,801.75,808,26002152,HDFCBANK.NS
19-07-2024,1228.513062,1248.650024,1250.5,1240.25,1244,7958817,ICICIBANK.NS
19-07-2024,1441.597534,1461.75,1480,1451.949951,1480,3858596,BHARTIARTL.NS
19-07-2024,421.170929,456.951416,461.621582,451.9924011,453.5330811,25939326,ITC.NS
19-07-2024,1540.070435,1568.650024,1589.75,1565.150024,1584.699951,1649335,SUNPHARMA.NS
19-07-2024,684.7692261,693.2299805,711,691,711,9385980,BAJFINANCE.NS
18-07-2024,4000.116699,4315.549805,4325,4160,4160,5613364,TCS.NS
18-07-2024,1652.534302,1758.050049,1765.400024,1719,1719,11248896,INFY.NS
18-07-2024,1567.768921,1586.675049,1593.900024,1557.824951,1576,12298374,RELIANCE.NS
18-07-2024,783.6704712,807.4000244,811.9749756,799.5750122,804,33717064,HDFCBANK.NS
18-07-2024,1230.136597,1250.300049,1256.449951,1231.699951,1234.900024,10999632,ICICIBANK.NS
18-07-2024,1463.195679,1483.650024,1485.949951,1459.050049,1466,6470342,BHARTIARTL.NS
18-07-2024,417.3545837,452.8108826,453.4367981,445.4927368,445.8297729,21907158,ITC.NS
18-07-2024,1565.204102,1594.25,1596.599976,1570.25,1575,1665636,SUNPHARMA.NS
18-07-2024,702.3223267,711,711.789978,697.1149902,704.710022,8646050,BAJFINANCE.NS
16-07-2024,3873.038086,4178.450195,4194.549805,4144.899902,4172,2029521,TCS.NS
16-07-2024,1622.454834,1726.050049,1737.900024,1700,1718.599976,6886281,INFY.NS
16-07-2024,1557.46814,1576.25,1600,1569.125,1593.5,9386838,RELIANCE.NS
16-07-2024,786.0727539,809.875,813.5,808.4000244,810.375,28950324,HDFCBANK.NS
16-07-2024,1219.904175,1239.900024,1245,1229,1230,12320605,ICICIBANK.NS
16-07-2024,1446.281982,1466.5,1473.300049,1445,1452,6967651,BHARTIARTL.NS
16-07-2024,413.1832886,448.2851868,449.4407043,444.289093,446.2630615,13497253,ITC.NS
16-07-2024,1550.526489,1579.300049,1595,1574.949951,1589,688481,SUNPHARMA.NS
16-07-2024,697.2944946,705.9099731,709,700.5200195,708,5582000,BAJFINANCE.NS
15-07-2024,3864.464355,4169.200195,4240,4157.049805,4235.700195,4848030,TCS.NS
15-07-2024,1604.595215,1707.050049,1728,1702.650024,1726.199951,6942230,INFY.NS
15-07-2024,1578.193115,1597.224976,1605.849976,1585.5,1604.449951,5329688,RELIANCE.NS
15-07-2024,787.2131958,811.0499878,814.9000244,807.5999756,811.75,33375694,HDFCBANK.NS
15-07-2024,1210.114624,1229.949951,1238.449951,1224.050049,1233.099976,15612671,ICICIBANK.NS
15-07-2024,1417.780396,1437.599976,1440,1426.050049,1433.25,3324806,BHARTIARTL.NS
15-07-2024,411.275116,446.2149353,449.151825,440.2448425,442.0262451,16876907,ITC.NS
15-07-2024,1557.300659,1586.199951,1594.699951,1577.300049,1579.949951,832804,SUNPHARMA.NS
15-07-2024,697.7537842,706.375,708.5,699.5250244,702.0050049,5333730,BAJFINANCE.NS
12-07-2024,3878.13623,4183.950195,4199.950195,3971.300049,3980,13509164,TCS.NS
12-07-2024,1609.013062,1711.75,1719.75,1666.650024,1680,17078316,INFY.NS
12-07-2024,1577.699097,1596.724976,1605.150024,1574.5,1584.5,12924784,RELIANCE.NS
12-07-2024,787.5043335,811.3499756,819.2000122,805.5750122,811,56049960,HDFCBANK.NS
12-07-2024,1213.01709,1232.900024,1252.900024,1230.099976,1235.900024,12208290,ICICIBANK.NS
12-07-2024,1413.490479,1433.25,1447.599976,1421.449951,1442,6342135,BHARTIARTL.NS
12-07-2024,407.4144287,442.0262451,446.0704956,438.9449158,441.6410828,19693114,ITC.NS
12-07-2024,1548.562866,1577.300049,1587.349976,1550,1582,1426598,SUNPHARMA.NS
12-07-2024,691.8814087,700.4299927,704.5,691.5050049,699.6950073,10688330,BAJFINANCE.NS
11-07-2024,3636.907959,3923.699951,3980,3895.600098,3931,4872189,TCS.NS
11-07-2024,1553.507202,1652.699951,1665,1642.050049,1656,8857679,INFY.NS
11-07-2024,1561.815674,1580.650024,1604.25,1570.5,1587.5,11940946,RELIANCE.NS
11-07-2024,787.1161499,810.9500122,812.9249878,800.5,811.9749756,44177074,HDFCBANK.NS
11-07-2024,1218.477539,1238.449951,1257.800049,1225.050049,1246.349976,11307116,ICICIBANK.NS
11-07-2024,1418.125488,1437.949951,1450.849976,1428,1450,4178558,BHARTIARTL.NS
11-07-2024,407.0594177,441.6410828,442.4595642,432.0600586,433.3118591,19556596,ITC.NS
11-07-2024,1548.022827,1581.75,1602.5,1572.300049,1601,1707500,SUNPHARMA.NS
11-07-2024,686.5473022,695.0300293,708.789978,693,708.789978,9718010,BAJFINANCE.NS
10-07-2024,3623.421631,3909.149902,4003.300049,3902,3983.699951,2669716,TCS.NS
10-07-2024,1549.324097,1648.25,1674,1637.550049,1657,9852770,INFY.NS
10-07-2024,1565.348022,1584.224976,1597.5,1563.150024,1595,7134578,RELIANCE.NS
10-07-2024,789.1544189,813.0499878,820,810.375,814.9749756,45507182,HDFCBANK.NS
10-07-2024,1223.150879,1243.199951,1252.75,1236.349976,1252.75,18226503,ICICIBANK.NS
10-07-2024,1425.127686,1445.050049,1448.75,1426.150024,1441,3416762,BHARTIARTL.NS
10-07-2024,400.669342,434.7080994,438.4634705,429.9416504,436.8746338,12065662,ITC.NS
10-07-2024,1564.464722,1598.550049,1601.150024,1567.599976,1592.800049,1899956,SUNPHARMA.NS
10-07-2024,696.8845215,705.4949951,712.9349976,702.0999756,706.7999878,8097140,BAJFINANCE.NS
09-07-2024,3694.191406,3985.5,4006.949951,3975.100098,3985,1305801,TCS.NS
09-07-2024,1557.690063,1657.150024,1666.75,1651,1659.900024,5191182,INFY.NS
09-07-2024,1571.325928,1590.275024,1600.5,1580.5,1597.599976,6960002,RELIANCE.NS
09-07-2024,794.2015381,818.25,823.3499756,810.1749878,812.5,48550878,HDFCBANK.NS
09-07-2024,1228.119507,1248.25,1250.199951,1229.300049,1234.949951,13366874,ICICIBANK.NS
09-07-2024,1415.758667,1435.550049,1441.650024,1428.150024,1436,2897480,BHARTIARTL.NS
09-07-2024,401.6899414,435.8154297,438.1264343,427.5343628,431.0008545,27489709,ITC.NS
09-07-2024,1551.595093,1585.400024,1589.900024,1549.800049,1564.800049,1492840,SUNPHARMA.NS
09-07-2024,698.1785889,706.8049927,714.2399902,704.2000122,710.9849854,9735030,BAJFINANCE.NS
08-07-2024,3701.328125,3993.199951,4031.25,3978.050049,4022,1758882,TCS.NS
08-07-2024,1561.919922,1661.650024,1666,1640,1643.099976,5880533,INFY.NS
08-07-2024,1581.824463,1600.900024,1608.800049,1582.525024,1589,9500806,RELIANCE.NS
08-07-2024,793.6434937,817.6749878,827.4749756,813.5750122,822.6500244,39087800,HDFCBANK.NS
08-07-2024,1215.132446,1235.050049,1239.5,1216.900024,1228.900024,6617190,ICICIBANK.NS
08-07-2024,1415.364258,1435.150024,1438.849976,1423.150024,1431,3261797,BHARTIARTL.NS
08-07-2024,393.7022705,427.1492004,428.0639648,417.5682068,419.0125732,21311436,ITC.NS
08-07-2024,1523.213379,1556.400024,1574.800049,1550.949951,1570.599976,1120204,SUNPHARMA.NS
08-07-2024,701.1616821,709.8250122,714.7650146,704.7000122,714.4949951,6777050,BAJFINANCE.NS
05-07-2024,3718.568604,4011.800049,4026.75,3988,4010,1668616,TCS.NS
05-07-2024,1548.572266,1647.449951,1665.849976,1633.349976,1651.449951,7065022,INFY.NS
05-07-2024,1569.695679,1588.625,1598.5,1548,1553.824951,12269710,RELIANCE.NS
05-07-2024,799.8311157,824.0499878,842.5,821.0999756,842.5,82242548,HDFCBANK.NS
05-07-2024,1213.509033,1233.400024,1242.599976,1220.849976,1225,9535575,ICICIBANK.NS
05-07-2024,1409.98938,1429.699951,1433.599976,1416.849976,1422.5,4881198,BHARTIARTL.NS
05-07-2024,384.871521,417.5682068,417.9052124,411.7425537,413.0906372,13427543,ITC.NS
05-07-2024,1534.95752,1568.400024,1574.75,1557,1562,2481046,SUNPHARMA.NS
05-07-2024,705.0881348,713.7999878,714.9899902,707.7000122,713.4000244,9310790,BAJFINANCE.NS
04-07-2024,3727.049805,4020.949951,4047.350098,3982.100098,3999.850098,2518001,TCS.NS
04-07-2024,1551.5802,1650.650024,1660,1628,1628.199951,8008311,INFY.NS
04-07-2024,1535.507935,1554.025024,1567.5,1550.800049,1557,6837176,RELIANCE.NS
04-07-2024,838.194519,863.5750122,879.875,862.4249878,879.875,45848658,HDFCBANK.NS
04-07-2024,1213.115479,1233,1234.949951,1214.300049,1229,15275791,ICICIBANK.NS
04-07-2024,1403.43103,1423.050049,1441.099976,1411.5,1418,9570938,BHARTIARTL.NS
04-07-2024,380.7889404,413.1387939,415.4979248,411.2129517,414.0535583,9478861,ITC.NS
04-07-2024,1524.681519,1557.900024,1571,1526,1535,2630823,SUNPHARMA.NS
04-07-2024,702.0310059,710.7050171,732.5,710,730.1049805,18979770,BAJFINANCE.NS
03-07-2024,3675.421387,3965.25,4026.100098,3955,4020,1821198,TCS.NS
03-07-2024,1529.725586,1627.400024,1636,1606,1625,7269965,INFY.NS
03-07-2024,1533.927002,1552.425049,1575,1542.775024,1566.324951,9049620,RELIANCE.NS
03-07-2024,858.3347168,884.3250122,897,882.3250122,895.5,123217802,HDFCBANK.NS
03-07-2024,1182.221802,1201.599976,1215.849976,1179.449951,1196.849976,22330897,ICICIBANK.NS
03-07-2024,1400.275146,1419.849976,1432.400024,1408.449951,1427.949951,8261388,BHARTIARTL.NS
03-07-2024,380.123291,412.4165955,413.7165222,409.7204285,410.2981873,7435499,ITC.NS
03-07-2024,1501.242065,1533.949951,1536.25,1498.300049,1519.349976,1061099,SUNPHARMA.NS
03-07-2024,717.020752,725.8800049,728.4650269,717,718.9949951,8363930,BAJFINANCE.NS
02-07-2024,3723.759033,4017.399902,4023.399902,3982.550049,3993.600098,2307449,TCS.NS
02-07-2024,1523.756958,1621.050049,1633.800049,1586.5,1596.199951,10493173,INFY.NS
02-07-2024,1546.525146,1565.175049,1573.5,1557,1569.5,7749246,RELIANCE.NS
02-07-2024,839.8687744,865.2999878,867.4500122,851.375,857.5,45921690,HDFCBANK.NS
02-07-2024,1171.39917,1190.599976,1217,1185.550049,1217,16153925,ICICIBANK.NS
02-07-2024,1399.387573,1418.949951,1473.400024,1417,1462,7792632,BHARTIARTL.NS
02-07-2024,377.6382141,409.7204285,414.6794434,406.8798218,414.0535583,11177863,ITC.NS
02-07-2024,1491.553101,1524.050049,1534.900024,1508.25,1514,1336816,SUNPHARMA.NS
02-07-2024,707.8145142,716.5599976,727.5949707,712.2000122,727.5,12810270,BAJFINANCE.NS
01-07-2024,3687.424316,3978.199951,4001.699951,3884,3884,2658723,TCS.NS
01-07-2024,1495.322388,1590.800049,1599.900024,1559.5,1559.5,6801771,INFY.NS
01-07-2024,1541.559937,1560.150024,1579.400024,1555.675049,1562.525024,7724306,RELIANCE.NS
01-07-2024,827.5420532,852.5999756,853.6500244,840,840,21187024,HDFCBANK.NS
01-07-2024,1192.306519,1211.849976,1215.349976,1192.050049,1199.599976,8636894,ICICIBANK.NS
01-07-2024,1433.954346,1454,1466.800049,1449.25,1450,6011806,BHARTIARTL.NS
01-07-2024,380.7889404,413.1387939,414.294281,408.901947,410.4907837,13391362,ITC.NS
01-07-2024,1487.687378,1520.099976,1530,1503.849976,1520.849976,1451094,SUNPHARMA.NS
01-07-2024,718.7938232,727.6749878,730.4000244,707.5,707.5,7727450,BAJFINANCE.NS
28-06-2024,3618.786865,3904.149902,3960,3897.850098,3917.800049,2731571,TCS.NS
28-06-2024,1472.71582,1566.75,1588.5,1564.25,1572.550049,8197544,INFY.NS
28-06-2024,1546.747314,1565.400024,1581,1531.025024,1531.025024,28957336,RELIANCE.NS
28-06-2024,817.1564941,841.9000244,853.2999878,839.5,848.7999878,26476046,HDFCBANK.NS
28-06-2024,1180.25415,1199.599976,1227,1196.349976,1227,12507092,ICICIBANK.NS
28-06-2024,1424.141479,1444.050049,1536.25,1436.650024,1536.25,29145832,BHARTIARTL.NS
28-06-2024,377.1057434,409.1427002,412.1277161,407.7946167,409.7204285,18554411,ITC.NS
28-06-2024,1488.421387,1520.849976,1538.949951,1515.599976,1520,2634599,SUNPHARMA.NS
28-06-2024,702.8706055,711.5549927,722.5999756,710.5300293,716.5,8295840,BAJFINANCE.NS
27-06-2024,3646.594238,3934.149902,3942,3818.100098,3831,4526556,TCS.NS
27-06-2024,1478.919678,1573.349976,1578.400024,1532.050049,1538.449951,14757754,INFY.NS
27-06-2024,1512.312622,1530.550049,1537.5,1506,1513.75,28383030,RELIANCE.NS
27-06-2024,823.1500244,848.0750122,856.5,843.2999878,848.0499878,55074650,HDFCBANK.NS
27-06-2024,1200.226685,1219.900024,1235,1209.099976,1228.349976,20516632,ICICIBANK.NS
27-06-2024,1455.453857,1475.800049,1489,1440.050049,1464,19675528,BHARTIARTL.NS
27-06-2024,377.7270203,409.8167419,411.4055481,405.4836121,408.2279053,38438054,ITC.NS
27-06-2024,1483.919556,1516.25,1528.050049,1505,1525,3881458,SUNPHARMA.NS
27-06-2024,707.9281006,716.6749878,723.9000244,708.3049927,715,11376060,BAJFINANCE.NS
26-06-2024,3574.017578,3855.850098,3866.949951,3841,3844.5,1639845,TCS.NS
26-06-2024,1448.229248,1540.699951,1548.849976,1535,1541,4851004,INFY.NS
26-06-2024,1495.984497,1514.025024,1518.974976,1445.125,1446.050049,22014882,RELIANCE.NS
26-06-2024,825.7463989,850.75,855.4500122,845.5499878,853.9749756,47596666,HDFCBANK.NS
26-06-2024,1198.357422,1218,1222.849976,1193.849976,1202,25403461,ICICIBANK.NS
26-06-2024,1439.37854,1459.5,1479.949951,1408.949951,1414.949951,9579826,BHARTIARTL.NS
26-06-2024,376.2625732,408.2279053,410.5870667,406.3983765,407.3131409,11511714,ITC.NS
26-06-2024,1488.715088,1521.150024,1528.900024,1495.25,1502,2563493,SUNPHARMA.NS
26-06-2024,707.0834961,715.8200073,717.9249878,703.5,707,9125520,BAJFINANCE.NS
25-06-2024,3557.889404,3838.449951,3847.649902,3792.899902,3817,1338808,TCS.NS
25-06-2024,1449.404175,1541.949951,1543.900024,1520.349976,1526,4551525,INFY.NS
25-06-2024,1436.822998,1454.150024,1455.925049,1441,1443,7045386,RELIANCE.NS
25-06-2024,830.5266724,855.6749878,858.4749756,835.5499878,835.5499878,74521548,HDFCBANK.NS
25-06-2024,1178.630615,1197.949951,1206,1167.650024,1170.25,27309845,ICICIBANK.NS
25-06-2024,1395.442749,1414.949951,1434,1409.849976,1434,6353748,BHARTIARTL.NS
25-06-2024,375.68573,407.6020203,408.276062,404.1836853,407.3131409,10655609,ITC.NS
25-06-2024,1473.105103,1505.199951,1508,1492.300049,1498.050049,1833311,SUNPHARMA.NS
25-06-2024,698.81073,707.4450073,714,699.7999878,710.0999756,15608110,BAJFINANCE.NS
24-06-2024,3537.821533,3816.800049,3857,3791.300049,3808.75,1702154,TCS.NS
24-06-2024,1435.492554,1527.150024,1529.099976,1515.400024,1524.550049,5564989,INFY.NS
24-06-2024,1424.29895,1441.474976,1449.5,1437.5,1445.525024,8878386,RELIANCE.NS
24-06-2024,811.6240234,836.2000122,837.5499878,822.875,823.5,28544994,HDFCBANK.NS
24-06-2024,1151.229736,1170.099976,1175.650024,1152.650024,1154.650024,12210295,ICICIBANK.NS
24-06-2024,1400.22583,1419.800049,1423.800049,1389.349976,1402,6195831,BHARTIARTL.NS
24-06-2024,375.68573,407.6020203,408.2279053,404.424408,404.424408,9723008,ITC.NS
24-06-2024,1462.633179,1494.5,1502.900024,1475.050049,1475.050049,3726155,SUNPHARMA.NS
24-06-2024,699.541748,708.1849976,710.6950073,702.0549927,707.5999756,6356540,BAJFINANCE.NS
21-06-2024,3532.214111,3810.75,3877.800049,3798.050049,3827,4642195,TCS.NS
21-06-2024,1440.709351,1532.699951,1557.75,1523.699951,1545,17301941,INFY.NS
21-06-2024,1436.872314,1454.199951,1474.699951,1440.574951,1473.625,31170360,RELIANCE.NS
21-06-2024,808.3967285,832.875,836.4249878,821.5750122,836.4249878,51630776,HDFCBANK.NS
21-06-2024,1139.964478,1158.650024,1169.900024,1150.650024,1163.550049,69259425,ICICIBANK.NS
21-06-2024,1396.527588,1416.050049,1423.949951,1372.849976,1384.949951,43929578,BHARTIARTL.NS
21-06-2024,372.4019165,404.0392456,409.5278625,403.0281677,409.2389832,26176371,ITC.NS
21-06-2024,1435.964233,1467.25,1488,1460.900024,1480.099976,4426556,SUNPHARMA.NS
21-06-2024,704.7177124,713.4249878,726.5,707.5,723.9299927,14998180,BAJFINANCE.NS
20-06-2024,3510.431641,3787.25,3809.949951,3780.050049,3796,2846526,TCS.NS
20-06-2024,1424.447632,1515.400024,1517.5,1499.099976,1516.300049,7927010,INFY.NS
20-06-2024,1456.139893,1473.699951,1482.849976,1450.099976,1459,16113776,RELIANCE.NS
20-06-2024,810.1437988,834.6749878,840.7249756,826,834.9000244,41408742,HDFCBANK.NS
20-06-2024,1138.144287,1156.800049,1160,1135.5,1154.050049,15475933,ICICIBANK.NS
20-06-2024,1362.108643,1381.150024,1406.949951,1376.25,1405.949951,8742855,BHARTIARTL.NS
20-06-2024,375.68573,407.6020203,410.6833496,405.8687744,408.3242188,15147549,ITC.NS
20-06-2024,1439.634399,1471,1487.949951,1467,1487.949951,4168375,SUNPHARMA.NS
20-06-2024,708.3578491,720.710022,726.4899902,711.0999756,722,9001580,BAJFINANCE.NS
19-06-2024,3523.824951,3801.699951,3833.850098,3792.949951,3827.649902,1509050,TCS.NS
19-06-2024,1420.640747,1511.349976,1515.650024,1496.699951,1505,5493456,INFY.NS
19-06-2024,1441.269409,1458.650024,1487.5,1456,1487.5,8725874,RELIANCE.NS
19-06-2024,804.5628662,828.9249878,834.9500122,802,806.7000122,90131196,HDFCBANK.NS
19-06-2024,1125.993408,1144.449951,1165.550049,1126.150024,1127.949951,34309514,ICICIBANK.NS
19-06-2024,1373.154175,1392.349976,1434.800049,1388.300049,1433.949951,8640918,BHARTIARTL.NS
19-06-2024,375.9963379,407.9390564,414.7757263,407.3612976,414.0535583,11329972,ITC.NS
19-06-2024,1471.930664,1504,1529.849976,1500,1524.949951,1537367,SUNPHARMA.NS
19-06-2024,710.9967651,723.3950195,734.8950195,717.789978,733.4699707,5204000,BAJFINANCE.NS
18-06-2024,3536.246338,3815.100098,3842,3795.050049,3826.050049,1774045,TCS.NS
18-06-2024,1408.279907,1498.199951,1507,1495.400024,1497,5420939,INFY.NS
18-06-2024,1463.377686,1481.025024,1487.400024,1471.349976,1487.349976,7196766,RELIANCE.NS
18-06-2024,780.2733765,803.9000244,805.25,794.7249756,798.4500122,32415714,HDFCBANK.NS
18-06-2024,1104.741821,1122.849976,1135.050049,1101.199951,1113.949951,18306176,ICICIBANK.NS
18-06-2024,1408.657837,1428.349976,1444,1418,1444,8671131,BHARTIARTL.NS
18-06-2024,380.5226746,412.8499146,418.0978088,412.3203125,416.9422913,14641141,ITC.NS
18-06-2024,1488.519165,1520.949951,1522.849976,1510.199951,1522.599976,1478241,SUNPHARMA.NS
18-06-2024,720.8990479,733.4699707,742.9450073,730,736.5,9469040,BAJFINANCE.NS
14-06-2024,3551.956787,3832.050049,3889,3828,3889,1860730,TCS.NS
14-06-2024,1399.538208,1488.900024,1503.699951,1486.050049,1503.699951,4237727,INFY.NS
14-06-2024,1459.944092,1477.550049,1479.675049,1457.224976,1470,8157998,RELIANCE.NS
14-06-2024,774.9834595,798.4500122,799.5,788.8499756,792,25540554,HDFCBANK.NS
14-06-2024,1087.819214,1105.650024,1114,1099.449951,1114,11377979,ICICIBANK.NS
14-06-2024,1407.721069,1427.400024,1434,1420.949951,1434,3978442,BHARTIARTL.NS
14-06-2024,382.65271,415.1609192,415.8830872,413.1387939,415.0164795,9572809,ITC.NS
14-06-2024,1483.674683,1516,1518,1505.550049,1513.849976,937490,SUNPHARMA.NS
14-06-2024,721.5723877,734.1550293,737,724.7000122,729.6049805,11874880,BAJFINANCE.NS
13-06-2024,3594.687256,3878.149902,3890,3852,3856.800049,1932323,TCS.NS
13-06-2024,1404.285034,1493.949951,1505,1489.349976,1495,7307565,INFY.NS
13-06-2024,1447.790771,1465.25,1472.25,1460.099976,1472,9181160,RELIANCE.NS
13-06-2024,767.145874,790.375,792.8499756,787,790.875,24120192,HDFCBANK.NS
13-06-2024,1089.491699,1107.349976,1123.199951,1105,1122.199951,12494254,ICICIBANK.NS
13-06-2024,1406.09375,1425.75,1455.949951,1420.449951,1449,7990376,BHARTIARTL.NS
13-06-2024,381.8983154,414.3424377,420.6976624,413.8128357,420.6976624,9641349,ITC.NS
13-06-2024,1478.585815,1510.800049,1514.599976,1498,1514.599976,1412477,SUNPHARMA.NS
13-06-2024,716.9921875,729.4949951,732.5,723.2150269,725.2199707,13454950,BAJFINANCE.NS
12-06-2024,3551.586426,3831.649902,3893.5,3827.449951,3874.399902,2177001,TCS.NS
12-06-2024,1396.060181,1485.199951,1508.75,1482.75,1507,9564320,INFY.NS
12-06-2024,1445.888672,1463.324951,1476,1455.175049,1457.5,10081742,RELIANCE.NS
12-06-2024,763.9428101,787.0750122,794.1500244,783.2000122,787.5,39280436,HDFCBANK.NS
12-06-2024,1101.495117,1119.550049,1133.400024,1112,1121,16096514,ICICIBANK.NS
12-06-2024,1418.569458,1438.400024,1447.849976,1422.099976,1425,4876138,BHARTIARTL.NS
12-06-2024,383.6733093,416.2682495,418.2903748,414.2461243,414.5831604,10751658,ITC.NS
12-06-2024,1474.719849,1506.849976,1514.550049,1495.849976,1500,994784,SUNPHARMA.NS
12-06-2024,709.404541,721.7750244,727.7000122,711.5,714.7999878,12685080,BAJFINANCE.NS
11-06-2024,3570.54126,3852.100098,3879.949951,3841,3845,1419898,TCS.NS
11-06-2024,1405.977051,1495.75,1506.449951,1493.949951,1500.050049,4853054,INFY.NS
11-06-2024,1439.317871,1456.675049,1473.675049,1454.675049,1469,11774902,RELIANCE.NS
11-06-2024,759.4052734,782.4000244,785.5,776.0999756,778,29545326,HDFCBANK.NS
11-06-2024,1100.16687,1118.199951,1129.050049,1111,1119.75,12250002,ICICIBANK.NS
11-06-2024,1407.57312,1427.25,1434.599976,1413,1426,4416792,BHARTIARTL.NS
11-06-2024,384.2946167,416.9422913,421.5643005,416.2201233,420.7939758,13158571,ITC.NS
11-06-2024,1467.77124,1499.75,1525,1497.349976,1524,1441589,SUNPHARMA.NS
11-06-2024,701.5760498,713.8099976,716.9000244,705.0999756,708.2999878,12052130,BAJFINANCE.NS
10-06-2024,3576.65918,3858.699951,3905.899902,3841.899902,3895,1734661,TCS.NS
10-06-2024,1409.736938,1499.75,1529.800049,1497.300049,1525.300049,6810606,INFY.NS
10-06-2024,1453.867432,1471.400024,1493.349976,1468.074951,1469.949951,9251760,RELIANCE.NS
10-06-2024,757.706665,780.6500244,790.3250122,778.7999878,787,22454058,HDFCBANK.NS
10-06-2024,1105.676514,1123.800049,1133.199951,1115.099976,1116,10851455,ICICIBANK.NS
10-06-2024,1406.389771,1426.050049,1436.650024,1421.050049,1421.050049,5318477,BHARTIARTL.NS
10-06-2024,387.7559509,420.6976624,424.6456299,419.686615,423.6827087,11872688,ITC.NS
10-06-2024,1480.83667,1513.099976,1521.699951,1505.099976,1519,1433942,SUNPHARMA.NS
10-06-2024,696.7354736,708.8850098,725,707.5250244,725,8723180,BAJFINANCE.NS
07-06-2024,3609.332031,3893.949951,3915,3837.300049,3837.300049,4552445,TCS.NS
07-06-2024,1441.55542,1533.599976,1539.699951,1477.25,1481,24075302,INFY.NS
07-06-2024,1452.434692,1469.949951,1472,1426.5,1428.5,18558696,RELIANCE.NS
07-06-2024,763.5545654,786.6749878,792.1749878,776.0250244,780.5250244,36712216,HDFCBANK.NS
07-06-2024,1103.610352,1121.699951,1128.300049,1103.599976,1110.400024,17197635,ICICIBANK.NS
07-06-2024,1405.600708,1425.25,1430.650024,1363.150024,1370.599976,12280748,BHARTIARTL.NS
07-06-2024,389.7528381,422.8642273,425.2715149,415.1127625,415.4016418,29543660,ITC.NS
07-06-2024,1474.719849,1506.849976,1510.099976,1472.150024,1479.900024,3404664,SUNPHARMA.NS
07-06-2024,706.8146362,719.1400146,729.9000244,694.0999756,699.5,29840520,BAJFINANCE.NS
06-06-2024,3550.427246,3830.399902,3839.899902,3741.5,3781,4328036,TCS.NS
06-06-2024,1383.887573,1472.25,1474.300049,1437.5,1444.949951,12660930,INFY.NS
06-06-2024,1414.541748,1431.599976,1443.699951,1421.349976,1435,17855722,RELIANCE.NS
06-06-2024,756.9301147,779.8499756,782.7249756,773.2999878,782.4500122,46422870,HDFCBANK.NS
06-06-2024,1092.492676,1110.400024,1118,1096.599976,1118,18574162,ICICIBANK.NS
06-06-2024,1351.704102,1370.599976,1376.25,1329,1359,10279789,BHARTIARTL.NS
06-06-2024,386.4246521,419.2532959,421.4679871,415.1127625,419.8310547,32318523,ITC.NS
06-06-2024,1441.298096,1472.699951,1494,1455.050049,1494,3004955,SUNPHARMA.NS
06-06-2024,680.7099609,692.5800171,701.2949829,682.2299805,685,14657160,BAJFINANCE.NS
05-06-2024,3472.613281,3746.449951,3783.800049,3700,3716,2799670,TCS.NS
05-06-2024,1344.267334,1430.099976,1438,1400.150024,1400.150024,9233424,INFY.NS
05-06-2024,1403.821045,1420.75,1431.150024,1384.099976,1422,17464890,RELIANCE.NS
05-06-2024,753.0962524,775.9000244,779.7999878,741.1749878,747.0250244,81631650,HDFCBANK.NS
05-06-2024,1090.770874,1108.650024,1123.25,1051.050049,1085,42172104,ICICIBANK.NS
05-06-2024,1325.815918,1344.349976,1348.75,1279.849976,1325.650024,12175520,BHARTIARTL.NS
05-06-2024,381.8983154,414.3424377,419.8310547,402.5467224,406.3502197,28197030,ITC.NS
05-06-2024,1455.586792,1487.300049,1490,1432,1449.699951,2487724,SUNPHARMA.NS
05-06-2024,671.9476929,683.664978,686.2000122,653.5549927,660.4000244,12185170,BAJFINANCE.NS
04-06-2024,3443.462402,3715,3745,3591.5,3700,3395997,TCS.NS
04-06-2024,1310.004883,1393.650024,1415,1358.349976,1409,13736134,INFY.NS
04-06-2024,1380.625732,1397.275024,1498.050049,1359.300049,1498.050049,36709098,RELIANCE.NS
04-06-2024,719.7800293,741.5750122,779.5,727,778.5,89531240,HDFCBANK.NS
04-06-2024,1054.170654,1071.449951,1159.400024,1053.550049,1157.900024,43476837,ICICIBANK.NS
04-06-2024,1281.781616,1299.699951,1397,1219.050049,1391.099976,19924421,BHARTIARTL.NS
04-06-2024,368.4967957,399.8023987,410.4907837,387.9104004,410.2019043,47791986,ITC.NS
04-06-2024,1399.361816,1429.849976,1476.300049,1377.199951,1461.599976,5055952,SUNPHARMA.NS
04-06-2024,639.7984009,650.9550171,691.5949707,637.5700073,691.5949707,32993870,BAJFINANCE.NS
03-06-2024,3432.200928,3702.850098,3751.550049,3696,3732.800049,2156773,TCS.NS
03-06-2024,1321.519775,1405.900024,1440,1404,1440,10589244,INFY.NS
03-06-2024,1492.328613,1510.324951,1514.5,1459,1483,21527942,RELIANCE.NS
03-06-2024,762.996521,786.0999756,799.5,775,799.5,72637256,HDFCBANK.NS
03-06-2024,1141.292725,1160,1173,1136.300049,1170,25699977,ICICIBANK.NS
03-06-2024,1371.921387,1391.099976,1420.449951,1385,1415.300049,6017122,BHARTIARTL.NS
03-06-2024,375.0299377,414.390564,418.7718506,412.7536316,417.9052124,16116836,ITC.NS
03-06-2024,1422.067017,1453.050049,1498,1451,1496.5,1855318,SUNPHARMA.NS
03-06-2024,679.7024536,691.5549927,698.8699951,683.2949829,694.8850098,11482120,BAJFINANCE.NS
31-05-2024,3402.63208,3670.949951,3749.800049,3653.75,3740,10956800,TCS.NS
31-05-2024,1322.459839,1406.900024,1436.75,1400,1409.800049,37113815,INFY.NS
31-05-2024,1413.356079,1430.400024,1442.25,1422.25,1431.300049,31069832,RELIANCE.NS
31-05-2024,743.2687988,765.7750244,768,757,759.5,74079588,HDFCBANK.NS
31-05-2024,1102.970947,1121.050049,1130.599976,1111.25,1118,26197718,ICICIBANK.NS
31-05-2024,1353.824585,1372.75,1388,1338,1380,24825643,BHARTIARTL.NS
31-05-2024,371.6312561,410.6351929,413.6202393,408.5167847,410.9240723,29300711,ITC.NS
31-05-2024,1428.673218,1459.800049,1479.400024,1440,1465,5503924,SUNPHARMA.NS
31-05-2024,658.2908936,669.7700195,677.1950073,664.2399902,666.4949951,28417330,BAJFINANCE.NS
30-05-2024,3463.020508,3736.100098,3794.399902,3715.449951,3777,2919230,TCS.NS
30-05-2024,1315.456787,1427.449951,1449.849976,1421.550049,1442.800049,9663150,INFY.NS
30-05-2024,1407.87207,1424.849976,1440.400024,1420.099976,1435.5,13206858,RELIANCE.NS
30-05-2024,735.1642456,757.4249878,761.7999878,748.8250122,749.5999756,33755350,HDFCBANK.NS
30-05-2024,1095.73938,1113.699951,1121,1096.900024,1097,15255387,ICICIBANK.NS
30-05-2024,1358.16394,1377.150024,1386.449951,1363.5,1378.800049,7100303,BHARTIARTL.NS
30-05-2024,369.3654785,408.1316223,414.9683228,406.6872559,412.6091919,21314885,ITC.NS
30-05-2024,1427.988159,1459.099976,1477.400024,1449.5,1476,3133423,SUNPHARMA.NS
30-05-2024,650.3051758,661.6450195,679.8950195,659.4050293,677.9899902,11555750,BAJFINANCE.NS
29-05-2024,3525.632813,3803.649902,3848.899902,3800,3848.899902,1568095,TCS.NS
29-05-2024,1337.113159,1450.949951,1465.5,1450,1465.400024,7401634,INFY.NS
29-05-2024,1423.607422,1440.775024,1458,1438.449951,1446.5,7383556,RELIANCE.NS
29-05-2024,731.9855347,754.1500244,761.9249878,750.625,759,35147706,HDFCBANK.NS
29-05-2024,1084.228149,1102,1123.550049,1098.5,1115.050049,19268547,ICICIBANK.NS
29-05-2024,1358.114502,1377.099976,1390.25,1355.5,1355.5,4445083,BHARTIARTL.NS
29-05-2024,375.5528259,414.9683228,416.364563,409.7204285,409.7204285,10832067,ITC.NS
29-05-2024,1447.414795,1478.949951,1495,1465.650024,1468.099976,2843365,SUNPHARMA.NS
29-05-2024,669.0039673,680.6699829,690.7999878,678.5349731,687.7999878,7213310,BAJFINANCE.NS
28-05-2024,3559.233398,3839.899902,3870,3830,3858,1801993,TCS.NS
28-05-2024,1351.949951,1467.050049,1476,1460.300049,1475.5,6186922,INFY.NS
28-05-2024,1438.848511,1456.199951,1478.5,1452.75,1468,7820162,RELIANCE.NS
28-05-2024,742.7592773,765.25,768.0250244,762.4000244,765.0499878,27908904,HDFCBANK.NS
28-05-2024,1108.775635,1126.949951,1135.199951,1125,1132.5,9311718,ICICIBANK.NS
28-05-2024,1352.147949,1371.050049,1386.949951,1366.900024,1384.800049,2068963,BHARTIARTL.NS
28-05-2024,373.8534851,413.0906372,416.4608459,412.3684387,416.0756836,9668761,ITC.NS
28-05-2024,1433.664429,1464.900024,1479.099976,1455.949951,1468.949951,2616438,SUNPHARMA.NS
28-05-2024,675.5253296,687.3049927,694.5,685.6900024,691.3950195,7528670,BAJFINANCE.NS
27-05-2024,3565.860596,3847.050049,3908.350098,3841.350098,3855,1841538,TCS.NS
27-05-2024,1355.91272,1471.349976,1479.599976,1460.25,1471.849976,5821844,INFY.NS
27-05-2024,1448.778809,1466.25,1484.900024,1461.550049,1480.224976,6629010,RELIANCE.NS
27-05-2024,741.4004517,763.8499756,772.5,759.5250244,761.6749878,29385440,HDFCBANK.NS
27-05-2024,1111.579834,1129.800049,1147.800049,1121.550049,1131.900024,11599857,ICICIBANK.NS
27-05-2024,1365.264526,1384.349976,1407,1378,1396,6553974,BHARTIARTL.NS
27-05-2024,376.0321045,415.4979248,422.6235046,414.7276001,422.5272217,12282545,ITC.NS
27-05-2024,1434.790039,1466.050049,1501,1460.550049,1486.699951,3474806,SUNPHARMA.NS
27-05-2024,677.7318115,689.5499878,695.9550171,681,685.9000244,6554710,BAJFINANCE.NS
24-05-2024,3568.131836,3849.5,3883.800049,3844.300049,3878.25,1309452,TCS.NS
24-05-2024,1350.152832,1465.099976,1475.5,1460,1468.25,5277938,INFY.NS
24-05-2024,1462.611938,1480.25,1488.5,1476.099976,1483.625,7094776,RELIANCE.NS
24-05-2024,736.3046875,758.5999756,759.9500122,743,743.75,31060206,HDFCBANK.NS
24-05-2024,1113.695068,1131.949951,1135,1124.150024,1130,6312670,ICICIBANK.NS
24-05-2024,1369.357422,1388.5,1397.75,1374.050049,1375.5,5622368,BHARTIARTL.NS
24-05-2024,380.1279602,420.0236206,426.0418396,419.1570129,424.6456299,13252938,ITC.NS
24-05-2024,1454.999634,1486.699951,1505.699951,1477.099976,1504,5307322,SUNPHARMA.NS
24-05-2024,671.972229,683.6900024,691,679.2999878,682,7420430,BAJFINANCE.NS
23-05-2024,3608.869141,3893.449951,3905,3825.5,3840.949951,2095742,TCS.NS
23-05-2024,1356.880371,1472.400024,1478.150024,1450,1454.699951,8641428,INFY.NS
23-05-2024,1468.343018,1486.050049,1492.224976,1455,1458.550049,14608260,RELIANCE.NS
23-05-2024,724.3662109,746.2999878,747.8250122,728.5250244,729.3250122,40861920,HDFCBANK.NS
23-05-2024,1116.203979,1134.5,1137,1111.400024,1115.550049,13787687,ICICIBANK.NS
23-05-2024,1355.106567,1374.050049,1377.300049,1344.300049,1350.75,7147341,BHARTIARTL.NS
23-05-2024,384.6159363,424.9826355,428.401001,420.3606567,425.0307922,27244733,ITC.NS
23-05-2024,1463.220459,1495.099976,1510,1467,1510,11618479,SUNPHARMA.NS
23-05-2024,670.9648438,682.664978,685.3499756,673.0050049,675.9550171,7093170,BAJFINANCE.NS
22-05-2024,3551.910889,3832,3841.25,3817.550049,3835,1311168,TCS.NS
22-05-2024,1340.661255,1454.800049,1459.949951,1428,1428.75,7173285,INFY.NS
22-05-2024,1443.245483,1460.650024,1468.775024,1436.275024,1436.275024,10281604,RELIANCE.NS
22-05-2024,708.1570435,729.5999756,732.7999878,724.0750122,728.9249878,39996278,HDFCBANK.NS
22-05-2024,1093.181274,1111.099976,1125.900024,1098.099976,1125,17527411,ICICIBANK.NS
22-05-2024,1329.317017,1347.900024,1351,1329.550049,1342.150024,3026723,BHARTIARTL.NS
22-05-2024,383.3523254,423.5864258,425.5603943,419.2532959,421.1309814,11036895,ITC.NS
22-05-2024,1506.477905,1539.300049,1564,1505.400024,1547,3948239,SUNPHARMA.NS
22-05-2024,662.8955688,674.4550171,677.7449951,672.7249756,677.7449951,4160460,BAJFINANCE.NS
21-05-2024,3540.9729,3820.199951,3844.75,3810.050049,3830.600098,1908117,TCS.NS
21-05-2024,1321.631104,1434.150024,1444.699951,1428.400024,1430,6752663,INFY.NS
21-05-2024,1419.012817,1436.125,1441.824951,1425.599976,1425.599976,11176128,RELIANCE.NS
21-05-2024,707.9629517,729.4000244,734.8499756,725.0499878,725.0499878,43769978,HDFCBANK.NS
21-05-2024,1102.872437,1120.949951,1133.800049,1116.25,1122.199951,10452900,ICICIBANK.NS
21-05-2024,1325.766846,1344.300049,1362.75,1335.75,1356,5422220,BHARTIARTL.NS
21-05-2024,378.9079285,418.6755371,420.8902588,417.1348877,419.8310547,11175153,ITC.NS
21-05-2024,1508.092773,1540.949951,1558.300049,1524,1530,1791791,SUNPHARMA.NS
21-05-2024,662.7284546,674.2849731,678.5,670.5,670.5,7616240,BAJFINANCE.NS
17-05-2024,3553.857178,3834.100098,3920,3830,3919,2765804,TCS.NS
17-05-2024,1330.984863,1444.300049,1457,1439.25,1457,7542860,INFY.NS
17-05-2024,1418.592773,1435.699951,1437.199951,1413.25,1423.050049,10916476,RELIANCE.NS
17-05-2024,710.5350342,732.0499878,734,723.0999756,723.0999756,20920190,HDFCBANK.NS
17-05-2024,1112.268433,1130.5,1144,1120.599976,1131.050049,8641784,ICICIBANK.NS
17-05-2024,1325.914673,1344.449951,1360,1339.25,1353.599976,6614017,BHARTIARTL.NS
17-05-2024,380.2151184,420.1199341,421.2754211,412.9943542,416.364563,11894830,ITC.NS
17-05-2024,1498.74646,1531.400024,1537.300049,1520.150024,1536,1341676,SUNPHARMA.NS
17-05-2024,661.2098999,672.7399902,678,670.1049805,674.7000122,4801580,BAJFINANCE.NS
16-05-2024,3615.821045,3900.949951,3909.5,3843.5,3891.100098,2599399,TCS.NS
16-05-2024,1339.324829,1453.349976,1455.75,1427,1433.949951,9249145,INFY.NS
16-05-2024,1408.366089,1425.349976,1427.5,1398.025024,1418.550049,14711774,RELIANCE.NS
16-05-2024,708.6665649,730.125,731.2750244,717.75,723.0250244,34945236,HDFCBANK.NS
16-05-2024,1112.809692,1131.050049,1136.550049,1112.800049,1133,14265565,ICICIBANK.NS
16-05-2024,1326.555786,1345.099976,1356.849976,1321.300049,1328,11932181,BHARTIARTL.NS
16-05-2024,375.9885559,415.4497681,416.5571289,407.2168579,414.0535583,23911954,ITC.NS
16-05-2024,1503.541992,1536.300049,1541.150024,1508.300049,1529,2684392,SUNPHARMA.NS
16-05-2024,663.151123,674.7150269,676.210022,662.3049927,670.0349731,10598510,BAJFINANCE.NS
15-05-2024,3570.819824,3880.399902,3926.949951,3875.5,3904.5,1115021,TCS.NS
15-05-2024,1308.545166,1419.949951,1431.800049,1418.550049,1426,4327544,INFY.NS
15-05-2024,1399.39917,1416.275024,1429.974976,1413.025024,1420.5,5046534,RELIANCE.NS
15-05-2024,698.111145,719.25,729.8499756,717.9000244,729.8499756,38931996,HDFCBANK.NS
15-05-2024,1106.217651,1124.349976,1127.800049,1113.5,1122.099976,10743423,ICICIBANK.NS
15-05-2024,1291.840942,1309.900024,1318.25,1280.5,1281.550049,6891004,BHARTIARTL.NS
15-05-2024,372.8077698,411.9351501,417.1830139,410.9240723,414.7757263,7856433,ITC.NS
15-05-2024,1494.831787,1527.400024,1550.25,1520.349976,1545.25,1207536,SUNPHARMA.NS
15-05-2024,656.5511475,668,673.1950073,664.5050049,669.2000122,5950590,BAJFINANCE.NS
14-05-2024,3589.960449,3901.199951,3945.800049,3892.899902,3936,1058317,TCS.NS
14-05-2024,1312.922607,1424.699951,1433.75,1418.050049,1426.400024,3463230,INFY.NS
14-05-2024,1403.154053,1420.074951,1427.074951,1400.025024,1400.974976,7188300,RELIANCE.NS
14-05-2024,709.0062866,730.4749756,732.75,725.1500244,726.125,25665142,HDFCBANK.NS
14-05-2024,1102.479004,1120.550049,1127.900024,1118.550049,1125.900024,8944262,ICICIBANK.NS
14-05-2024,1266.593994,1284.300049,1299.900024,1280.699951,1290.550049,3262908,BHARTIARTL.NS
14-05-2024,374.463501,413.764679,417.2311707,412.6573181,414.5350037,11423749,ITC.NS
14-05-2024,1512.301025,1545.25,1547.949951,1516.050049,1525,2206236,SUNPHARMA.NS
14-05-2024,656.12854,667.5700073,674.1849976,665.7600098,671,7558400,BAJFINANCE.NS
13-05-2024,3632.842529,3947.800049,3955,3870,3884.5,931326,TCS.NS
13-05-2024,1311.770508,1423.449951,1425,1411.199951,1425,3735954,INFY.NS
13-05-2024,1385.985962,1402.699951,1406.974976,1384,1399.900024,8456620,RELIANCE.NS
13-05-2024,706.2400513,727.625,729.9000244,715.1500244,716,27047202,HDFCBANK.NS
13-05-2024,1109.808838,1128,1130.650024,1106.699951,1112.400024,9707983,ICICIBANK.NS
13-05-2024,1268.221191,1285.949951,1302.900024,1281.400024,1301.150024,3703942,BHARTIARTL.NS
13-05-2024,376.3371277,415.8349609,419.3014526,413.5720825,417.1830139,7584217,ITC.NS
13-05-2024,1492.53186,1525.050049,1530,1502,1513,1628326,SUNPHARMA.NS
13-05-2024,660.3597412,671.875,674.4299927,662,668.4000244,5122560,BAJFINANCE.NS
10-05-2024,3583.242676,3893.899902,3973.600098,3885.050049,3962.600098,1672489,TCS.NS
10-05-2024,1313.106934,1424.900024,1435.949951,1413,1435.050049,8777481,INFY.NS
10-05-2024,1390.654663,1407.425049,1410,1388.074951,1396.75,10505096,RELIANCE.NS
10-05-2024,697.8200684,718.9500122,725.9749756,713.4000244,719.5,27276608,HDFCBANK.NS
10-05-2024,1099.0354,1117.050049,1128.900024,1112.050049,1118,8573656,ICICIBANK.NS
10-05-2024,1283.211548,1301.150024,1308.5,1271.75,1275.050049,5532513,BHARTIARTL.NS
10-05-2024,377.6443176,417.2793274,420.1680603,410.6833496,410.6833496,14524604,ITC.NS
10-05-2024,1474.426514,1506.550049,1526.449951,1491,1494.650024,1528487,SUNPHARMA.NS
10-05-2024,656.9590454,668.414978,669.7999878,660.1199951,663.8900146,8249080,BAJFINANCE.NS
09-05-2024,3644.253662,3960.199951,3971,3910.050049,3962,1726486,TCS.NS
09-05-2024,1326.607422,1439.550049,1449.949951,1424.849976,1427.550049,6088406,INFY.NS
09-05-2024,1377.513062,1394.125,1423.75,1390,1413,11009612,RELIANCE.NS
09-05-2024,693.0155029,723.75,743.375,722.6500244,737.4749756,46281278,HDFCBANK.NS
09-05-2024,1097.707153,1115.699951,1128.849976,1110,1120.550049,12229853,ICICIBANK.NS
09-05-2024,1257.865845,1275.449951,1295.300049,1270.050049,1283,4809145,BHARTIARTL.NS
09-05-2024,370.4548035,409.3352661,425.1270752,407.650177,423.7308655,24314298,ITC.NS
09-05-2024,1462.780029,1494.650024,1529.949951,1489.800049,1521.199951,1477007,SUNPHARMA.NS
09-05-2024,649.194458,660.5150146,683.2700195,658.5,679.9899902,13811150,BAJFINANCE.NS
08-05-2024,3659.666992,3976.949951,3984.300049,3938.600098,3961,1247685,TCS.NS
08-05-2024,1315.318726,1427.300049,1439.75,1425.599976,1435.25,6234983,INFY.NS
08-05-2024,1401.647339,1418.550049,1432.949951,1397.5,1397.5,9439002,RELIANCE.NS
08-05-2024,709.8441772,741.3250122,748.4749756,740.1749878,747.9749756,41687862,HDFCBANK.NS
08-05-2024,1104.889526,1123,1132,1116.050049,1126.550049,19913090,ICICIBANK.NS
08-05-2024,1270.834595,1288.599976,1299.400024,1274.699951,1276.150024,2682816,BHARTIARTL.NS
08-05-2024,384.3109131,424.6456299,428.2084045,421.9494629,424.8863525,10916481,ITC.NS
08-05-2024,1489.302124,1521.75,1525.800049,1502.25,1510,1026357,SUNPHARMA.NS
08-05-2024,668.2915039,679.9450073,687.9550171,678.5,687.1500244,7259250,BAJFINANCE.NS
07-05-2024,3661.506836,3978.949951,3988,3913.5,3930.800049,2062112,TCS.NS
07-05-2024,1327.897583,1440.949951,1443.349976,1415.599976,1424.949951,6080661,INFY.NS
07-05-2024,1384.775635,1401.474976,1420.75,1392,1415.974976,14517472,RELIANCE.NS
07-05-2024,721.0952148,753.0750122,762.0250244,752.0750122,760.9749756,28480602,HDFCBANK.NS
07-05-2024,1113.645874,1131.900024,1152.75,1126.300049,1147.949951,15097728,ICICIBANK.NS
07-05-2024,1268.418457,1286.150024,1294.449951,1271,1286.349976,5767030,BHARTIARTL.NS
07-05-2024,383.7444763,424.0197144,429.4602051,419.0606995,420.6976624,26969062,ITC.NS
07-05-2024,1483.038696,1515.349976,1543.150024,1510.099976,1535.949951,1532550,SUNPHARMA.NS
07-05-2024,675.4761963,687.2550049,694.3099976,678.7999878,688.9949951,12981260,BAJFINANCE.NS
06-05-2024,3608.226807,3921.050049,3939.949951,3853,3853,2053831,TCS.NS
06-05-2024,1314.028564,1425.900024,1445.699951,1417.099976,1420,6445422,INFY.NS
06-05-2024,1402.610596,1419.525024,1440,1418,1435.5,7394208,RELIANCE.NS
06-05-2024,728.994873,761.3250122,767.25,758.5750122,761,28793396,HDFCBANK.NS
06-05-2024,1127.813721,1146.300049,1158.449951,1138.099976,1141.550049,14970524,ICICIBANK.NS
06-05-2024,1265.706299,1283.400024,1298.449951,1273.199951,1275,5555467,BHARTIARTL.NS
06-05-2024,378.8643799,418.6274109,424.1160278,417.2793274,421.7568665,10753860,ITC.NS
06-05-2024,1496.544556,1529.150024,1534,1508.75,1518,1240626,SUNPHARMA.NS
06-05-2024,674.2279663,685.9849854,701.9949951,684.5,700.7949829,12299880,BAJFINANCE.NS
03-05-2024,3536.770996,3843.399902,3893.600098,3797.600098,3890.149902,2962234,TCS.NS
03-05-2024,1305.181763,1416.300049,1424.800049,1403.199951,1422.099976,8842345,INFY.NS
03-05-2024,1416.912964,1434,1474.949951,1416.150024,1471,17226958,RELIANCE.NS
03-05-2024,727.5346069,759.7999878,770.2999878,753.5999756,766.625,31865242,HDFCBANK.NS
03-05-2024,1123.632324,1142.050049,1157.400024,1135.449951,1141.300049,19933604,ICICIBANK.NS
03-05-2024,1259.789063,1277.400024,1310.5,1258.150024,1306,11290875,BHARTIARTL.NS
03-05-2024,380.3457947,420.2643433,423.7308655,415.3534851,423.7308655,23786388,ITC.NS
03-05-2024,1478.928223,1511.150024,1537,1501.5,1527,3183226,SUNPHARMA.NS
03-05-2024,681.2702637,693.1500244,740,690.6950073,732.9000244,68186010,BAJFINANCE.NS
02-05-2024,3555.08374,3863.300049,3871.100098,3778.050049,3778.050049,2491044,TCS.NS
02-05-2024,1303.476807,1414.449951,1424,1411.849976,1413,10076354,INFY.NS
02-05-2024,1449.075317,1466.550049,1477.324951,1464.125,1472,14512646,RELIANCE.NS
02-05-2024,733.5910645,766.125,768.5,760.1749878,761,33475006,HDFCBANK.NS
02-05-2024,1121.074097,1139.449951,1155.5,1133.25,1143,25118334,ICICIBANK.NS
02-05-2024,1286.071655,1304.050049,1319.900024,1293.599976,1315.25,7995432,BHARTIARTL.NS
02-05-2024,382.5680237,422.7197876,426.1862793,418.7236938,419.8310547,24123523,ITC.NS
02-05-2024,1486.61084,1519,1530,1502,1503,2494925,SUNPHARMA.NS
02-05-2024,676.4737549,688.2700195,696.9949951,686.5,693.7849731,11395720,BAJFINANCE.NS
30-04-2024,3515.836182,3820.649902,3881.75,3810,3872,2203078,TCS.NS
30-04-2024,1309.098267,1420.550049,1436.550049,1417.550049,1434.699951,6936588,INFY.NS
30-04-2024,1449.519897,1467,1483.074951,1462.875,1468,11474262,RELIANCE.NS
30-04-2024,727.7739868,760.0499878,769.75,757.4500122,764.5999756,52307382,HDFCBANK.NS
30-04-2024,1131.847534,1150.400024,1169.550049,1146.75,1159.949951,29568491,ICICIBANK.NS
30-04-2024,1304.070068,1322.300049,1334.800049,1319.949951,1323.150024,5272565,BHARTIARTL.NS
30-04-2024,379.6486511,419.4940186,424.1641541,418.9644165,423.634552,12528665,ITC.NS
30-04-2024,1470.071167,1502.099976,1529.150024,1497,1527,1991646,SUNPHARMA.NS
30-04-2024,680.4887085,692.3549805,697.5,682.1950073,682.9949951,17986750,BAJFINANCE.NS
29-04-2024,3561.433594,3870.199951,3877.800049,3819.199951,3838,1110693,TCS.NS
29-04-2024,1322.184082,1434.75,1439.800049,1428.25,1429.949951,5055957,INFY.NS
29-04-2024,1447.568359,1465.025024,1467.900024,1450,1450,7247974,RELIANCE.NS
29-04-2024,732.2744751,764.75,767.2249756,753.2750244,757.5,36093350,HDFCBANK.NS
29-04-2024,1141.440308,1160.150024,1163.449951,1107.900024,1108,28578063,ICICIBANK.NS
29-04-2024,1314.080078,1332.449951,1346,1320,1324.5,3195888,BHARTIARTL.NS
29-04-2024,381.8708496,421.9494629,426.0418396,418.4829712,425.608551,12075706,ITC.NS
29-04-2024,1489.155518,1521.599976,1527.800049,1510.050049,1516,1091667,SUNPHARMA.NS
29-04-2024,670.9598999,682.6599731,683.960022,671.3049927,678.9949951,16810300,BAJFINANCE.NS
26-04-2024,3516.480713,3821.350098,3876.800049,3802.550049,3855.149902,2039178,TCS.NS
26-04-2024,1318.037231,1430.25,1445.400024,1427,1439.699951,8062444,INFY.NS
26-04-2024,1435.242188,1452.550049,1465,1450,1463.949951,9413848,RELIANCE.NS
26-04-2024,722.8427124,754.9000244,764,752.7750244,759.9000244,24854694,HDFCBANK.NS
26-04-2024,1090.032959,1107.900024,1120,1102.75,1112.150024,14190059,ICICIBANK.NS
26-04-2024,1307.718994,1326,1345.699951,1322,1338,5289771,BHARTIARTL.NS
26-04-2024,383.4394836,423.6827087,426.860321,420.216217,422.9605103,15342965,ITC.NS
26-04-2024,1474.426514,1506.550049,1532,1500.050049,1531,1794350,SUNPHARMA.NS
26-04-2024,661.5834961,673.1199951,700,669.1500244,700,58147230,BAJFINANCE.NS
25-04-2024,3544.869141,3852.199951,3873.649902,3811,3811.199951,2856271,TCS.NS
25-04-2024,1325.59375,1438.449951,1444.900024,1420,1420,9089398,INFY.NS
25-04-2024,1442.578613,1459.974976,1467.974976,1441.5,1442.5,15943926,RELIANCE.NS
25-04-2024,723.2975464,755.375,759.8499756,753.125,753.125,35445204,HDFCBANK.NS
25-04-2024,1095.788574,1113.75,1125.650024,1089.949951,1090,19905338,ICICIBANK.NS
25-04-2024,1320.243896,1338.699951,1343.800049,1324.349976,1331,8512627,BHARTIARTL.NS
25-04-2024,381.3044434,421.3235779,422.0457458,413.0906372,415.0164795,30337038,ITC.NS
25-04-2024,1487.736206,1520.150024,1527.300049,1488.650024,1490,3846327,SUNPHARMA.NS
25-04-2024,716.9873657,729.4899902,736.4849854,712.5100098,733,11733540,BAJFINANCE.NS
24-04-2024,3525.406738,3831.050049,3898,3824.449951,3890,1317312,TCS.NS
24-04-2024,1318.497925,1430.75,1444.300049,1427.050049,1444.300049,4268213,INFY.NS
24-04-2024,1432.895264,1450.175049,1468.550049,1449.5,1463.5,10462776,RELIANCE.NS
24-04-2024,723.7523193,755.8499756,760.875,754.5250244,757.5,22441580,HDFCBANK.NS
24-04-2024,1079.062744,1096.75,1098.400024,1089,1092.25,5461309,ICICIBANK.NS
24-04-2024,1317.975586,1336.400024,1354,1333.550049,1352,6277492,BHARTIARTL.NS
24-04-2024,373.7663574,412.9943542,414.8238831,412.4165955,413.3313599,6070285,ITC.NS
24-04-2024,1454.069824,1485.75,1503,1479.349976,1484.650024,4652803,SUNPHARMA.NS
24-04-2024,720.3535767,732.914978,741.9450073,725,728.2999878,8869290,BAJFINANCE.NS
23-04-2024,3565.574219,3874.699951,3895,3860.600098,3877.050049,1807586,TCS.NS
23-04-2024,1329.234009,1442.400024,1446.849976,1433,1443,4856174,INFY.NS
23-04-2024,1441.936279,1459.324951,1493.5,1455.550049,1479,14605554,RELIANCE.NS
23-04-2024,721.7894287,753.7999878,763.25,751.625,763.1500244,26827060,HDFCBANK.NS
23-04-2024,1072.667603,1090.25,1100,1082.699951,1100,9848215,ICICIBANK.NS
23-04-2024,1323.843506,1342.349976,1351,1302.099976,1310,12074766,BHARTIARTL.NS
23-04-2024,374.027771,413.2832336,414.5350037,409.3352661,409.5278625,12484384,ITC.NS
23-04-2024,1452.993164,1484.650024,1562.449951,1477.699951,1562,9160422,SUNPHARMA.NS
23-04-2024,713.5473633,725.9899902,733.9899902,723.6799927,730.9000244,10815670,BAJFINANCE.NS
22-04-2024,3556.280518,3864.600098,3878,3812,3837,1728883,TCS.NS
22-04-2024,1320.340942,1432.75,1436.849976,1413.050049,1419.900024,5859087,INFY.NS
22-04-2024,1462.216675,1479.849976,1482.824951,1467.800049,1472.449951,10350362,RELIANCE.NS
22-04-2024,723.9916992,756.0999756,778.7000122,754.1500244,778.7000122,42298438,HDFCBANK.NS
22-04-2024,1069.125732,1086.650024,1088.699951,1070.349976,1078.800049,10346714,ICICIBANK.NS
22-04-2024,1279.661255,1297.550049,1305.400024,1288.25,1304,7894656,BHARTIARTL.NS
22-04-2024,370.6291199,409.5278625,411.7425537,407.650177,411.1647949,7386048,ITC.NS
22-04-2024,1507.260986,1540.099976,1548,1521.949951,1528.449951,1680307,SUNPHARMA.NS
22-04-2024,716.7219849,729.2199707,730.5999756,716.7299805,716.7299805,11652720,BAJFINANCE.NS
19-04-2024,3520.943848,3826.199951,3852.550049,3800.899902,3838,2957749,TCS.NS
19-04-2024,1300.527832,1411.25,1426.849976,1378.75,1385,20603621,INFY.NS
19-04-2024,1452.607666,1470.125,1474,1443.025024,1456.775024,15741778,RELIANCE.NS
19-04-2024,733.1362305,765.6500244,767.4749756,740.125,743.2750244,34576434,HDFCBANK.NS
19-04-2024,1050.038574,1067.25,1072,1048.099976,1052.949951,11284433,ICICIBANK.NS
19-04-2024,1271.229126,1289,1296.5,1253.349976,1280,13103862,BHARTIARTL.NS
19-04-2024,370.1498108,408.9982605,410.442627,400.5727539,402.4985657,17221280,ITC.NS
19-04-2024,1490.329834,1522.800049,1528.300049,1503.699951,1505,2536516,SUNPHARMA.NS
19-04-2024,699.7479248,711.9500122,715,681.0050049,684.0050049,12183750,BAJFINANCE.NS
18-04-2024,3553.887695,3862,3936,3850,3876.800049,3476284,TCS.NS
18-04-2024,1307.900146,1419.25,1444.699951,1407.5,1421.099976,22107945,INFY.NS
18-04-2024,1446.876709,1464.324951,1486,1459.349976,1463.5,19005692,RELIANCE.NS
18-04-2024,715.6132813,747.3499756,759.4249878,745.5250244,754.9000244,34234884,HDFCBANK.NS
18-04-2024,1038.428833,1055.449951,1078.050049,1050.449951,1074,16564216,ICICIBANK.NS
18-04-2024,1248.299683,1265.75,1281.849976,1215.800049,1220,19939924,BHARTIARTL.NS
18-04-2024,365.0082397,403.3170471,411.068512,402.1615601,410.2019043,22133191,ITC.NS
18-04-2024,1484.066406,1516.400024,1545.550049,1506.449951,1545.550049,3266796,SUNPHARMA.NS
18-04-2024,677.5057983,689.3200073,699.5,686.5999756,692.8099976,13851330,BAJFINANCE.NS
16-04-2024,3563.825684,3872.800049,3928.699951,3862.850098,3902,3051420,TCS.NS
16-04-2024,1303.476807,1414.449951,1455.150024,1413.050049,1451,16173541,INFY.NS
16-04-2024,1448.28479,1465.75,1471.175049,1450.925049,1453.349976,9366184,RELIANCE.NS
16-04-2024,722.5794067,754.625,756.4500122,741.125,743.5,20744886,HDFCBANK.NS
16-04-2024,1049.841797,1067.050049,1074.599976,1062.699951,1070.550049,11278092,ICICIBANK.NS
16-04-2024,1199.679321,1216.449951,1233.949951,1212.050049,1223.900024,5235632,BHARTIARTL.NS
16-04-2024,371.1519775,410.1055908,411.1647949,407.5057373,407.5538635,10357752,ITC.NS
16-04-2024,1504.765381,1537.550049,1543.300049,1525.150024,1535,2058697,SUNPHARMA.NS
16-04-2024,683.5061646,695.4249878,703.4299927,693.0999756,700.9949951,9632930,BAJFINANCE.NS
15-04-2024,3626.768555,3941.199951,4064.199951,3919.050049,4001.399902,4200329,TCS.NS
15-04-2024,1352.963745,1468.150024,1491.949951,1461.050049,1480,8531224,INFY.NS
15-04-2024,1447.370728,1464.824951,1482.125,1446.324951,1461,12902062,RELIANCE.NS
15-04-2024,715.6132813,747.3499756,755,746.0250244,748.7750244,23415248,HDFCBANK.NS
15-04-2024,1060.959473,1078.349976,1106.150024,1076.599976,1100.199951,10526597,ICICIBANK.NS
15-04-2024,1207.667725,1224.550049,1235,1210.349976,1210.599976,4281602,BHARTIARTL.NS
15-04-2024,371.1519775,410.1055908,413.2350769,407.2168579,412.1277161,9083087,ITC.NS
15-04-2024,1507.211914,1540.050049,1544.099976,1503.800049,1517.599976,2474028,SUNPHARMA.NS
15-04-2024,695.4970703,707.625,719.8800049,706.3449707,714.5050049,7584480,BAJFINANCE.NS
12-04-2024,3682.166016,4001.399902,4013.350098,3945.5,3971,4354821,TCS.NS
12-04-2024,1368.261353,1484.75,1506.800049,1479.5,1504,12275616,INFY.NS
12-04-2024,1449.668091,1467.150024,1486.474976,1463.074951,1475.875,15551012,RELIANCE.NS
12-04-2024,727.2233887,759.4749756,764.9249878,756.7249756,760.5,41084208,HDFCBANK.NS
12-04-2024,1086.589355,1104.400024,1111.849976,1095.800049,1103.5,12216657,ICICIBANK.NS
12-04-2024,1208.653931,1225.550049,1231.849976,1219.550049,1226.099976,7877073,BHARTIARTL.NS
12-04-2024,374.8121033,414.1498413,419.590332,412.4165955,418.8681335,18785009,ITC.NS
12-04-2024,1507.163086,1540,1595,1534,1595,8258068,SUNPHARMA.NS
12-04-2024,710.5643311,722.9550171,726.4000244,715.6300049,722.4000244,10925880,BAJFINANCE.NS
10-04-2024,3666.752441,3984.649902,3990.199951,3918,3956.399902,2101965,TCS.NS
10-04-2024,1388.581299,1506.800049,1509.849976,1484.550049,1500.349976,6744595,INFY.NS
10-04-2024,1461.944946,1479.574951,1487,1466.349976,1466.349976,9138330,RELIANCE.NS
10-04-2024,735.5540161,768.1749878,774.9500122,766.4749756,774.9500122,27807400,HDFCBANK.NS
10-04-2024,1091.508789,1109.400024,1116.550049,1105.150024,1110.949951,10598000,ICICIBANK.NS
10-04-2024,1212.450806,1229.400024,1230.699951,1208.75,1213.25,6442196,BHARTIARTL.NS
10-04-2024,380.7815552,420.7458191,421.5643005,409.9611511,412.4165955,14547618,ITC.NS
10-04-2024,1569.847412,1604.050049,1608.5,1583.75,1603.050049,1928878,SUNPHARMA.NS
10-04-2024,710.6331787,723.0250244,725.4000244,716,723.5900269,5679860,BAJFINANCE.NS
09-04-2024,3631.692139,3946.550049,4015.850098,3925.050049,3984,1876992,TCS.NS
09-04-2024,1377.568848,1494.849976,1513.800049,1487.300049,1490,9423230,INFY.NS
09-04-2024,1446.209839,1463.650024,1489.800049,1462.5,1489,7071414,RELIANCE.NS
09-04-2024,741.3949585,774.2750244,777.4249878,770.1500244,777.4249878,21884494,HDFCBANK.NS
09-04-2024,1089.196655,1107.050049,1115.25,1088.300049,1091.949951,12298463,ICICIBANK.NS
09-04-2024,1187.844727,1204.449951,1214.949951,1198.300049,1214.949951,3372798,BHARTIARTL.NS
09-04-2024,371.5441589,410.5389099,415.4979248,409.7685852,414.4868774,6967273,ITC.NS
09-04-2024,1568.379395,1602.550049,1608.849976,1591.949951,1601,1389391,SUNPHARMA.NS
09-04-2024,707.0308838,719.3599854,723.5349731,712.4500122,722,7102810,BAJFINANCE.NS
08-04-2024,3655.617676,3972.550049,4032.649902,3960,3983,2302538,TCS.NS
08-04-2024,1360.842773,1476.699951,1490.949951,1474.099976,1483,6610887,INFY.NS
08-04-2024,1468.268799,1485.974976,1490.974976,1461,1462.974976,8357118,RELIANCE.NS
08-04-2024,740.4613647,773.2999878,778.625,770.7750244,777.4749756,20482940,HDFCBANK.NS
08-04-2024,1069.617554,1087.150024,1091.75,1076.300049,1078.349976,8023461,ICICIBANK.NS
08-04-2024,1188.091309,1204.699951,1210.550049,1183.099976,1188,4827733,BHARTIARTL.NS
08-04-2024,373.9406433,413.1869202,415.4016418,411.8869934,412.4165955,8844633,ITC.NS
08-04-2024,1565.590088,1599.699951,1618.900024,1597,1611,1170390,SUNPHARMA.NS
08-04-2024,705.5517578,717.8549805,722.6950073,714.2800293,721.5,5182100,BAJFINANCE.NS
05-04-2024,3661.783691,3979.25,4002,3960.5,3978,1636819,TCS.NS
05-04-2024,1363.054443,1479.099976,1486.699951,1476.050049,1480.050049,5072482,INFY.NS
05-04-2024,1442.702148,1460.099976,1470.800049,1456,1460.875,7442298,RELIANCE.NS
05-04-2024,741.8737183,774.7750244,777.25,765.0750122,769.5,59055902,HDFCBANK.NS
05-04-2024,1065.928101,1083.400024,1086,1067.449951,1070,15340637,ICICIBANK.NS
05-04-2024,1174.5802,1191,1211.349976,1188.949951,1205.900024,4227519,BHARTIARTL.NS
05-04-2024,372.5898743,411.6944275,415.6905212,404.3762512,406.8316956,16768902,ITC.NS
05-04-2024,1574.691895,1609,1638.849976,1606.099976,1611,1548980,SUNPHARMA.NS
05-04-2024,705.2666626,717.5650024,725.9000244,715.5999756,723.4749756,12004940,BAJFINANCE.NS
04-04-2024,3683.914795,4003.300049,4028.649902,3935.25,3975.899902,3394637,TCS.NS
04-04-2024,1370.058228,1486.699951,1495.650024,1468,1490.550049,11186915,INFY.NS
04-04-2024,1445.49353,1462.925049,1479.75,1450,1479.75,14490272,RELIANCE.NS
04-04-2024,731.3647461,763.7999878,765,752,752,88935066,HDFCBANK.NS
04-04-2024,1061.451416,1078.849976,1085.800049,1063.449951,1084.75,21419689,ICICIBANK.NS
04-04-2024,1190.21167,1206.849976,1233,1201.300049,1231.949951,7327626,BHARTIARTL.NS
04-04-2024,368.4069214,407.0724182,411.5018311,404.328125,409.7685852,19065447,ITC.NS
04-04-2024,1584.821167,1619.349976,1628,1587.150024,1620.900024,2439461,SUNPHARMA.NS
04-04-2024,715.8570557,728.3400269,735,725.5,734.5,10405890,BAJFINANCE.NS
03-04-2024,3632.382568,3947.300049,3981,3851,3851,3973090,TCS.NS
03-04-2024,1364.48291,1480.650024,1495.099976,1475,1479,8736248,INFY.NS
03-04-2024,1454.065063,1471.599976,1484.449951,1468.900024,1482.074951,7008292,RELIANCE.NS
03-04-2024,709.6766357,741.1500244,747.8250122,735.7000122,736.0499878,45584386,HDFCBANK.NS
03-04-2024,1059.827881,1077.199951,1083.650024,1072.25,1075,15477184,ICICIBANK.NS
03-04-2024,1208.801758,1225.699951,1240.599976,1189.449951,1195,9532291,BHARTIARTL.NS
03-04-2024,370.5419617,409.4315491,412.8980713,405.3873291,410.2019043,13152268,ITC.NS
03-04-2024,1585.310303,1619.849976,1628.949951,1594.199951,1609,2098379,SUNPHARMA.NS
03-04-2024,718.3977051,730.9249878,732.335022,718.6149902,719.7000122,9589430,BAJFINANCE.NS
02-04-2024,3573.948486,3883.800049,3909.850098,3873,3890,2142666,TCS.NS
02-04-2024,1366.510376,1482.849976,1493.150024,1480.849976,1484.849976,7279400,INFY.NS
02-04-2024,1469.232178,1486.949951,1494,1475,1484,8910166,RELIANCE.NS
02-04-2024,708.6472778,740.0750122,747.4249878,731.625,732.5750122,41225446,HDFCBANK.NS
02-04-2024,1063.76355,1081.199951,1094.449951,1079.25,1094.449951,14380396,ICICIBANK.NS
02-04-2024,1191.592407,1208.25,1227.75,1203.199951,1225,3625577,BHARTIARTL.NS
02-04-2024,371.108429,410.0574646,412.8017578,408.8538208,412.8017578,9194659,ITC.NS
02-04-2024,1587.659302,1622.25,1633,1609.900024,1629.25,1921533,SUNPHARMA.NS
02-04-2024,708.3872681,720.7399902,725.5,713.5,725.0949707,9676150,BAJFINANCE.NS
01-04-2024,3604.269775,3916.75,3933.300049,3888.050049,3897.699951,1569676,TCS.NS
01-04-2024,1378.121826,1495.449951,1529.949951,1492.800049,1525,6580002,INFY.NS
01-04-2024,1467.08313,1484.775024,1493.974976,1482.5,1492.474976,5013880,RELIANCE.NS
01-04-2024,704.0271606,735.25,736.9000244,727.7999878,729,25199570,HDFCBANK.NS
01-04-2024,1081.916016,1099.650024,1102.949951,1094.449951,1096.050049,10848191,ICICIBANK.NS
01-04-2024,1200.566895,1217.349976,1231.900024,1208,1228,5461473,BHARTIARTL.NS
01-04-2024,371.8491821,410.875946,415.3534851,409.9611511,413.1869202,9743648,ITC.NS
01-04-2024,1594.51001,1629.25,1633.75,1618.5,1631.599976,1148498,SUNPHARMA.NS
01-04-2024,712.6676636,725.0949707,734.3449707,722.0050049,726.125,11252380,BAJFINANCE.NS
28-03-2024,3567.046875,3876.300049,3915,3840.5,3850.100098,4311783,TCS.NS
28-03-2024,1380.517822,1498.050049,1511.800049,1487.150024,1487.150024,12499530,INFY.NS
28-03-2024,1468.145142,1485.849976,1505.949951,1478.650024,1492.875,21854364,RELIANCE.NS
28-03-2024,693.2070313,723.9500122,730.25,720.3499756,720.3499756,55592142,HDFCBANK.NS
28-03-2024,1075.668457,1093.300049,1105.050049,1085,1085,22070566,ICICIBANK.NS
28-03-2024,1211.661865,1228.599976,1238.5,1220.300049,1226.949951,10518377,BHARTIARTL.NS
28-03-2024,373.2870789,412.4647522,417.1830139,411.1647949,412.1277161,29009002,ITC.NS
28-03-2024,1585.995483,1620.550049,1634,1607.949951,1609.949951,4427587,SUNPHARMA.NS
28-03-2024,712.1074219,724.5250244,734.9299927,703.210022,703.210022,35745180,BAJFINANCE.NS
27-03-2024,3534.470703,3840.899902,3895,3829.399902,3888.5,1968575,TCS.NS
27-03-2024,1367.431885,1483.849976,1499,1481.550049,1496,6857402,INFY.NS
27-03-2024,1475.061768,1492.849976,1500,1447,1448,16326644,RELIANCE.NS
27-03-2024,689.7598267,720.3499756,723.9749756,710.625,711.7750244,62168668,HDFCBANK.NS
27-03-2024,1066.272461,1083.75,1092.5,1079.550049,1083.699951,26907245,ICICIBANK.NS
27-03-2024,1207.914307,1224.800049,1228.25,1210.550049,1210.550049,5779169,BHARTIARTL.NS
27-03-2024,372.9820557,412.1277161,412.9943542,410.6351929,411.1647949,12698464,ITC.NS
27-03-2024,1569.94519,1604.150024,1626.150024,1592.099976,1602,2530169,SUNPHARMA.NS
27-03-2024,690.2387695,702.2750244,704.9000244,690.5,694.5750122,15512750,BAJFINANCE.NS
26-03-2024,3568.151123,3877.5,3946.699951,3871.449951,3875,3440925,TCS.NS
26-03-2024,1375.541382,1492.650024,1507.449951,1487.900024,1492,8351081,INFY.NS
26-03-2024,1424.397827,1441.574951,1452.400024,1439,1445,11415906,RELIANCE.NS
26-03-2024,682.4347534,712.7000122,718.9749756,711.0750122,713.5999756,56844290,HDFCBANK.NS
26-03-2024,1066.223145,1083.699951,1089.150024,1076.949951,1081,13367635,ICICIBANK.NS
26-03-2024,1196.375488,1213.099976,1234,1210,1225,10898138,BHARTIARTL.NS
26-03-2024,372.677063,411.7907104,413.2832336,409.7685852,409.7685852,10669833,ITC.NS
26-03-2024,1564.02417,1598.099976,1614.699951,1593.099976,1595.050049,3649049,SUNPHARMA.NS
26-03-2024,679.166748,691.0100098,694.5,674.5,675.4500122,18503210,BAJFINANCE.NS
22-03-2024,3598.886475,3910.899902,3938,3855,3897,5852485,TCS.NS
22-03-2024,1390.470459,1508.849976,1528.900024,1498.199951,1521,14673890,INFY.NS
22-03-2024,1437.687622,1455.025024,1460,1447.349976,1449.974976,19527608,RELIANCE.NS
22-03-2024,690.7891846,721.4249878,725.375,718.875,720.5,45980326,HDFCBANK.NS
22-03-2024,1072.716797,1090.300049,1093.699951,1078.699951,1081.150024,17214415,ICICIBANK.NS
22-03-2024,1219.05835,1236.099976,1245,1222,1226.949951,7840007,BHARTIARTL.NS
22-03-2024,373.5048828,412.7054749,413.7165222,405.6280518,405.6280518,40358503,ITC.NS
22-03-2024,1574.593872,1608.900024,1621,1566.099976,1568.900024,4941447,SUNPHARMA.NS
22-03-2024,664.5025024,676.0900269,680.2999878,668.6300049,670.5,11252380,BAJFINANCE.NS
21-03-2024,3655.98584,3972.949951,4008.399902,3948,3990.050049,3829582,TCS.NS
21-03-2024,1432.723145,1554.699951,1576.949951,1543.400024,1564,11062497,INFY.NS
21-03-2024,1433.685791,1450.974976,1457.900024,1444.675049,1452.525024,13006936,RELIANCE.NS
21-03-2024,692.1776123,722.875,725.625,719.1500244,721.2999878,28922860,HDFCBANK.NS
21-03-2024,1064.353882,1081.800049,1100,1079.150024,1092,19992607,ICICIBANK.NS
21-03-2024,1203.969482,1220.800049,1242.900024,1214.099976,1238,9952250,BHARTIARTL.NS
21-03-2024,367.0997009,405.6280518,406.3502197,400.7653198,403.4614868,19968509,ITC.NS
21-03-2024,1531.825684,1565.199951,1570.849976,1542.550049,1564.800049,2567975,SUNPHARMA.NS
21-03-2024,660.0649414,671.5750122,677.164978,665.7150269,670.75,18060920,BAJFINANCE.NS
20-03-2024,3654.098877,3970.899902,4018,3960.199951,3986,1817913,TCS.NS
20-03-2024,1432.953613,1554.949951,1574.949951,1552.349976,1563,4759059,INFY.NS
20-03-2024,1426.546997,1443.75,1445,1424.025024,1427.949951,8488806,RELIANCE.NS
20-03-2024,685.1398315,715.5250244,725.8250122,712.3250122,724.5250244,43606094,HDFCBANK.NS
20-03-2024,1067.010376,1084.5,1090,1067.5,1080,18725251,ICICIBANK.NS
20-03-2024,1214.817749,1231.800049,1239,1223.650024,1228.25,6596032,BHARTIARTL.NS
20-03-2024,362.2631836,400.2838745,401.1986389,394.3619385,394.7952576,20364534,ITC.NS
20-03-2024,1516.313721,1549.349976,1559.949951,1520.5,1559.949951,3412218,SUNPHARMA.NS
20-03-2024,653.5534668,664.9500122,673.0999756,660.5999756,661,14908310,BAJFINANCE.NS
19-03-2024,3659.989014,3977.300049,4058,3966.600098,4051.25,8931209,TCS.NS
19-03-2024,1438.943604,1561.449951,1599,1558,1592.349976,6870411,INFY.NS
19-03-2024,1408.267334,1425.25,1437.599976,1417.25,1428.75,8275764,RELIANCE.NS
19-03-2024,693.9012451,724.6749878,726.2000122,717.75,717.75,36183594,HDFCBANK.NS
19-03-2024,1066.469116,1083.949951,1088.75,1075.25,1078.449951,16708715,ICICIBANK.NS
19-03-2024,1211.415283,1228.349976,1240.400024,1214.599976,1216.199951,7703719,BHARTIARTL.NS
19-03-2024,356.9037476,394.3619385,403.9910889,393.543457,402.4985657,21803126,ITC.NS
19-03-2024,1515.432739,1548.449951,1579.75,1540.400024,1574,3692624,SUNPHARMA.NS
19-03-2024,648.3197632,659.625,666.7199707,650.5,650.9699707,14080870,BAJFINANCE.NS
18-03-2024,3821.211426,4152.5,4254.75,4117.850098,4215.25,1526904,TCS.NS
18-03-2024,1476.911377,1602.650024,1632.650024,1598.849976,1630,4958904,INFY.NS
18-03-2024,1422.322754,1439.474976,1441.724976,1416.525024,1420,9169392,RELIANCE.NS
18-03-2024,692.3212891,723.0250244,728,717.9000244,723.5,21437856,HDFCBANK.NS
18-03-2024,1063.76355,1081.199951,1084.800049,1060.050049,1075.050049,8769440,ICICIBANK.NS
18-03-2024,1208.407349,1225.300049,1230.550049,1215.199951,1225,4141080,BHARTIARTL.NS
18-03-2024,363.788208,401.9689636,405.0984497,401.4393616,403.4614868,16547358,ITC.NS
18-03-2024,1537.746826,1571.25,1576.25,1543.449951,1548.25,2281873,SUNPHARMA.NS
18-03-2024,639.3167725,650.4650269,655.5,645.6099854,651.4349976,6764250,BAJFINANCE.NS
15-03-2024,3882.635986,4219.25,4239,4177,4192.600098,3373143,TCS.NS
15-03-2024,1505.801514,1634,1645.800049,1618.349976,1641.099976,11809997,INFY.NS
15-03-2024,1401.32605,1418.224976,1433.224976,1412.900024,1425.949951,19223818,RELIANCE.NS
15-03-2024,695.4812012,726.3250122,729.6500244,721.125,725,143613804,HDFCBANK.NS
15-03-2024,1062.927246,1080.349976,1086.25,1070,1072,66192734,ICICIBANK.NS
15-03-2024,1203.18042,1220,1222.800049,1187.849976,1190,10115416,BHARTIARTL.NS
15-03-2024,365.2261047,403.5577698,412.6573181,399.8505554,401.728241,76074975,ITC.NS
15-03-2024,1515.18811,1548.199951,1573.5,1541.199951,1568.75,3421374,SUNPHARMA.NS
15-03-2024,640.2700806,651.4349976,657.7999878,636,637.5050049,19705000,BAJFINANCE.NS
14-03-2024,3871.915771,4207.600098,4225,4086,4153.450195,2919608,TCS.NS
14-03-2024,1523.587402,1653.300049,1657.75,1608,1614.400024,8803799,INFY.NS
14-03-2024,1414.418091,1431.474976,1448.525024,1425.5,1439.699951,18571102,RELIANCE.NS
14-03-2024,696.8216553,727.7249756,733,722.1500244,731.0499878,52432158,HDFCBANK.NS
14-03-2024,1066.124756,1083.599976,1097.099976,1075.050049,1080,14231421,ICICIBANK.NS
14-03-2024,1178.130493,1194.599976,1199.699951,1163.550049,1173.949951,8569080,BHARTIARTL.NS
14-03-2024,365.7054138,404.0873718,409.7204285,402.4985657,406.3020935,31949569,ITC.NS
14-03-2024,1536.718994,1570.199951,1574.300049,1546.25,1567.25,3062556,SUNPHARMA.NS
14-03-2024,628.7804565,639.7449951,647,629.7800293,645.6149902,12198650,BAJFINANCE.NS
13-03-2024,3817.990723,4149,4241,4131.899902,4205,2837260,TCS.NS
13-03-2024,1484.974609,1611.400024,1624.5,1598.550049,1612.900024,5688997,INFY.NS
13-03-2024,1415.109863,1432.175049,1483.099976,1427.775024,1479.775024,13522134,RELIANCE.NS
13-03-2024,699.1916504,730.2000122,735.7999878,725.0499878,732.75,63067454,HDFCBANK.NS
13-03-2024,1066.469116,1083.949951,1089.650024,1073.150024,1077.150024,24855870,ICICIBANK.NS
13-03-2024,1152.636963,1168.75,1212,1151.699951,1212,7528096,BHARTIARTL.NS
13-03-2024,368.1455078,406.7835388,421.7568665,405.5317688,418.8681335,105525827,ITC.NS
13-03-2024,1525.366577,1558.599976,1592.199951,1544,1581.199951,2881503,SUNPHARMA.NS
13-03-2024,634.5498657,645.6149902,651.4949951,639.1550293,643.9249878,11321830,BAJFINANCE.NS
12-03-2024,3857.790283,4192.25,4229.950195,4121.049805,4122.350098,4039801,TCS.NS
12-03-2024,1486.403198,1612.949951,1625,1597.650024,1600,4614222,INFY.NS
12-03-2024,1457.844482,1475.425049,1488,1465.025024,1466.599976,9432678,RELIANCE.NS
12-03-2024,698.784668,729.7750244,732,714.625,717,65418454,HDFCBANK.NS
12-03-2024,1059.483643,1076.849976,1094.800049,1055.650024,1077.050049,21785435,ICICIBANK.NS
12-03-2024,1187.647583,1204.25,1208,1197.800049,1200,4249548,BHARTIARTL.NS
12-03-2024,352.4593201,389.4510803,391.4250488,384.5401917,391.4250488,36226074,ITC.NS
12-03-2024,1550.518433,1584.300049,1603.800049,1580.150024,1592.199951,1294598,SUNPHARMA.NS
12-03-2024,632.5742798,643.6049805,648.5,634.1350098,640.5,10946770,BAJFINANCE.NS
11-03-2024,3793.466797,4122.350098,4153,4089,4089,2304068,TCS.NS
11-03-2024,1475.022095,1600.599976,1613.800049,1588,1608.150024,6752895,INFY.NS
11-03-2024,1449.124512,1466.599976,1489,1463.5,1489,11277130,RELIANCE.NS
11-03-2024,683.5838013,713.9000244,722.9749756,711.5,715,50531094,HDFCBANK.NS
11-03-2024,1061.303711,1078.699951,1087.949951,1076.75,1087.949951,13310362,ICICIBANK.NS
11-03-2024,1180.102905,1196.599976,1218.300049,1186,1186,6679208,BHARTIARTL.NS
11-03-2024,356.7730103,394.2174988,402.7874451,392.8694153,401.3430786,18298683,ITC.NS
11-03-2024,1559.620239,1593.599976,1627,1586.400024,1615.150024,2994345,SUNPHARMA.NS
11-03-2024,632.3482666,643.375,655.2000122,640.4000244,655,12039710,BAJFINANCE.NS
07-03-2024,3780.813965,4108.600098,4124,4037.699951,4065,2688905,TCS.NS
07-03-2024,1489.62854,1616.449951,1628.449951,1604.199951,1616.599976,6348359,INFY.NS
07-03-2024,1461.302734,1478.925049,1503.099976,1475.550049,1502.974976,8315726,RELIANCE.NS
07-03-2024,692.3452759,723.0499878,725.5250244,720.7000122,722.75,49348046,HDFCBANK.NS
07-03-2024,1070.404663,1087.949951,1095,1082.699951,1094.949951,9963926,ICICIBANK.NS
07-03-2024,1183.160278,1199.699951,1213.599976,1189.449951,1209.849976,8903981,BHARTIARTL.NS
07-03-2024,360.3895264,398.2135925,399.561676,388.6807251,392.7249756,23907135,ITC.NS
07-03-2024,1571.462036,1605.699951,1619.949951,1600.400024,1610.75,2440999,SUNPHARMA.NS
07-03-2024,631.0999756,642.1049805,646.8599854,632.539978,635,14694210,BAJFINANCE.NS
06-03-2024,3740.04834,4064.300049,4072,3958.449951,3994.050049,1744204,TCS.NS
06-03-2024,1490.642334,1617.550049,1620.150024,1576,1602.800049,6420684,INFY.NS
06-03-2024,1485.090942,1503,1509,1478.5,1493.449951,7805676,RELIANCE.NS
06-03-2024,690.6695557,721.2999878,726.4249878,716.7750244,716.7750244,42409530,HDFCBANK.NS
06-03-2024,1079.407104,1097.099976,1113.550049,1080.300049,1080.300049,21796484,ICICIBANK.NS
06-03-2024,1177.24292,1193.699951,1196.599976,1157.349976,1173.949951,5464839,BHARTIARTL.NS
06-03-2024,355.4222412,392.7249756,394.7471008,385.8401489,391.4250488,11534613,ITC.NS
06-03-2024,1569.79834,1604,1606.75,1566.400024,1575,1761032,SUNPHARMA.NS
06-03-2024,620.3081665,631.125,634.5900269,618.7800293,633.25,21047920,BAJFINANCE.NS
05-03-2024,3692.012451,4012.100098,4064,3980,4062,2070859,TCS.NS
05-03-2024,1480.459106,1606.5,1637.349976,1602,1634,4596579,INFY.NS
05-03-2024,1482.324219,1500.199951,1507.400024,1486.050049,1505.775024,7107668,RELIANCE.NS
05-03-2024,689.831665,720.4249878,721.5,710.8250122,711,37991672,HDFCBANK.NS
05-03-2024,1070.503174,1088.050049,1099.5,1076.5,1086.199951,9222544,ICICIBANK.NS
05-03-2024,1152.784912,1168.900024,1179.75,1133.050049,1133.050049,5375008,BHARTIARTL.NS
05-03-2024,353.9407959,391.0880127,396.1433411,388.9696045,394.4582214,10108373,ITC.NS
05-03-2024,1540.633789,1574.199951,1576.400024,1535.400024,1553.800049,1408172,SUNPHARMA.NS
05-03-2024,621.5858765,632.4249878,663.625,627.2000122,660.2449951,17175580,BAJFINANCE.NS
04-03-2024,3755.139404,4080.699951,4117.899902,4075.899902,4105,1749271,TCS.NS
04-03-2024,1508.750488,1637.199951,1664.449951,1633.650024,1657.849976,4445156,INFY.NS
04-03-2024,1489.438477,1507.400024,1512.449951,1487.224976,1490.474976,10024420,RELIANCE.NS
04-03-2024,685.9297485,716.3499756,718.5,712.1500244,715.4749756,35616474,HDFCBANK.NS
04-03-2024,1074.733643,1092.349976,1095,1080.099976,1081,11424581,ICICIBANK.NS
04-03-2024,1117.872925,1133.5,1149.25,1132,1132,5855090,BHARTIARTL.NS
04-03-2024,356.5115662,393.9286194,397.6358643,393.3027344,396.9618225,7103794,ITC.NS
04-03-2024,1519.005005,1552.099976,1569.099976,1548.900024,1550.550049,2298105,SUNPHARMA.NS
04-03-2024,648.9290771,660.2449951,663.9949951,655.7449951,658.7999878,3971180,BAJFINANCE.NS
01-03-2024,3767.700684,4094.350098,4140,4086.800049,4107.200195,2043265,TCS.NS
01-03-2024,1524.877441,1654.699951,1671.949951,1651,1669,6387291,INFY.NS
01-03-2024,1474.345459,1492.125,1500,1462.5,1463.5,12132926,RELIANCE.NS
01-03-2024,684.9961548,715.375,716.375,700,700,34738898,HDFCBANK.NS
01-03-2024,1069.371582,1086.900024,1089.949951,1054,1055,14909562,ICICIBANK.NS
01-03-2024,1113.13916,1128.699951,1140.75,1117.400024,1128,5927490,BHARTIARTL.NS
01-03-2024,356.8601379,394.3137817,397.8284302,392.38797,393.7360535,12873024,ITC.NS
01-03-2024,1526.002563,1559.25,1581.900024,1548.050049,1580,4069161,SUNPHARMA.NS
01-03-2024,645.8822632,657.1450195,660.8699951,650.210022,651.1749878,9190800,BAJFINANCE.NS
29-02-2024,3768.391113,4095.100098,4138.100098,4064.550049,4099,3772719,TCS.NS
29-02-2024,1542.571167,1673.900024,1682.25,1653.300049,1665,7814722,INFY.NS
29-02-2024,1443.393799,1460.800049,1478.974976,1454.525024,1465,23628976,RELIANCE.NS
29-02-2024,671.9019165,701.7000122,705.2000122,698.6500244,701.0499878,53295700,HDFCBANK.NS
29-02-2024,1035.231201,1052.199951,1060.699951,1038.5,1043.050049,20944844,ICICIBANK.NS
29-02-2024,1107.862793,1123.349976,1137.949951,1099,1118.849976,13818650,BHARTIARTL.NS
29-02-2024,354.0714722,391.2324524,395.8063049,389.4992065,393.8323364,15468800,ITC.NS
29-02-2024,1544.303955,1577.949951,1587.800049,1556.5,1575,2350244,SUNPHARMA.NS
29-02-2024,638.4026489,649.5349731,653.9000244,636.6199951,649.9000244,16990980,BAJFINANCE.NS
28-02-2024,3790.338135,4118.950195,4154.899902,4089,4095.600098,1939225,TCS.NS
28-02-2024,1540.128906,1671.25,1687.800049,1662.050049,1670,3188916,INFY.NS
28-02-2024,1438.280396,1455.625,1491.275024,1450.175049,1483,8647950,RELIANCE.NS
28-02-2024,674.7744751,704.7000122,712.0999756,702,710.0750122,25321986,HDFCBANK.NS
28-02-2024,1029.327881,1046.199951,1064.849976,1042.150024,1063,7730332,ICICIBANK.NS
28-02-2024,1113.188354,1128.75,1152.650024,1123.5,1133.400024,5302711,BHARTIARTL.NS
28-02-2024,355.8144226,393.1582947,397.0581055,391.7139282,395.9025879,8949664,ITC.NS
28-02-2024,1540.29126,1573.849976,1587.449951,1562.650024,1586.5,578316,SUNPHARMA.NS
28-02-2024,638.7319336,649.8699951,659.6749878,647.5,657.2000122,5353210,BAJFINANCE.NS
27-02-2024,3776.948486,4104.399902,4124,3999,3999,2960475,TCS.NS
27-02-2024,1533.079346,1663.599976,1671.099976,1652.800049,1661,5159088,INFY.NS
27-02-2024,1467.947754,1485.650024,1499.949951,1478.050049,1483.025024,10826044,RELIANCE.NS
27-02-2024,679.9212646,710.0750122,713.3499756,706.5250244,706.7750244,32087150,HDFCBANK.NS
27-02-2024,1043.102173,1060.199951,1066.199951,1046.5,1050.75,10580973,ICICIBANK.NS
27-02-2024,1111.955688,1127.5,1131,1101.300049,1113,7149094,BHARTIARTL.NS
27-02-2024,358.2980652,395.9025879,397.4432678,393.3990173,394.7952576,8083518,ITC.NS
27-02-2024,1549.001587,1582.75,1585.449951,1549.050049,1556.75,2140963,SUNPHARMA.NS
27-02-2024,644.3883057,655.625,664.2000122,649.1099854,663.0999756,11503060,BAJFINANCE.NS
26-02-2024,3681.844238,4001.050049,4050,3982.75,4036,1379284,TCS.NS
26-02-2024,1529.900024,1660.150024,1674.949951,1645,1674.949951,2782438,INFY.NS
26-02-2024,1469.602661,1487.324951,1494.525024,1482.5,1493.550049,7513106,RELIANCE.NS
26-02-2024,680.9506226,711.1500244,717.4249878,706.7750244,706.7750244,23506870,HDFCBANK.NS
26-02-2024,1037.198853,1054.199951,1062.300049,1050.5,1053.099976,7875941,ICICIBANK.NS
26-02-2024,1094.746216,1110.050049,1125.900024,1104.349976,1118.099976,3186134,BHARTIARTL.NS
26-02-2024,356.5987244,394.0249329,397.7321472,392.1953735,395.8544617,8289561,ITC.NS
26-02-2024,1523.751709,1556.949951,1566.900024,1548.699951,1562,974892,SUNPHARMA.NS
26-02-2024,652.9391479,664.3250122,670.7999878,662.4199829,669,8920560,BAJFINANCE.NS
23-02-2024,3728.821289,4052.100098,4130,4046.399902,4130,2538072,TCS.NS
23-02-2024,1545.289673,1676.849976,1698.449951,1671.900024,1697,5373072,INFY.NS
23-02-2024,1475.827637,1493.625,1497.550049,1483.349976,1489.5,14438584,RELIANCE.NS
23-02-2024,680.1367188,710.2999878,716.9500122,709,711.2750244,29833452,HDFCBANK.NS
23-02-2024,1044.18457,1061.300049,1070,1057.650024,1070,13142759,ICICIBANK.NS
23-02-2024,1110.229736,1125.75,1131.849976,1115.300049,1127,6709844,BHARTIARTL.NS
23-02-2024,358.5159607,396.1433411,400.4764404,395.2767029,400.4764404,11576964,ITC.NS
23-02-2024,1527.960083,1561.25,1568.449951,1550.400024,1558,1340283,SUNPHARMA.NS
23-02-2024,658.305542,669.7849731,671.9000244,663.2600098,667.4000244,12803110,BAJFINANCE.NS
22-02-2024,3761.028809,4087.100098,4094.949951,3971,3971,2982052,TCS.NS
22-02-2024,1549.436646,1681.349976,1684.599976,1644.400024,1665,5841277,INFY.NS
22-02-2024,1464.094116,1481.75,1484.949951,1458,1468.150024,18493728,RELIANCE.NS
22-02-2024,679.6340332,709.7750244,714.4000244,706.0999756,708.875,50560882,HDFCBANK.NS
22-02-2024,1045.56189,1062.699951,1066,1040.300049,1056,13432573,ICICIBANK.NS
22-02-2024,1119.894653,1135.550049,1138.75,1097.650024,1137.599976,8642368,BHARTIARTL.NS
22-02-2024,361.1738586,399.0802307,399.7542725,388.4881592,391.8102112,19321180,ITC.NS
22-02-2024,1524.828369,1558.050049,1561,1535,1549.599976,1981678,SUNPHARMA.NS
22-02-2024,656.0548096,667.4949951,670.6849976,656.0999756,669.1049805,10223740,BAJFINANCE.NS
21-02-2024,3673.055664,3991.5,4063.350098,3980.600098,4013,1885939,TCS.NS
21-02-2024,1525.660889,1655.550049,1674,1645.300049,1674,4300508,INFY.NS
21-02-2024,1450.211548,1467.699951,1488.525024,1457.550049,1474,12720292,RELIANCE.NS
21-02-2024,689.0177612,719.5750122,732,717.5,732,45893136,HDFCBANK.NS
21-02-2024,1034.985107,1051.949951,1064,1048,1056.800049,15946325,ICICIBANK.NS
21-02-2024,1124.184692,1139.900024,1159.150024,1132.599976,1155,4570259,BHARTIARTL.NS
21-02-2024,351.5007324,388.3918762,394.8915405,386.4178772,391.9064941,20162369,ITC.NS
21-02-2024,1510.490601,1543.400024,1549.5,1533,1540.050049,1993748,SUNPHARMA.NS
21-02-2024,657.4161377,668.8800049,679,666.5050049,679,8549440,BAJFINANCE.NS
20-02-2024,3709.082275,4030.649902,4098,4010,4082.100098,1193648,TCS.NS
20-02-2024,1553.03064,1685.25,1694.25,1668.75,1685,3706389,INFY.NS
20-02-2024,1453.496826,1471.025024,1475.5,1461.800049,1475.025024,7117496,RELIANCE.NS
20-02-2024,696.2711792,727.1500244,728.625,705.9000244,707.5,56133508,HDFCBANK.NS
20-02-2024,1031.836792,1048.75,1052.650024,1033.25,1041.050049,11293528,ICICIBANK.NS
20-02-2024,1128.178833,1143.949951,1151.599976,1135,1145,5397418,BHARTIARTL.NS
20-02-2024,353.8972473,391.0398865,395.2285767,389.3066406,395.2285767,14626643,ITC.NS
20-02-2024,1505.890747,1538.699951,1542,1512.25,1532,2230669,SUNPHARMA.NS
20-02-2024,664.7678223,676.3599854,679.2000122,668.125,671.1900024,11067090,BAJFINANCE.NS
19-02-2024,3776.396973,4103.799805,4128.299805,4055,4123.049805,772291,TCS.NS
19-02-2024,1566.393066,1699.75,1711.5,1687.699951,1705,3690993,INFY.NS
19-02-2024,1456.436401,1474,1479.5,1453.525024,1462.050049,6729828,RELIANCE.NS
19-02-2024,678.4609985,708.5499878,714.5,707.5999756,714.5,34451756,HDFCBANK.NS
19-02-2024,1026.91748,1043.75,1046,1023.349976,1023.349976,9388255,ICICIBANK.NS
19-02-2024,1126.453003,1142.199951,1145,1118.349976,1121.050049,4711035,BHARTIARTL.NS
19-02-2024,356.6423035,394.0730591,397.4432678,389.59552,389.9806824,17602580,ITC.NS
19-02-2024,1497.474121,1530.099976,1532.75,1507.400024,1514.849976,777823,SUNPHARMA.NS
19-02-2024,659.7749634,671.2800293,680.6900024,662.5300293,664.8900146,13158810,BAJFINANCE.NS
16-02-2024,3798.941895,4128.299805,4147.950195,4100.100098,4113.25,1307556,TCS.NS
16-02-2024,1568.143921,1701.650024,1709,1687.949951,1689,4880654,INFY.NS
16-02-2024,1443.171387,1460.574951,1477,1458.550049,1476.474976,9767498,RELIANCE.NS
16-02-2024,679.8015747,709.9500122,713.8499756,704.2249756,711.9500122,32175742,HDFCBANK.NS
16-02-2024,1006.748108,1023.25,1026.199951,1016.900024,1023.200012,7159395,ICICIBANK.NS
16-02-2024,1104.559082,1120,1127.050049,1116.849976,1124,3091952,BHARTIARTL.NS
16-02-2024,352.5900574,389.59552,394.3619385,384.5883484,389.9806824,38963810,ITC.NS
16-02-2024,1477.753906,1509.949951,1522,1504.849976,1515,3480879,SUNPHARMA.NS
16-02-2024,650.5753174,661.9199829,666,660.2000122,665.0050049,10294310,BAJFINANCE.NS
15-02-2024,3775.844971,4103.200195,4146.299805,4083,4128,1091582,TCS.NS
15-02-2024,1544.828857,1676.349976,1687.75,1661.599976,1677,4834391,INFY.NS
15-02-2024,1453.076904,1470.599976,1484.724976,1466.525024,1483.349976,10006782,RELIANCE.NS
15-02-2024,677.0007935,707.0250244,707.75,692.1749878,692.5,41584944,HDFCBANK.NS
15-02-2024,1000.254517,1016.650024,1026.650024,1006.599976,1022.849976,10069878,ICICIBANK.NS
15-02-2024,1105.24939,1120.699951,1131.449951,1109.400024,1122.300049,5056712,BHARTIARTL.NS
15-02-2024,351.980011,388.9214783,399.1765137,388.1992798,397.6839905,21169031,ITC.NS
15-02-2024,1477.704834,1509.900024,1529.050049,1505.550049,1529.050049,2161691,SUNPHARMA.NS
15-02-2024,650.5950317,661.9400024,667.7399902,658.5650024,664.5999756,8808590,BAJFINANCE.NS
14-02-2024,3772.991943,4100.100098,4114.899902,4049.5,4107,1391283,TCS.NS
14-02-2024,1535.475342,1666.199951,1669.449951,1635.5,1660.199951,3768579,INFY.NS
14-02-2024,1463.723633,1481.375,1483.650024,1457.5,1457.5,7117888,RELIANCE.NS
14-02-2024,662.6377563,692.0250244,695.75,681.7750244,688,91320810,HDFCBANK.NS
14-02-2024,1006.20697,1022.700012,1035.699951,1007.549988,1009.549988,17878720,ICICIBANK.NS
14-02-2024,1100.466187,1115.849976,1121.150024,1104.699951,1110,4653070,BHARTIARTL.NS
14-02-2024,358.646637,396.2877808,396.9618225,389.4029236,390.9436035,12618012,ITC.NS
14-02-2024,1487.981079,1520.400024,1545.800049,1508.050049,1545.800049,2105672,SUNPHARMA.NS
14-02-2024,653.258667,664.6500244,665.5999756,655,656.3850098,6361260,BAJFINANCE.NS
13-02-2024,3818.450439,4149.5,4170,4081.5,4125.450195,1257415,TCS.NS
13-02-2024,1552.38562,1684.550049,1689.099976,1663.5,1683,2696481,INFY.NS
13-02-2024,1447.642578,1465.099976,1479,1454,1455.5,7715594,RELIANCE.NS
13-02-2024,667.6168823,697.2249756,702.1749878,692.1749878,695.9749756,57580994,HDFCBANK.NS
13-02-2024,1003.353699,1019.799988,1027.050049,1000.299988,1006,18706292,ICICIBANK.NS
13-02-2024,1102.438721,1117.849976,1125,1103.800049,1111,3211554,BHARTIARTL.NS
13-02-2024,354.4636536,391.6657715,395.5655823,388.3437195,391.8102112,16207766,ITC.NS
13-02-2024,1509.316162,1542.199951,1551,1525.449951,1537.5,4687838,SUNPHARMA.NS
13-02-2024,649.0470581,660.3649902,663.9000244,655.3099976,660,9480140,BAJFINANCE.NS
12-02-2024,3791.94873,4120.700195,4159.600098,4105.549805,4130,1013716,TCS.NS
12-02-2024,1548.28479,1680.099976,1692.949951,1670.349976,1670.349976,3555808,INFY.NS
12-02-2024,1435.044312,1452.349976,1461,1442.349976,1460.75,6674430,RELIANCE.NS
12-02-2024,665.4864502,695,706.8250122,691.6749878,699.8250122,34447812,HDFCBANK.NS
12-02-2024,980.0358887,996.0999756,1012.200012,985.25,1010.400024,8050066,ICICIBANK.NS
12-02-2024,1103.276978,1118.699951,1129,1111.300049,1122.900024,3887976,BHARTIARTL.NS
12-02-2024,354.5507813,391.7620544,402.4985657,390.9917297,402.0652466,11326971,ITC.NS
12-02-2024,1501.731323,1534.449951,1555.099976,1521.099976,1539.849976,4059288,SUNPHARMA.NS
12-02-2024,645.656189,656.914978,667.1849976,655.1500244,666.9450073,5447840,BAJFINANCE.NS
09-02-2024,3803.911621,4133.700195,4184.75,4100,4136.549805,2100596,TCS.NS
09-02-2024,1538.378052,1669.349976,1692.900024,1659.800049,1684.699951,4600004,INFY.NS
09-02-2024,1443.344482,1460.75,1471.974976,1450.949951,1454,12556798,RELIANCE.NS
09-02-2024,671.9976807,701.7999878,707.0999756,693.5,696.0750122,56642124,HDFCBANK.NS
09-02-2024,994.4005127,1010.700012,1013.75,985.5,988.8499756,12799837,ICICIBANK.NS
09-02-2024,1104.805664,1120.25,1145.949951,1116.25,1145.949951,4203171,BHARTIARTL.NS
09-02-2024,362.0888367,400.0912781,408.4686584,393.4471741,394.8915405,33527317,ITC.NS
09-02-2024,1502.074097,1534.800049,1539,1492.25,1500.900024,6343881,SUNPHARMA.NS
09-02-2024,654.0449219,665.4500122,667.7700195,657.2000122,658,12098740,BAJFINANCE.NS
08-02-2024,3804.279297,4134.100098,4158,4086.050049,4090,2345173,TCS.NS
08-02-2024,1559.343262,1692.099976,1706.349976,1682.800049,1698,5919715,INFY.NS
08-02-2024,1432.845947,1450.125,1459.474976,1427.525024,1450,14694634,RELIANCE.NS
08-02-2024,671.734375,701.5250244,719.4749756,700.25,714.9249878,69106124,HDFCBANK.NS
08-02-2024,973.3455811,989.2999878,1028.25,985.25,1024.099976,20565502,ICICIBANK.NS
08-02-2024,1126.403687,1142.150024,1146.5,1116.199951,1144.400024,6519392,BHARTIARTL.NS
08-02-2024,361.2609863,399.1765137,413.1869202,393.4471741,413.0906372,50039587,ITC.NS
08-02-2024,1459.305786,1499.599976,1507.5,1485.349976,1501.050049,2213750,SUNPHARMA.NS
08-02-2024,646.2950439,657.5650024,673.75,653.6699829,673.1849976,21932090,BAJFINANCE.NS
07-02-2024,3757.624023,4083.399902,4155,4073.949951,4153,2124267,TCS.NS
07-02-2024,1560.86377,1693.75,1729,1686.849976,1729,4613877,INFY.NS
07-02-2024,1424.966064,1442.150024,1449.5,1429.25,1435.925049,9296568,RELIANCE.NS
07-02-2024,684.6130981,714.9749756,726.9000244,713.3250122,726.5,54837086,HDFCBANK.NS
07-02-2024,1005.665833,1022.150024,1031.550049,1013,1028,16410895,ICICIBANK.NS
07-02-2024,1118.661865,1134.300049,1148.25,1131.800049,1138.800049,2770694,BHARTIARTL.NS
07-02-2024,370.6371765,415.7868042,418.8681335,414.8238831,418.8681335,13376903,ITC.NS
07-02-2024,1455.99707,1496.199951,1500.449951,1480.400024,1483,2259235,SUNPHARMA.NS
07-02-2024,659.4210815,670.9199829,673.7600098,662.5250244,664.0999756,15382370,BAJFINANCE.NS
06-02-2024,3806.027832,4136,4149.899902,3990,3997,4474396,TCS.NS
06-02-2024,1593.762817,1729.449951,1733,1673.949951,1686.75,7694265,INFY.NS
06-02-2024,1410.786987,1427.800049,1441.849976,1419.824951,1441.849976,9047984,RELIANCE.NS
06-02-2024,691.3876343,722.0499878,724.8499756,716.2999878,722.7750244,41075740,HDFCBANK.NS
06-02-2024,1009.84729,1026.400024,1034.900024,1016.700012,1023.549988,12886927,ICICIBANK.NS
06-02-2024,1118.415405,1134.050049,1156.099976,1123,1125,9863065,BHARTIARTL.NS
06-02-2024,370.2938538,415.4016418,424.5493164,413.5720825,423.6827087,19487043,ITC.NS
06-02-2024,1435.463989,1475.099976,1478,1446.550049,1450,1893995,SUNPHARMA.NS
06-02-2024,648.5064697,659.8150024,669.9000244,653.5,664.7999878,24395330,BAJFINANCE.NS
05-02-2024,3656.308105,3973.300049,4022,3962.100098,3983,1691523,TCS.NS
05-02-2024,1554.827637,1687.199951,1700.75,1681.849976,1694.75,3634135,INFY.NS
05-02-2024,1421.878296,1439.025024,1470.5,1431.525024,1460.75,8814432,RELIANCE.NS
05-02-2024,691.7467651,722.4249878,725.9500122,717.0250244,723,38605046,HDFCBANK.NS
05-02-2024,1006.99408,1023.5,1026.449951,1012.099976,1022.5,12948430,ICICIBANK.NS
05-02-2024,1098.19812,1113.550049,1159.650024,1110,1154.349976,7809331,BHARTIARTL.NS
05-02-2024,376.0019226,421.8050232,427.1973572,420.3606567,425.608551,12505666,ITC.NS
05-02-2024,1424.467651,1463.800049,1466,1423.599976,1426.800049,3481964,SUNPHARMA.NS
05-02-2024,649.4942627,660.8200073,689.5,660,689.4000244,17712220,BAJFINANCE.NS
02-02-2024,3649.866455,3966.300049,3984.399902,3872,3875.050049,2826510,TCS.NS
02-02-2024,1560.495117,1693.349976,1718.5,1665,1666.050049,7858483,INFY.NS
02-02-2024,1440.330688,1457.699951,1474.900024,1433.175049,1433.175049,19652588,RELIANCE.NS
02-02-2024,692.3691406,723.0750122,740.4249878,721.0250244,737.5,44867754,HDFCBANK.NS
02-02-2024,1007.485962,1024,1050,1021.650024,1037.099976,14774650,ICICIBANK.NS
02-02-2024,1134.934448,1150.800049,1175.199951,1145.300049,1155,4969983,BHARTIARTL.NS
02-02-2024,377.7615662,423.7789917,430.6156921,423.2012634,428.4972839,17816750,ITC.NS
02-02-2024,1378.584595,1416.650024,1433.849976,1405.150024,1409,1775449,SUNPHARMA.NS
02-02-2024,673.0927124,684.8300171,691,675.2999878,675.5,13675080,BAJFINANCE.NS
01-02-2024,3546.664063,3854.149902,3904.899902,3805.050049,3820,2363107,TCS.NS
01-02-2024,1527.043213,1657.050049,1677,1650.349976,1659.550049,5760011,INFY.NS
01-02-2024,1409.650635,1426.650024,1443.349976,1418.050049,1435,13349362,RELIANCE.NS
01-02-2024,702.0402832,733.1749878,736.7999878,728.0250244,732.5250244,32690740,HDFCBANK.NS
01-02-2024,1008.617493,1025.150024,1033.949951,1017.400024,1033.949951,13058880,ICICIBANK.NS
01-02-2024,1135.328857,1151.199951,1170.199951,1148.949951,1165.050049,3606209,BHARTIARTL.NS
01-02-2024,380.164978,426.4751587,431.1452942,423.008667,425.608551,19903526,ITC.NS
01-02-2024,1370.11853,1407.949951,1430.449951,1398.900024,1427,2442481,SUNPHARMA.NS
01-02-2024,662.7727051,674.3300171,687.9949951,673.2999878,686.5900269,19111370,BAJFINANCE.NS
31-01-2024,3511.511719,3815.949951,3834,3796.449951,3811.199951,2459358,TCS.NS
31-01-2024,1530.591187,1660.900024,1667.25,1638.099976,1648.25,6763779,INFY.NS
31-01-2024,1409.625977,1426.625,1434.25,1402.5,1404,15130226,RELIANCE.NS
31-01-2024,700.2210083,731.2750244,737.4749756,718.4000244,719.75,65761040,HDFCBANK.NS
31-01-2024,1011.569092,1028.150024,1039,1003.25,1016.799988,25627447,ICICIBANK.NS
31-01-2024,1154.560059,1170.699951,1175.050049,1146.199951,1159,5981966,BHARTIARTL.NS
31-01-2024,379.006134,425.1752319,426.0899963,422.4309082,423.6827087,20648695,ITC.NS
31-01-2024,1380.336182,1418.449951,1438.900024,1366.900024,1371.699951,5796356,SUNPHARMA.NS
31-01-2024,674.5276489,686.289978,692.0999756,681.2000122,682,18105120,BAJFINANCE.NS
30-01-2024,3497.340088,3800.550049,3847.800049,3787,3807.449951,1411621,TCS.NS
30-01-2024,1521.882446,1651.449951,1690,1648.25,1662.449951,4995943,INFY.NS
30-01-2024,1390.852417,1407.625,1459.974976,1404.425049,1459.949951,14093978,RELIANCE.NS
30-01-2024,691.4834595,722.1500244,731.5999756,720.4500122,727.2750244,41728768,HDFCBANK.NS
30-01-2024,1000.500549,1016.900024,1023.849976,1008,1014.950012,16085742,ICICIBANK.NS
30-01-2024,1142.67627,1158.650024,1180.849976,1154.550049,1162.150024,3902023,BHARTIARTL.NS
30-01-2024,376.0019226,421.8050232,436.8746338,421.1791382,430.4231262,45190319,ITC.NS
30-01-2024,1334.890991,1371.75,1409.199951,1369.150024,1401.900024,1935332,SUNPHARMA.NS
30-01-2024,670.0360107,681.7199707,698.8499756,680.5,698.8499756,41531470,BAJFINANCE.NS
29-01-2024,3497.753906,3801,3820,3780.850098,3800.800049,1646747,TCS.NS
29-01-2024,1526.62854,1656.599976,1679.349976,1647.599976,1665.150024,4253785,INFY.NS
29-01-2024,1430.795654,1448.050049,1452.5,1360.175049,1364.5,23893438,RELIANCE.NS
29-01-2024,696.4387207,727.3250122,731.4000244,722.9000244,724.0250244,65645498,HDFCBANK.NS
29-01-2024,1000.008545,1016.400024,1032,1010,1020,14078922,ICICIBANK.NS
29-01-2024,1146.12793,1162.150024,1169.75,1158,1158,4015858,BHARTIARTL.NS
29-01-2024,386.0875549,433.1192627,440.2929993,430.9045715,438.9930725,18557346,ITC.NS
29-01-2024,1363.209106,1400.849976,1420.849976,1355.199951,1365,3413149,SUNPHARMA.NS
29-01-2024,706.8392334,719.164978,722.4949951,708.5100098,708.5499878,18603610,BAJFINANCE.NS
25-01-2024,3506.312012,3810.300049,3861,3778.699951,3839.899902,2205154,TCS.NS
25-01-2024,1538.147705,1669.099976,1680.550049,1658,1672.949951,8865304,INFY.NS
25-01-2024,1336.952393,1353.074951,1364.150024,1335.199951,1342.949951,11808872,RELIANCE.NS
25-01-2024,686.9830933,717.4500122,728.6749878,709.7000122,726.25,98941852,HDFCBANK.NS
25-01-2024,993.6625977,1009.950012,1015.099976,988.1500244,998.4000244,28315035,ICICIBANK.NS
25-01-2024,1144.550049,1160.550049,1200.650024,1157.050049,1186,11424697,BHARTIARTL.NS
25-01-2024,391.1089783,438.7523193,447.707428,435.3339844,446.359375,20435547,ITC.NS
25-01-2024,1331.533936,1368.300049,1390.099976,1348.5,1383.550049,1870910,SUNPHARMA.NS
25-01-2024,696.40625,708.5499878,712.5800171,703.5999756,705.5300293,11683490,BAJFINANCE.NS
24-01-2024,3535.299316,3841.800049,3883.649902,3805.600098,3880,2657709,TCS.NS
24-01-2024,1543.953613,1675.400024,1680,1645,1659.900024,8999681,INFY.NS
24-01-2024,1327.861938,1343.875,1349.5,1323.925049,1335.224976,21919128,RELIANCE.NS
24-01-2024,697.0371094,727.9500122,729.2249756,690.125,690.125,86004404,HDFCBANK.NS
24-01-2024,983.0859375,999.2000122,1035.949951,996.6500244,1029.449951,34578943,ICICIBANK.NS
24-01-2024,1173.544678,1189.949951,1194,1140.099976,1140.099976,9546592,BHARTIARTL.NS
24-01-2024,397.9328613,446.4075012,450.0665894,441.1114807,443.0372925,22459072,ITC.NS
24-01-2024,1344.963013,1382.099976,1390,1360.349976,1380,1719845,SUNPHARMA.NS
24-01-2024,693.4379883,705.5300293,710.4000244,699.6799927,710.4000244,20636750,BAJFINANCE.NS
23-01-2024,3550.436523,3858.25,3933.899902,3842.75,3900,2618854,TCS.NS
23-01-2024,1513.312256,1642.150024,1674.699951,1637.699951,1650.099976,9401255,INFY.NS
23-01-2024,1312.744263,1328.574951,1371.75,1322.550049,1371.75,20055420,RELIANCE.NS
23-01-2024,683.3682861,713.6749878,737.3499756,712.5,732.5,115469402,HDFCBANK.NS
23-01-2024,1012.45459,1029.050049,1059.400024,1021.200012,1059.099976,50797448,ICICIBANK.NS
23-01-2024,1142.035156,1158,1172.550049,1135,1145,18194595,BHARTIARTL.NS
23-01-2024,394.2419434,442.2669678,456.1810913,439.4745178,456.1810913,8728196,ITC.NS
23-01-2024,1341.265137,1378.300049,1394.599976,1316,1316,4129729,SUNPHARMA.NS
23-01-2024,694.9515991,707.0700073,735.5,704.2600098,735.289978,25332970,BAJFINANCE.NS
19-01-2024,3628.471436,3943.050049,3963.550049,3915.050049,3945,2941975,TCS.NS
19-01-2024,1529.024414,1659.199951,1665.5,1644.150024,1651.599976,4522736,INFY.NS
19-01-2024,1351.156006,1367.449951,1376,1359,1376,10422704,RELIANCE.NS
19-01-2024,704.098999,735.3250122,755.125,734.2000122,752.9749756,109600538,HDFCBANK.NS
19-01-2024,983.0859375,999.2000122,1010.900024,987.5499878,991.2999878,23271148,ICICIBANK.NS
19-01-2024,1109.490112,1125,1136.349976,1089.800049,1091,11753391,BHARTIARTL.NS
19-01-2024,404.7138367,454.0145264,455.4589233,449.1036682,451.1739502,12673308,ITC.NS
19-01-2024,1299.712524,1335.599976,1344.400024,1329.150024,1340,1605745,SUNPHARMA.NS
19-01-2024,719.3658447,731.9099731,738.8800049,726.125,736,8308100,BAJFINANCE.NS
18-01-2024,3566.402832,3902.600098,3908.800049,3862,3898,2239110,TCS.NS
18-01-2024,1513.726929,1642.599976,1649,1628.25,1642.650024,6375464,INFY.NS
18-01-2024,1351.650024,1367.949951,1371,1351.25,1351.400024,10279438,RELIANCE.NS
18-01-2024,711.5198975,743.0750122,757.5,740.0250244,747,161070930,HDFCBANK.NS
18-01-2024,970.4431152,986.3499756,994.2999878,970.1500244,973.9500122,17902484,ICICIBANK.NS
18-01-2024,1072.063354,1087.050049,1096,1075.199951,1075.199951,4407330,BHARTIARTL.NS
18-01-2024,399.5637817,448.2370605,450.4999084,437.6931152,447.9963074,9495938,ITC.NS
18-01-2024,1299.858643,1335.75,1343.400024,1290,1298.949951,2842572,SUNPHARMA.NS
18-01-2024,714.1026001,726.5549927,735.1749878,723.4000244,729.5999756,16869960,BAJFINANCE.NS
17-01-2024,3549.953369,3884.600098,3909.949951,3812.550049,3819,3458696,TCS.NS
17-01-2024,1511.515015,1640.199951,1647.5,1620.25,1620.25,9209876,INFY.NS
17-01-2024,1345.351074,1361.574951,1386.275024,1355.025024,1359.5,12197382,RELIANCE.NS
17-01-2024,736.1045532,768.75,798.4000244,764.2000122,785,170145236,HDFCBANK.NS
17-01-2024,965.9173584,981.75,1007.799988,976.75,987.9000244,41914771,ICICIBANK.NS
17-01-2024,1070.288208,1085.25,1108.949951,1078.800049,1092,4568700,BHARTIARTL.NS
17-01-2024,400.5079346,449.2962646,459.3105774,447.9481812,453.9182434,11536527,ITC.NS
17-01-2024,1264.095947,1299,1320.449951,1294.349976,1312,2544642,SUNPHARMA.NS
17-01-2024,723.2727051,735.8850098,747.8200073,730.2199707,730.3300171,13802710,BAJFINANCE.NS
16-01-2024,3528.660156,3861.300049,3899,3855.550049,3899,1432672,TCS.NS
16-01-2024,1503.543823,1631.550049,1648.5,1625,1644.800049,6500917,INFY.NS
16-01-2024,1358.245605,1374.625,1396.300049,1370.5,1389.974976,9069024,RELIANCE.NS
16-01-2024,803.921936,839.5750122,841.8250122,829.0499878,836.5,25322500,HDFCBANK.NS
16-01-2024,992.7770996,1009.049988,1015.799988,1004.599976,1006.099976,11505126,ICICIBANK.NS
16-01-2024,1080.79126,1095.900024,1117,1093,1107,5025540,BHARTIARTL.NS
16-01-2024,405.4005127,454.7848816,457.3847351,447.0334167,450.4517517,12531058,ITC.NS
16-01-2024,1278.157593,1313.449951,1331.550049,1307.550049,1330.050049,824502,SUNPHARMA.NS
16-01-2024,732.8851318,745.664978,761.4500122,742.789978,747.5,11947230,BAJFINANCE.NS
15-01-2024,3567.499268,3903.800049,3965,3885,3960,2801505,TCS.NS
15-01-2024,1522.481567,1652.099976,1664.949951,1636,1644.949951,13228305,INFY.NS
15-01-2024,1377.513062,1394.125,1396.449951,1366,1375,8610594,RELIANCE.NS
15-01-2024,800.8817139,836.4000244,840.4500122,821.7999878,823.8499756,28320356,HDFCBANK.NS
15-01-2024,993.5641479,1009.849976,1011.650024,999.25,1003.5,12388044,ICICIBANK.NS
15-01-2024,1087.201782,1102.400024,1104.699951,1074.550049,1078.050049,3312897,BHARTIARTL.NS
15-01-2024,401.3663025,450.2591553,453.0516357,448.8147888,452.5701599,7167978,ITC.NS
15-01-2024,1293.630371,1329.349976,1340,1321.599976,1329.199951,1475983,SUNPHARMA.NS
15-01-2024,734.9833984,747.7999878,769.7949829,745.4000244,769.7949829,9972200,BAJFINANCE.NS
12-01-2024,3548.308105,3882.800049,3905.25,3821.600098,3848,6813450,TCS.NS
12-01-2024,1486.218872,1612.75,1618,1555.400024,1562,26754401,INFY.NS
12-01-2024,1354.39209,1370.724976,1373.324951,1345.75,1359.900024,15012164,RELIANCE.NS
12-01-2024,785.7526855,820.5999756,828,816.7999878,826,19773552,HDFCBANK.NS
12-01-2024,987.3165894,1003.5,1008.700012,991.75,994.7999878,12255743,ICICIBANK.NS
12-01-2024,1061.510742,1076.349976,1078.550049,1051.599976,1058.099976,3394013,BHARTIARTL.NS
12-01-2024,400.5937805,449.3925476,450.3554688,443.2780457,446.0704956,9714589,ITC.NS
12-01-2024,1290.321655,1325.949951,1330,1305.550049,1319,1538242,SUNPHARMA.NS
12-01-2024,752.9748535,766.1049805,771.8950195,761.7000122,768.4000244,8086380,BAJFINANCE.NS
11-01-2024,3413.743652,3735.550049,3773,3707,3724,1777909,TCS.NS
11-01-2024,1376.969727,1494.199951,1525,1486.599976,1524.900024,11296088,INFY.NS
11-01-2024,1343.696045,1359.900024,1362.5,1328.5,1329.5,23725852,RELIANCE.NS
11-01-2024,789.4871216,824.5,831.4500122,821.5,830,18314010,HDFCBANK.NS
11-01-2024,975.1657715,991.1500244,998.5,986.8499756,995.2999878,6451345,ICICIBANK.NS
11-01-2024,1048.196899,1062.849976,1073.900024,1057.349976,1065.75,2604325,BHARTIARTL.NS
11-01-2024,397.1174622,445.4927368,449.2481079,444.0002136,446.8889771,6786448,ITC.NS
11-01-2024,1280.882446,1316.25,1331.900024,1310.199951,1328,1320281,SUNPHARMA.NS
11-01-2024,753.829834,766.9749756,779.3300171,765.1049805,768,6517410,BAJFINANCE.NS
10-01-2024,3393.181641,3713.050049,3729.25,3688,3690,1292227,TCS.NS
10-01-2024,1400.653442,1519.900024,1535.449951,1505,1524.949951,4096845,INFY.NS
10-01-2024,1309.261475,1325.050049,1329.5,1287.525024,1288.5,11102740,RELIANCE.NS
10-01-2024,792.8144531,827.9749756,829.9749756,820.7000122,821.5,16115824,HDFCBANK.NS
10-01-2024,977.0350952,993.0499878,994.9500122,974.2999878,974.2999878,9409181,ICICIBANK.NS
10-01-2024,1048.04895,1062.699951,1073.300049,1055.300049,1066.949951,3111573,BHARTIARTL.NS
10-01-2024,397.675354,446.1186218,449.4407043,442.9891663,447.3222656,6123200,ITC.NS
10-01-2024,1289.251221,1324.849976,1333.5,1313.150024,1330.050049,1278475,SUNPHARMA.NS
10-01-2024,754.8913574,768.0549927,773.5250244,766,771.5999756,5590720,BAJFINANCE.NS
09-01-2024,3372.025635,3689.899902,3752.350098,3682.75,3709.949951,1370944,TCS.NS
09-01-2024,1409.316162,1529.300049,1553,1525.849976,1541.900024,4412074,INFY.NS
09-01-2024,1274.875977,1290.25,1303.400024,1288.599976,1300,5403074,RELIANCE.NS
09-01-2024,790.2052002,825.25,838.9000244,823.375,833.5750122,25326888,HDFCBANK.NS
09-01-2024,963.949585,979.75,995,975.4000244,986.25,14660414,ICICIBANK.NS
09-01-2024,1049.824219,1064.5,1067.900024,1048.050049,1057,3371125,BHARTIARTL.NS
09-01-2024,398.7483215,447.3222656,452.5220337,446.455658,450.1628723,5916180,ITC.NS
09-01-2024,1288.424194,1324,1333.449951,1306.849976,1314.949951,1712486,SUNPHARMA.NS
09-01-2024,759.3043213,772.5449829,781,769.7999878,777.4000244,12470830,BAJFINANCE.NS
08-01-2024,3361.425537,3678.300049,3739.75,3672.399902,3737.899902,1067805,TCS.NS
08-01-2024,1403.32605,1522.800049,1536,1513.25,1528.949951,4440136,INFY.NS
08-01-2024,1278.260254,1293.675049,1315.974976,1284.474976,1305,7734652,RELIANCE.NS
08-01-2024,796.4052734,831.7249756,841.1749878,830,839.25,17998470,HDFCBANK.NS
08-01-2024,966.1633301,982,998.2000122,980.2999878,994,8393164,ICICIBANK.NS
08-01-2024,1034.58728,1049.050049,1059,1045.25,1050,4489695,BHARTIARTL.NS
08-01-2024,399.5637817,448.2370605,457.8662109,447.3222656,457.3847351,8311403,ITC.NS
08-01-2024,1270.226685,1305.300049,1309.949951,1299.300049,1305.400024,1678133,SUNPHARMA.NS
08-01-2024,760.3413086,773.5999756,783,763.1300049,767.7000122,11212090,BAJFINANCE.NS
05-01-2024,3415.890625,3737.899902,3747.75,3674.850098,3675,1963127,TCS.NS
05-01-2024,1412.311035,1532.550049,1539.699951,1506.25,1506.75,8895403,INFY.NS
05-01-2024,1288.313843,1303.849976,1309.925049,1299,1301.449951,8086406,RELIANCE.NS
05-01-2024,805.3822021,841.0999756,852.4500122,834.0499878,843.5750122,31889470,HDFCBANK.NS
05-01-2024,977.6746216,993.7000122,998.2999878,983.7999878,988,14875499,ICICIBANK.NS
05-01-2024,1032.171021,1046.599976,1063.650024,1038.949951,1053.800049,4008221,BHARTIARTL.NS
05-01-2024,406.8168335,456.3736877,461.621582,454.4960022,461.621582,9564086,ITC.NS
05-01-2024,1265.26355,1300.199951,1318,1287,1318,2960339,SUNPHARMA.NS
05-01-2024,757.8989258,771.1149902,778.9000244,767.3099976,773.4949951,10526010,BAJFINANCE.NS
04-01-2024,3350.91626,3666.800049,3719,3651,3701.75,3598144,TCS.NS
04-01-2024,1394.018311,1512.699951,1519.75,1492.900024,1504.949951,7056038,INFY.NS
04-01-2024,1282.854736,1298.324951,1304.925049,1289.550049,1294,9612778,RELIANCE.NS
04-01-2024,809.5235596,845.4249878,847.4749756,835.3499756,839,26734056,HDFCBANK.NS
04-01-2024,971.2302856,987.1500244,989.1500244,981.9000244,986.4000244,22789140,ICICIBANK.NS
04-01-2024,1033.453003,1047.900024,1058.800049,1027.550049,1035.25,4664043,BHARTIARTL.NS
04-01-2024,408.9198303,458.7328186,463.5955505,456.6144104,462.1993103,12240910,ITC.NS
04-01-2024,1277.671021,1312.949951,1328.5,1297.050049,1304,2851729,SUNPHARMA.NS
04-01-2024,757.3485107,770.5549927,773.3950195,756,756,29118790,BAJFINANCE.NS
03-01-2024,3373.716553,3691.75,3771.850098,3687.050049,3767,1803075,TCS.NS
03-01-2024,1373.099365,1490,1519.949951,1488,1519.949951,7550363,INFY.NS
03-01-2024,1276.259277,1291.650024,1317,1288.599976,1305,9037536,RELIANCE.NS
03-01-2024,800.9296265,836.4500122,852.3499756,834.4749756,851,28389762,HDFCBANK.NS
03-01-2024,968.1802368,984.0499878,988,975.0999756,984.7000122,16826752,ICICIBANK.NS
03-01-2024,1020.928101,1035.199951,1037,1021.349976,1031.949951,3604276,BHARTIARTL.NS
03-01-2024,409.6493835,459.5513,462.8733521,451.9442749,452.8108826,24961710,ITC.NS
03-01-2024,1263.706665,1298.599976,1304.650024,1291.150024,1296.199951,1699057,SUNPHARMA.NS
03-01-2024,725.8231812,738.4799805,748.585022,736.8200073,744.4949951,5534050,BAJFINANCE.NS
02-01-2024,3457.28833,3783.199951,3811.100098,3767.25,3811.100098,1344068,TCS.NS
02-01-2024,1414.015869,1534.400024,1549.150024,1523,1546,5396313,INFY.NS
02-01-2024,1290.290039,1305.849976,1307.5,1286.5,1292.5,7448800,RELIANCE.NS
02-01-2024,813.4733276,849.5499878,851.4000244,844.3499756,849.4000244,29242092,HDFCBANK.NS
02-01-2024,966.4093018,982.25,997.6500244,980.25,997,16263825,ICICIBANK.NS
02-01-2024,1007.614258,1021.700012,1025.449951,1016,1017.400024,6865791,BHARTIARTL.NS
02-01-2024,403.7267761,452.907196,453.8700867,446.4075012,452.5701599,10924918,ITC.NS
02-01-2024,1261.371094,1296.199951,1299,1257.150024,1261,3174447,SUNPHARMA.NS
02-01-2024,730.2706909,743.0050049,744.5100098,728.0050049,732.4000244,11129900,BAJFINANCE.NS
01-01-2024,3482.784912,3811.100098,3832,3773,3790,825907,TCS.NS
01-01-2024,1429.636108,1551.349976,1557,1535.25,1539,2808451,INFY.NS
01-01-2024,1279.692871,1295.125,1303.425049,1286.574951,1290.275024,4030540,RELIANCE.NS
01-01-2024,812.9945679,849.0499878,854.5750122,846,853,14239686,HDFCBANK.NS
01-01-2024,983.2827148,999.4000244,1004.849976,991,991.5499878,7683792,ICICIBANK.NS
01-01-2024,999.0834961,1013.049988,1031.949951,1007,1031.949951,3804406,BHARTIARTL.NS
01-01-2024,401.752533,450.6924744,452.5220337,445.4927368,446.3112183,9706230,ITC.NS
01-01-2024,1226.387207,1260.25,1263.949951,1252.5,1261,733452,SUNPHARMA.NS
01-01-2024,717.3952026,729.9050293,733.6950073,727.2999878,733.6950073,3314890,BAJFINANCE.NS
29-12-2023,3466.609619,3793.399902,3822.600098,3765.399902,3792,1574996,TCS.NS
29-12-2023,1421.848999,1542.900024,1559.449951,1540,1541.050049,4388990,INFY.NS
29-12-2023,1277.074463,1292.474976,1307,1289.650024,1305.550049,10864584,RELIANCE.NS
29-12-2023,818.3328247,854.625,857.4500122,848,848.5,25011426,HDFCBANK.NS
29-12-2023,980.527832,996.5999756,1008.549988,993.7000122,1004.049988,12280140,ICICIBANK.NS
29-12-2023,1017.969421,1032.199951,1043.25,1024.400024,1033.150024,4631749,BHARTIARTL.NS
29-12-2023,396.6453552,444.9631348,450.5480347,444.2409363,446.8889771,13384631,ITC.NS
29-12-2023,1225.608521,1259.449951,1271.949951,1252.550049,1262.099976,1840160,SUNPHARMA.NS
29-12-2023,720.2160645,732.7750244,734.2999878,720.5150146,723.164978,9128020,BAJFINANCE.NS
28-12-2023,3472.549561,3799.899902,3838,3792.100098,3824,1682889,TCS.NS
28-12-2023,1440.049438,1562.650024,1568.949951,1555,1568.949951,5702253,INFY.NS
28-12-2023,1287.251831,1302.775024,1306,1293.425049,1294.900024,12302636,RELIANCE.NS
28-12-2023,816.4177246,852.625,860.7000122,851,854.6500244,44076470,HDFCBANK.NS
28-12-2023,989.6779175,1005.900024,1011.700012,999.0999756,1008,24915990,ICICIBANK.NS
28-12-2023,1022.40741,1036.699951,1041.949951,1022.200012,1023.900024,5288328,BHARTIARTL.NS
28-12-2023,398.3620605,446.8889771,447.4667053,439.1856384,440.2448425,21493169,ITC.NS
28-12-2023,1228.235962,1262.150024,1264.650024,1249.550049,1254.949951,2043365,SUNPHARMA.NS
28-12-2023,713.4243774,725.8649902,729,720,727.5,18560640,BAJFINANCE.NS
27-12-2023,3482.876221,3811.199951,3818.199951,3768,3799,1293976,TCS.NS
27-12-2023,1444.150391,1567.099976,1570,1544,1544,4225849,INFY.NS
27-12-2023,1278.013184,1293.425049,1299.949951,1286.550049,1291,9204156,RELIANCE.NS
27-12-2023,815.4841919,851.6500244,853.25,839.2999878,840.75,27009078,HDFCBANK.NS
27-12-2023,986.086792,1002.25,1004.900024,992,997.9500122,12996468,ICICIBANK.NS
27-12-2023,1007.121155,1021.200012,1024.050049,998,1000,4791379,BHARTIARTL.NS
27-12-2023,392.3535767,440.1485596,441.4966431,436.9227905,440.0522766,7833901,ITC.NS
27-12-2023,1218.796509,1252.449951,1255.400024,1241.25,1250,2005268,SUNPHARMA.NS
27-12-2023,710.8837891,723.2800293,732.3400269,719.0900269,721.9899902,16052790,BAJFINANCE.NS
26-12-2023,3468.574463,3795.550049,3834,3790.149902,3819.850098,1285231,TCS.NS
26-12-2023,1422.81665,1543.949951,1548,1523,1535,6878067,INFY.NS
26-12-2023,1273.665527,1289.025024,1295.974976,1281.349976,1284,7465664,RELIANCE.NS
26-12-2023,805.5018921,841.2249756,842.9749756,834.2750244,836.625,18045856,HDFCBANK.NS
26-12-2023,979.052063,995.0999756,997.5,989.9000244,994.9000244,14339699,ICICIBANK.NS
26-12-2023,986.0654297,999.8499756,1002.5,989.6500244,995,2460643,BHARTIARTL.NS
26-12-2023,391.7956543,439.5226746,441.8818054,437.8375549,439.1375122,6097422,ITC.NS
26-12-2023,1213.979858,1247.5,1250,1239.300049,1243.650024,1796483,SUNPHARMA.NS
26-12-2023,703.9545288,716.2299805,734.4000244,714.5250244,732.5,12258440,BAJFINANCE.NS
22-12-2023,3494.573486,3824,3845.949951,3762,3800,2413058,TCS.NS
22-12-2023,1440.279907,1562.900024,1566,1523,1534.949951,6741060,INFY.NS
22-12-2023,1267.24292,1282.525024,1290.449951,1273.824951,1279.800049,16541784,RELIANCE.NS
22-12-2023,799.9481201,835.4249878,842.9500122,833.5499878,841.7999878,48578850,HDFCBANK.NS
22-12-2023,978.2649536,994.2999878,1009.549988,991.5999756,1002.950012,20881976,ICICIBANK.NS
22-12-2023,975.9074707,989.5499878,998.9500122,975.5499878,981.9000244,4605120,BHARTIARTL.NS
22-12-2023,390.7226868,438.3190308,438.9930725,433.8414612,436.200592,11450973,ITC.NS
22-12-2023,1210.233154,1243.650024,1251,1236.050049,1240,2058127,SUNPHARMA.NS
22-12-2023,717.0266724,729.5300293,744,724.2999878,741.8950195,11294850,BAJFINANCE.NS
21-12-2023,3461.218018,3787.5,3806.699951,3743.350098,3756.25,1517562,TCS.NS
21-12-2023,1415.490234,1536,1546.650024,1521.25,1521.25,5319038,INFY.NS
21-12-2023,1266.007935,1281.275024,1286.75,1259.125,1263.5,13765454,RELIANCE.NS
21-12-2023,807.5365601,843.3499756,844.875,825.125,828.5,36589240,HDFCBANK.NS
21-12-2023,988.2020874,1004.400024,1010.900024,989.2000122,996.5499878,18064916,ICICIBANK.NS
21-12-2023,964.4181519,977.9000244,981.5499878,960,968,4294277,BHARTIARTL.NS
21-12-2023,387.5039063,434.7080994,436.9227905,427.9676819,432.348938,11584223,ITC.NS
21-12-2023,1200.355835,1233.5,1237.949951,1208.550049,1224.099976,1916222,SUNPHARMA.NS
21-12-2023,724.088562,736.7150269,747.7000122,730.5499878,742.6599731,9130820,BAJFINANCE.NS
20-12-2023,3454.409912,3780.050049,3898.800049,3766.550049,3827.25,2586083,TCS.NS
20-12-2023,1415.859009,1536.400024,1583.5,1530,1565.050049,6592367,INFY.NS
20-12-2023,1248.518799,1263.574951,1299.425049,1260,1285.525024,17736722,RELIANCE.NS
20-12-2023,793.3171997,828.5,834.4749756,822.2249756,829,34232520,HDFCBANK.NS
20-12-2023,990.4158325,1006.650024,1022,1002,1022,16490281,ICICIBANK.NS
20-12-2023,958.1556396,971.5499878,993.6500244,969,992.9000244,3990591,BHARTIARTL.NS
20-12-2023,387.1176453,434.2747803,442.218811,432.6378174,441.9780884,10766954,ITC.NS
20-12-2023,1199.042114,1232.150024,1255,1228.449951,1255,1837031,SUNPHARMA.NS
20-12-2023,736.5512085,749.3950195,769.5,746.0150146,765,8745460,BAJFINANCE.NS
19-12-2023,3487.445313,3816.199951,3855.100098,3790,3845,2004435,TCS.NS
19-12-2023,1436.040771,1558.300049,1573.949951,1543.25,1570.099976,4221721,INFY.NS
19-12-2023,1263.809448,1279.050049,1286.949951,1262.599976,1277.5,16820604,RELIANCE.NS
19-12-2023,791.3543091,826.4500122,829.3250122,822.0250244,825,24008446,HDFCBANK.NS
19-12-2023,999.0739136,1015.450012,1025.5,1012.599976,1025.5,10094256,ICICIBANK.NS
19-12-2023,974.8226929,988.4500122,997.9500122,985.9000244,995.4500122,3912964,BHARTIARTL.NS
19-12-2023,391.4952087,439.1856384,441.0151672,435.2858276,436.5376282,10664235,ITC.NS
19-12-2023,1211.498169,1244.949951,1267.949951,1236.5,1264.800049,2187458,SUNPHARMA.NS
19-12-2023,750.1834717,763.2650146,764.1599731,753.5,764.0999756,7914080,BAJFINANCE.NS
18-12-2023,3526.741211,3859.199951,3929,3830.149902,3858.100098,2521612,TCS.NS
18-12-2023,1441.616089,1564.349976,1593,1560.300049,1567.949951,6467243,INFY.NS
18-12-2023,1245.480347,1260.5,1267.449951,1245.474976,1247.800049,14165188,RELIANCE.NS
18-12-2023,792.6948242,827.8499756,832.3499756,825.4749756,830.3499756,18014754,HDFCBANK.NS
18-12-2023,1004.977112,1021.450012,1029.949951,1018,1029.949951,8592711,ICICIBANK.NS
18-12-2023,976.5978394,990.25,998.7999878,982.1500244,995,5750263,BHARTIARTL.NS
18-12-2023,387.6755371,434.9006653,439.0893555,433.6488647,438.1264343,12490839,ITC.NS
18-12-2023,1219.088623,1252.75,1267.900024,1234,1235.75,2135393,SUNPHARMA.NS
18-12-2023,745.7556763,758.7600098,761,752.5999756,754.7999878,10827980,BAJFINANCE.NS
15-12-2023,3528.38623,3861,3895.949951,3666.699951,3666.699951,8531230,TCS.NS
15-12-2023,1454.563843,1578.400024,1588.550049,1521,1523.050049,18395389,INFY.NS
15-12-2023,1232.931763,1247.800049,1250,1235.025024,1239,15932152,RELIANCE.NS
15-12-2023,793.1018677,828.2750244,834,823.2999878,825,138837130,HDFCBANK.NS
15-12-2023,1020.669922,1037.400024,1043.699951,1025.699951,1043.650024,14306067,ICICIBANK.NS
15-12-2023,978.8661499,992.5499878,1010.849976,988.25,999.6500244,10119597,BHARTIARTL.NS
15-12-2023,393.29776,441.2077637,445.7816162,438.1264343,444.7705383,16397959,ITC.NS
15-12-2023,1202.545288,1235.75,1246.5,1233,1241,3474624,SUNPHARMA.NS
15-12-2023,738.625,751.5050049,752.8900146,744.5,752.8850098,11739380,BAJFINANCE.NS
14-12-2023,3351.327393,3667.25,3678,3627.600098,3630,3290396,TCS.NS
14-12-2023,1383.651123,1501.449951,1511,1461.349976,1463.400024,12489858,INFY.NS
14-12-2023,1217.394043,1232.074951,1237.474976,1221.324951,1227,16972354,RELIANCE.NS
14-12-2023,790.0377197,825.0750122,829.4749756,822.5,823,35172366,HDFCBANK.NS
14-12-2023,1016.980347,1033.650024,1040,1021.25,1022.25,16317672,ICICIBANK.NS
14-12-2023,991.3417969,1005.200012,1011.200012,999.1500244,1006,6541673,BHARTIARTL.NS
14-12-2023,394.9286194,443.0372925,443.9039307,432.7822571,442.9410095,14924265,ITC.NS
14-12-2023,1198.214966,1231.300049,1239.900024,1224.25,1239,2341190,SUNPHARMA.NS
14-12-2023,734.6099854,747.4199829,751.125,730.0100098,736.8499756,17295670,BAJFINANCE.NS
13-12-2023,3283.976318,3593.550049,3650,3563,3643.550049,3850968,TCS.NS
13-12-2023,1335.316162,1449,1476.050049,1433.150024,1476,8549258,INFY.NS
13-12-2023,1202.473877,1216.974976,1219.175049,1203.150024,1211,10031182,RELIANCE.NS
13-12-2023,780.8214111,815.4500122,818,807.5499878,816.2249756,29346914,HDFCBANK.NS
13-12-2023,997.5488892,1013.900024,1020.700012,1009.200012,1014.799988,15887040,ICICIBANK.NS
13-12-2023,986.1148682,999.9000244,1002,991.5,993.2000122,4153219,BHARTIARTL.NS
13-12-2023,391.1089783,438.7523193,441.8336487,436.2969055,439.3782349,11718443,ITC.NS
13-12-2023,1199.966553,1233.099976,1239.599976,1212.650024,1218.300049,2448178,SUNPHARMA.NS
13-12-2023,713.3605347,725.7999878,730.4500122,720.7000122,729.9849854,6829550,BAJFINANCE.NS
12-12-2023,3355.759521,3672.100098,3698.399902,3631,3638.949951,2236866,TCS.NS
12-12-2023,1360.243896,1476.050049,1490,1467.650024,1477.5,6103494,INFY.NS
12-12-2023,1197.583008,1212.025024,1232.474976,1210.074951,1230,9197124,RELIANCE.NS
12-12-2023,782.5927734,817.2999878,828.125,815.9249878,827.0999756,36581476,HDFCBANK.NS
12-12-2023,999.3198242,1015.700012,1021,1008.599976,1017.099976,12380856,ICICIBANK.NS
12-12-2023,981.5289307,995.25,1000.849976,987,999.25,7119331,BHARTIARTL.NS
12-12-2023,388.920166,436.2969055,442.9410095,435.574707,437.3561096,10549319,ITC.NS
12-12-2023,1185.272339,1218,1250,1212.650024,1249,2832873,SUNPHARMA.NS
12-12-2023,718.9186401,731.4550171,735.4000244,728,728,6333120,BAJFINANCE.NS
11-12-2023,3329.074707,3642.899902,3653,3615,3622.899902,1102503,TCS.NS
11-12-2023,1371.717041,1488.5,1498,1482,1490,3862018,INFY.NS
11-12-2023,1215.022827,1229.675049,1233.800049,1226.199951,1228,7066138,RELIANCE.NS
11-12-2023,790.4446411,825.5,831.8499756,823.5,825.0250244,23187620,HDFCBANK.NS
11-12-2023,1000.697266,1017.099976,1020,1004.650024,1007.099976,11714606,ICICIBANK.NS
11-12-2023,987.0516968,1000.849976,1004.599976,992.0499878,996.0999756,6195119,BHARTIARTL.NS
11-12-2023,388.3622437,435.67099,436.7783508,432.6378174,434.7562256,6854157,ITC.NS
11-12-2023,1208.043457,1241.400024,1246.349976,1215.099976,1236,1172972,SUNPHARMA.NS
11-12-2023,716.776001,729.2750244,735.2700195,727.0050049,732.5,5900550,BAJFINANCE.NS
08-12-2023,3314.270508,3626.699951,3645,3602.050049,3633,1641155,TCS.NS
08-12-2023,1374.159302,1491.150024,1494.699951,1466.25,1470.400024,6323433,INFY.NS
08-12-2023,1213.244141,1227.875,1238.349976,1222.5,1231.925049,10204894,RELIANCE.NS
08-12-2023,791.4979248,826.5999756,827.5,815.2249756,815.2249756,33728038,HDFCBANK.NS
08-12-2023,994.5480347,1010.849976,1012.849976,993.25,994.5,16116363,ICICIBANK.NS
08-12-2023,986.4599609,1000.25,1004,991.2999878,998.7000122,6630766,BHARTIARTL.NS
08-12-2023,385.5296631,432.4933777,444.4816895,431.8674927,442.8928528,19386851,ITC.NS
08-12-2023,1202.594116,1235.800049,1247.599976,1230.650024,1236.050049,1612113,SUNPHARMA.NS
08-12-2023,718.2355957,730.7600098,739.8099976,727.4000244,739.0549927,11443880,BAJFINANCE.NS
07-12-2023,3303.486816,3614.899902,3630.550049,3591.699951,3605,1967653,TCS.NS
07-12-2023,1350.890137,1465.900024,1472.849976,1461.800049,1472.849976,4424453,INFY.NS
07-12-2023,1213.886475,1228.525024,1230.474976,1221,1230,8142096,RELIANCE.NS
07-12-2023,780.605957,815.2249756,817,808.0999756,812.5,20450386,HDFCBANK.NS
07-12-2023,982.8891602,999,1002.200012,988.1500244,996.3499756,11841945,ICICIBANK.NS
07-12-2023,986.2134399,1000,1019.700012,998,1015,13805235,BHARTIARTL.NS
07-12-2023,393.2119141,441.1114807,447.5630188,440.437439,447.5148621,11746535,ITC.NS
07-12-2023,1206.000244,1239.300049,1241.900024,1228.900024,1231,1478355,SUNPHARMA.NS
07-12-2023,726.4522705,739.1199951,744,732.5999756,739,6688620,BAJFINANCE.NS
06-12-2023,3293.617188,3604.100098,3612.850098,3525.149902,3532.600098,1896572,TCS.NS
06-12-2023,1358.631226,1474.300049,1477,1451.050049,1456.75,5269178,INFY.NS
06-12-2023,1215.887451,1230.550049,1236.474976,1217.5,1223.550049,16422442,RELIANCE.NS
06-12-2023,779.3372803,813.9000244,819.2249756,808.3250122,819.2249756,38613060,HDFCBANK.NS
06-12-2023,987.0706177,1003.25,1016.25,1000.25,1014,18786590,ICICIBANK.NS
06-12-2023,1010.326294,1024.449951,1035,1013.450012,1029.099976,4121251,BHARTIARTL.NS
06-12-2023,397.6324463,446.0704956,447.2741394,435.3339844,437.0672302,21203900,ITC.NS
06-12-2023,1207.021973,1240.349976,1258,1233.300049,1248.550049,1704590,SUNPHARMA.NS
06-12-2023,729.9807129,742.710022,745.9000244,736.5050049,739,7018000,BAJFINANCE.NS
05-12-2023,3227.363037,3531.600098,3538,3502.800049,3538,1377656,TCS.NS
05-12-2023,1339.877686,1453.949951,1466.900024,1442,1465.800049,5123039,INFY.NS
05-12-2023,1204.35144,1218.875,1220.425049,1210.824951,1219.5,12693624,RELIANCE.NS
05-12-2023,777.3742065,811.8499756,819.5,808.25,818.25,52230820,HDFCBANK.NS
05-12-2023,997.1062012,1013.450012,1015.75,995.0499878,1002.5,31378461,ICICIBANK.NS
05-12-2023,1016.884705,1031.099976,1045.949951,1022.099976,1038.800049,4266159,BHARTIARTL.NS
05-12-2023,387.7613525,434.9969482,440.8226013,433.4081421,438.1264343,12603697,ITC.NS
05-12-2023,1206.243408,1239.550049,1243.599976,1220.550049,1225.900024,930042,SUNPHARMA.NS
05-12-2023,722.3832397,734.9799805,744,732.0050049,743,15222420,BAJFINANCE.NS
04-12-2023,3209.862549,3512.449951,3547.800049,3498,3544.649902,1625213,TCS.NS
04-12-2023,1349.461792,1464.349976,1471.900024,1449.300049,1460.449951,5511948,INFY.NS
04-12-2023,1195.68103,1210.099976,1225,1199.300049,1225,15590990,RELIANCE.NS
04-12-2023,770.5279541,804.7000122,806,786.8250122,794,50662456,HDFCBANK.NS
04-12-2023,975.2149658,991.2000122,994.8499756,961.4000244,963.7000122,33131257,ICICIBANK.NS
04-12-2023,1018.659851,1032.900024,1044,1025.199951,1036,5164902,BHARTIARTL.NS
04-12-2023,389.7355652,437.2116699,439.4745178,434.2747803,438.1264343,13293194,ITC.NS
04-12-2023,1198.069092,1231.150024,1240,1220.5,1237.25,1615837,SUNPHARMA.NS
04-12-2023,728.0691528,740.7650146,742,731.5050049,734,11014260,BAJFINANCE.NS
01-12-2023,3209.131348,3511.649902,3516.949951,3490.050049,3500,1172141,TCS.NS
01-12-2023,1338.3573,1452.300049,1459.900024,1446.150024,1459.900024,3489187,INFY.NS
01-12-2023,1182.885254,1197.150024,1198.199951,1188.800049,1189,14342842,RELIANCE.NS
01-12-2023,744.6744995,777.7000122,782.875,776.0499878,778.9500122,22153536,HDFCBANK.NS
01-12-2023,931.4326172,946.7000122,952,933,935.9500122,16986046,ICICIBANK.NS
01-12-2023,1000.710754,1014.700012,1022.549988,1008.200012,1015,5544950,BHARTIARTL.NS
01-12-2023,386.0875549,433.1192627,434.2266235,421.1791382,421.6605835,20081576,ITC.NS
01-12-2023,1198.166504,1231.25,1241.849976,1225,1233.050049,1749751,SUNPHARMA.NS
01-12-2023,713.4932251,725.9349976,727.9849854,714.2000122,716,9004770,BAJFINANCE.NS
30-11-2023,3187.153809,3487.600098,3516.649902,3481,3499.449951,3266235,TCS.NS
30-11-2023,1340.983643,1455.150024,1460.650024,1449.550049,1453.25,10120867,INFY.NS
30-11-2023,1174.560791,1188.724976,1200.349976,1184.949951,1197.349976,28439984,RELIANCE.NS
30-11-2023,746.3023071,779.4000244,786.2249756,771.0750122,784.5750122,69491440,HDFCBANK.NS
30-11-2023,919.8721313,934.9500122,940.8499756,928.2000122,938.9500122,23950292,ICICIBANK.NS
30-11-2023,1000.710754,1014.700012,1018.200012,992.7000122,995,9934052,BHARTIARTL.NS
30-11-2023,374.0706177,419.6384583,422.1901855,418.3866882,420.5050964,15710110,ITC.NS
30-11-2023,1192.911499,1225.849976,1231.150024,1192.349976,1192.349976,4672807,SUNPHARMA.NS
30-11-2023,699.9838257,712.1900024,716.3599854,708.5650024,713.2000122,12719340,BAJFINANCE.NS
29-11-2023,3211.050781,3513.75,3518,3475.800049,3481,1441634,TCS.NS
29-11-2023,1345.084595,1459.599976,1460.699951,1449.800049,1451.099976,3875778,INFY.NS
29-11-2023,1186.047119,1200.349976,1205.974976,1199.025024,1204,12531306,RELIANCE.NS
29-11-2023,746.4699097,779.5750122,781.5,766.5,766.9500122,34042488,HDFCBANK.NS
29-11-2023,924.4470825,939.5999756,941.0999756,926,930.9000244,11680078,ICICIBANK.NS
29-11-2023,981.6768799,995.4000244,1007.099976,990.9500122,995.9000244,5647918,BHARTIARTL.NS
29-11-2023,375.2723694,420.9865417,422.2383423,418.0496521,419.8310547,14316126,ITC.NS
29-11-2023,1169.896851,1202.199951,1209.5,1184.5,1191.949951,1813462,SUNPHARMA.NS
29-11-2023,700.7897949,713.0100098,716.8599854,711.4050293,713.4000244,6824300,BAJFINANCE.NS
28-11-2023,3171.206543,3470.149902,3481.25,3433,3457.100098,1689195,TCS.NS
28-11-2023,1329.510376,1442.699951,1445,1427.050049,1444,3755373,INFY.NS
28-11-2023,1182.934692,1197.199951,1199.849976,1187.625,1196.949951,13792174,RELIANCE.NS
28-11-2023,731.8674927,764.3250122,768.625,762.9000244,767.5999756,28489338,HDFCBANK.NS
28-11-2023,910.5745239,925.5,931.0499878,921.7000122,928.9000244,14231987,ICICIBANK.NS
28-11-2023,971.3216553,984.9000244,988,971.2000122,974.0499878,5096984,BHARTIARTL.NS
28-11-2023,373.5985107,419.1088562,422.7197876,418.7718506,421.7568665,9082513,ITC.NS
28-11-2023,1159.338501,1191.349976,1200.349976,1189.75,1197.150024,886708,SUNPHARMA.NS
28-11-2023,700.5391235,712.7550049,713.5,702.9899902,703.5,7281580,BAJFINANCE.NS
24-11-2023,3159.281006,3457.100098,3504.550049,3453,3494.25,1989733,TCS.NS
24-11-2023,1324.626343,1437.400024,1452.650024,1433.849976,1445.550049,2973195,INFY.NS
24-11-2023,1182.687622,1196.949951,1201.300049,1195.525024,1195.800049,6749486,RELIANCE.NS
24-11-2023,733.5192261,766.0499878,766.5750122,759.9249878,760.5999756,16469192,HDFCBANK.NS
24-11-2023,914.4116211,929.4000244,930.4000244,920.2000122,921.5,7452002,ICICIBANK.NS
24-11-2023,959.7336426,973.1500244,977.1500244,971,975,2322104,BHARTIARTL.NS
24-11-2023,375.7873535,421.5643005,425.8492737,420.6495361,424.6456299,7084608,ITC.NS
24-11-2023,1163.328369,1195.449951,1209.599976,1192.800049,1200,1376695,SUNPHARMA.NS
24-11-2023,690.0471191,702.0800171,711.6799927,701.0999756,710.7999878,7264990,BAJFINANCE.NS
23-11-2023,3206.024658,3508.25,3544,3500,3530,2729804,TCS.NS
23-11-2023,1335.546509,1449.25,1467.900024,1447.699951,1467.900024,3186928,INFY.NS
23-11-2023,1183.478149,1197.75,1200,1194.099976,1194.099976,8531542,RELIANCE.NS
23-11-2023,728.3485107,760.6500244,761.9249878,754.25,754.25,13046220,HDFCBANK.NS
23-11-2023,908.1148071,923,925.3499756,918.5,923,5534614,ICICIBANK.NS
23-11-2023,963.1854248,976.6500244,981,963.7000122,970,2749555,BHARTIARTL.NS
23-11-2023,377.9761353,424.0197144,425.8492737,421.9976196,424.5974731,6611803,ITC.NS
23-11-2023,1166.588257,1198.800049,1209.900024,1194.75,1203.550049,1177434,SUNPHARMA.NS
23-11-2023,695.2415161,707.3649902,716,705.5999756,713.5,6061580,BAJFINANCE.NS
22-11-2023,3226.037842,3530.149902,3532.649902,3481.100098,3500,1798051,TCS.NS
22-11-2023,1343.425781,1457.800049,1458.949951,1436.199951,1436.199951,3108786,INFY.NS
22-11-2023,1179.871582,1194.099976,1197.224976,1186.099976,1187.5,8534814,RELIANCE.NS
22-11-2023,724.1593628,756.2750244,760,751.7750244,760,29123650,HDFCBANK.NS
22-11-2023,907.8688354,922.75,925.2000122,914.75,923.25,12197979,ICICIBANK.NS
22-11-2023,956.3804932,969.75,976.2999878,965.9500122,974.2999878,3309732,BHARTIARTL.NS
22-11-2023,377.4182129,423.3938293,424.0678711,418.6755371,420.7939758,5074887,ITC.NS
22-11-2023,1171.74585,1204.099976,1214.800049,1199,1205,1401782,SUNPHARMA.NS
22-11-2023,700.6177979,712.835022,717.7849731,706.5499878,708.6450195,10414040,BAJFINANCE.NS
21-11-2023,3207.806396,3510.199951,3539.050049,3501,3519.600098,1807236,TCS.NS
21-11-2023,1326.10083,1439,1450,1436.75,1442,3793135,INFY.NS
21-11-2023,1175.276978,1189.449951,1194,1180.099976,1183,8214450,RELIANCE.NS
21-11-2023,726.7446289,758.9749756,761,756.0499878,759.5,24959972,HDFCBANK.NS
21-11-2023,911.1647949,926.0999756,928.0499878,922,924.4000244,8989572,ICICIBANK.NS
21-11-2023,957.465332,970.8499756,976.3499756,961,967,5704644,BHARTIARTL.NS
21-11-2023,374.4569092,420.0717773,423.008667,419.3495789,420.938385,6228803,ITC.NS
21-11-2023,1169.11853,1201.400024,1205,1186.25,1189,999135,SUNPHARMA.NS
21-11-2023,698.1409912,710.3150024,712.8850098,703,708.5,16662250,BAJFINANCE.NS
20-11-2023,3216.397217,3519.600098,3533.899902,3491.25,3491.25,1475621,TCS.NS
20-11-2023,1323.888916,1436.599976,1452,1433.650024,1442,3584210,INFY.NS
20-11-2023,1160.678101,1174.675049,1179.199951,1168.199951,1174.275024,4490186,RELIANCE.NS
20-11-2023,720.6403198,752.5999756,756.5,750.7750244,756.5,19331452,HDFCBANK.NS
20-11-2023,906.5898438,921.4500122,926.75,917.5,922,10562301,ICICIBANK.NS
20-11-2023,948.1456299,961.4000244,964.2999878,941.9500122,949,4646962,BHARTIARTL.NS
20-11-2023,374.9289551,420.6013794,423.9715881,418.3866882,423.538269,4502356,ITC.NS
20-11-2023,1156.078613,1188,1198.25,1185.25,1196,1054810,SUNPHARMA.NS
20-11-2023,694.7451172,706.8599854,723.9000244,705.0100098,715.0999756,19029400,BAJFINANCE.NS
17-11-2023,3200.724121,3502.449951,3524.5,3492.550049,3497.850098,2021292,TCS.NS
17-11-2023,1324.764404,1437.550049,1451,1435.050049,1441.050049,4901251,INFY.NS
17-11-2023,1163.741211,1177.775024,1186.625,1176.025024,1176.449951,7758634,RELIANCE.NS
17-11-2023,720.5924683,752.5499878,753.75,744.5,745,23701874,HDFCBANK.NS
17-11-2023,906.9833374,921.8499756,938.4000244,920.1500244,926.5499878,10956653,ICICIBANK.NS
17-11-2023,934.2399292,947.2999878,954,946,948.7999878,3249469,BHARTIARTL.NS
17-11-2023,377.0319214,422.9605103,425.1270752,422.0457458,422.9605103,6911592,ITC.NS
17-11-2023,1162.501099,1194.599976,1198.400024,1187.949951,1189.800049,891965,SUNPHARMA.NS
17-11-2023,709.723938,722.0999756,726,710.8049927,714.0499878,20800340,BAJFINANCE.NS
16-11-2023,3196.520752,3497.850098,3529.350098,3414.199951,3430.050049,3951984,TCS.NS
16-11-2023,1331.537842,1444.900024,1453.400024,1410.599976,1416.099976,6673907,INFY.NS
16-11-2023,1166.2854,1180.349976,1187.074951,1173.474976,1175.550049,13134910,RELIANCE.NS
16-11-2023,722.1484985,754.1749878,759.5,751.875,754.8499756,29713838,HDFCBANK.NS
16-11-2023,920.9051514,936,946.2000122,934,939,19706373,ICICIBANK.NS
16-11-2023,936.4589844,949.5499878,953.9000244,943.25,949,5310736,BHARTIARTL.NS
16-11-2023,376.5169678,422.382782,428.0158386,421.3717041,425.5603943,11276031,ITC.NS
16-11-2023,1157.586914,1189.550049,1194.900024,1179.599976,1182,2205723,SUNPHARMA.NS
16-11-2023,723.6265259,736.2449951,738.0700073,693.125,694.4550171,45570430,BAJFINANCE.NS
15-11-2023,3111.029541,3404.300049,3413,3356.050049,3383.100098,2059802,TCS.NS
15-11-2023,1299.83667,1410.5,1414,1393,1399,8551860,INFY.NS
15-11-2023,1164.185669,1178.224976,1180.974976,1163.5,1170,12220648,RELIANCE.NS
15-11-2023,720.2573853,752.2000122,755.4749756,750.2750244,752.0499878,41245460,HDFCBANK.NS
15-11-2023,925.9229126,941.0999756,944.4000244,938.75,944.4000244,19492138,ICICIBANK.NS
15-11-2023,936.902771,950,952.7000122,936.2000122,948,4816316,BHARTIARTL.NS
15-11-2023,379.3495483,425.5603943,426.0899963,421.2754211,421.8531799,7722827,ITC.NS
15-11-2023,1149.169312,1180.900024,1184.400024,1171,1179.5,2246320,SUNPHARMA.NS
15-11-2023,710.0483398,722.4299927,747.6199951,711.914978,743.9400024,19234400,BAJFINANCE.NS
13-11-2023,3044.547119,3331.550049,3356,3327,3356,1030990,TCS.NS
13-11-2023,1265.785645,1373.550049,1382.449951,1370.849976,1379.849976,3462092,INFY.NS
13-11-2023,1143.510132,1157.300049,1162.300049,1155.849976,1161.449951,3854810,RELIANCE.NS
13-11-2023,712.7885742,744.4000244,747.9749756,742.9500122,746.0499878,20605914,HDFCBANK.NS
13-11-2023,919.380188,934.4500122,940.9000244,932,940.9000244,11470096,ICICIBANK.NS
13-11-2023,922.1095581,935,940.2999878,933.7999878,938,1656368,BHARTIARTL.NS
13-11-2023,374.2423096,419.8310547,422.1420288,418.8681335,422.1420288,3888975,ITC.NS
13-11-2023,1146.152588,1177.800049,1187.550049,1173.75,1180.099976,816825,SUNPHARMA.NS
13-11-2023,723.4693604,736.085022,745,731.9000244,744.7800293,7322400,BAJFINANCE.NS
10-11-2023,3046.282959,3333.449951,3347.449951,3322.350098,3338,1338557,TCS.NS
10-11-2023,1261.454468,1368.849976,1373.150024,1361,1369.949951,2943649,INFY.NS
10-11-2023,1143.658325,1157.449951,1158.175049,1149.025024,1152.775024,7734954,RELIANCE.NS
10-11-2023,714.0812378,745.75,748,740.0250244,740.0499878,14015186,HDFCBANK.NS
10-11-2023,923.4632568,938.5999756,941.4500122,932.4000244,934.9000244,9560455,ICICIBANK.NS
10-11-2023,922.6026611,935.5,937,929,929,1345614,BHARTIARTL.NS
10-11-2023,374.7144165,420.3606567,421.7568665,416.4608459,418.2903748,4236307,ITC.NS
10-11-2023,1147.660889,1179.349976,1181.5,1170.099976,1174.050049,957539,SUNPHARMA.NS
10-11-2023,731.7203369,744.4799805,745.4000244,734.6450195,737,4962610,BAJFINANCE.NS
09-11-2023,3059.076904,3347.449951,3391.5,3342.050049,3390.100098,2112352,TCS.NS
09-11-2023,1266.937622,1374.800049,1397.5,1370.050049,1395.900024,5498051,INFY.NS
09-11-2023,1141.509277,1155.275024,1167.949951,1152.099976,1167.925049,14513610,RELIANCE.NS
09-11-2023,711.2805176,742.8250122,746.2999878,741.75,743,22116740,HDFCBANK.NS
09-11-2023,922.2333374,937.3499756,942.3499756,933,934,9406117,ICICIBANK.NS
09-11-2023,919.4960938,932.3499756,937.2999878,930.5499878,936.75,3914416,BHARTIARTL.NS
09-11-2023,372.8689575,418.2903748,421.7568665,417.8089294,421.5643005,8085620,ITC.NS
09-11-2023,1144.595459,1176.199951,1183.25,1166.849976,1181,1849169,SUNPHARMA.NS
09-11-2023,726.0099487,738.6699829,748.5,736.6699829,748.5,7717910,BAJFINANCE.NS
08-11-2023,3090.239258,3381.550049,3401.949951,3369.550049,3371.449951,992899,TCS.NS
08-11-2023,1281.866699,1391,1405,1386.449951,1405,3550635,INFY.NS
08-11-2023,1154.033203,1167.949951,1170.5,1160.875,1166,7884494,RELIANCE.NS
08-11-2023,714.1052246,745.7750244,746.7249756,740.5,741.9749756,31399546,HDFCBANK.NS
08-11-2023,920.6591797,935.75,948.4500122,934.0999756,948.4500122,17606074,ICICIBANK.NS
08-11-2023,923.8353882,936.75,941.7999878,934.4000244,941.7999878,1808553,BHARTIARTL.NS
08-11-2023,375.0577393,420.7458191,421.2754211,416.2682495,417.086731,7248663,ITC.NS
08-11-2023,1145.082153,1176.699951,1182.900024,1171,1175,1702301,SUNPHARMA.NS
08-11-2023,733.2094116,745.9949951,753.5999756,740.664978,752.7000122,9167170,BAJFINANCE.NS
07-11-2023,3080.095703,3370.449951,3404.149902,3366,3378,1191144,TCS.NS
07-11-2023,1294.123169,1404.300049,1405.900024,1394.849976,1400,2272209,INFY.NS
07-11-2023,1148.05542,1161.900024,1169.550049,1159.775024,1167.025024,6960204,RELIANCE.NS
07-11-2023,712.0465088,743.625,747,738.5999756,747,41952848,HDFCBANK.NS
07-11-2023,932.8099976,948.0999756,950.4500122,930.4500122,943.5999756,15704942,ICICIBANK.NS
07-11-2023,924.2299194,937.1500244,938.9500122,932.4500122,936.0499878,3616946,BHARTIARTL.NS
07-11-2023,371.409729,416.6534119,418.7718506,416.1238098,418.7718506,5321353,ITC.NS
07-11-2023,1139.486572,1170.949951,1173.550049,1146.550049,1149,1811831,SUNPHARMA.NS
07-11-2023,736.7133179,749.5599976,764,744.5999756,764,15630070,BAJFINANCE.NS
06-11-2023,3089.05127,3380.25,3392.300049,3359,3375,1099852,TCS.NS
06-11-2023,1293.201782,1403.300049,1407.25,1390.800049,1393.900024,2736381,INFY.NS
06-11-2023,1155.564697,1169.5,1170,1162.800049,1166.150024,10647304,RELIANCE.NS
06-11-2023,715.5175171,747.25,749,741.5,749,25593730,HDFCBANK.NS
06-11-2023,930.2027588,945.4500122,947.75,937.4000244,941,10338367,ICICIBANK.NS
06-11-2023,926.251709,939.2000122,940.7000122,930,934.2000122,2760800,BHARTIARTL.NS
06-11-2023,373.6843567,419.2051392,420.6013794,416.5090027,417.4237671,7589690,ITC.NS
06-11-2023,1119.099609,1150,1151,1140,1140.099976,1428537,SUNPHARMA.NS
06-11-2023,743.2444458,756.2050171,757.1950073,744.2600098,745.5999756,6340430,BAJFINANCE.NS
03-11-2023,3062.22998,3350.899902,3387.899902,3344.300049,3382,1402598,TCS.NS
03-11-2023,1280.06958,1389.050049,1392,1377.75,1380.050049,3349045,INFY.NS
03-11-2023,1146.029663,1159.849976,1167.474976,1157.875,1163.599976,8850156,RELIANCE.NS
03-11-2023,710.3708496,741.875,745.7000122,740.8250122,744,18095340,HDFCBANK.NS
03-11-2023,918.7406616,933.7999878,934.5,926.7999878,928.5499878,7146961,ICICIBANK.NS
03-11-2023,917.9181519,930.75,933.7000122,922.2000122,925,3895154,BHARTIARTL.NS
03-11-2023,371.8818054,417.1830139,418.2903748,415.1127625,416.7497253,14334179,ITC.NS
03-11-2023,1110.438599,1141.099976,1145.699951,1131.5,1138.5,1741756,SUNPHARMA.NS
03-11-2023,728.4475098,741.1500244,753.7949829,737.2449951,752.7999878,11387550,BAJFINANCE.NS
02-11-2023,3070.637207,3360.100098,3375.949951,3343.199951,3343.199951,1245384,TCS.NS
02-11-2023,1262.652466,1370.150024,1376.300049,1361.650024,1370,3758060,INFY.NS
02-11-2023,1146.276733,1160.099976,1162.150024,1153.974976,1156.974976,10562104,RELIANCE.NS
02-11-2023,707.0194092,738.375,745.25,733.5750122,742.5,45225154,HDFCBANK.NS
02-11-2023,905.1140137,919.9500122,924.7999878,912.7999878,920.0499878,9747311,ICICIBANK.NS
02-11-2023,911.1132813,923.8499756,925.9500122,916.4000244,920,6611573,BHARTIARTL.NS
02-11-2023,370.0792847,415.1609192,416.6534119,412.7536316,414.1017151,8465990,ITC.NS
02-11-2023,1102.410156,1132.849976,1137.550049,1110.599976,1127.849976,3454692,SUNPHARMA.NS
02-11-2023,732.1429443,744.9099731,761.5,741.1199951,753,8550300,BAJFINANCE.NS
01-11-2023,3043.724609,3330.649902,3371.600098,3311,3355,1563475,TCS.NS
01-11-2023,1247.907715,1354.150024,1377.449951,1351.650024,1373.050049,3090672,INFY.NS
01-11-2023,1135.012695,1148.699951,1158.75,1137.599976,1144.574951,10309190,RELIANCE.NS
01-11-2023,705.9421997,737.25,738.7249756,731.125,731.125,33877466,HDFCBANK.NS
01-11-2023,899.309082,914.0499878,917.5999756,909.2999878,913.7999878,12927203,ICICIBANK.NS
01-11-2023,900.8566284,913.4500122,914.5499878,895.4500122,903,4821458,BHARTIARTL.NS
01-11-2023,367.4613037,412.2240295,415.1127625,409.7204285,414.0535583,8297973,ITC.NS
01-11-2023,1086.207642,1116.199951,1132.550049,1082.599976,1092,3973264,SUNPHARMA.NS
01-11-2023,734.3839722,747.1900024,754.9000244,745.7650146,752,4627780,BAJFINANCE.NS
31-10-2023,3078.541748,3368.75,3399,3350.050049,3399,999811,TCS.NS
31-10-2023,1261.039795,1368.400024,1381.150024,1363,1379.949951,3451595,INFY.NS
31-10-2023,1130.319214,1143.949951,1164,1141.449951,1164,12808438,RELIANCE.NS
31-10-2023,706.8997803,738.25,752,737,752,32634824,HDFCBANK.NS
31-10-2023,900.5881348,915.3499756,931,914.0999756,929.2999878,17211107,ICICIBANK.NS
31-10-2023,901.7935791,914.4000244,923.5499878,912.4000244,920.2999878,5697563,BHARTIARTL.NS
31-10-2023,367.7187805,412.5128784,417.2793274,412.0314331,414.0535583,8952141,ITC.NS
31-10-2023,1059.349365,1088.599976,1119.599976,1068.349976,1119.449951,6475786,SUNPHARMA.NS
31-10-2023,736.4234009,749.2650146,757.9699707,746.0499878,756.9799805,7494100,BAJFINANCE.NS
30-10-2023,3087.497803,3378.550049,3382.850098,3333.75,3350,910972,TCS.NS
30-10-2023,1269.010986,1377.050049,1380.349976,1363.099976,1380.349976,2667696,INFY.NS
30-10-2023,1142.472656,1156.25,1162.5,1134.974976,1137,16813304,RELIANCE.NS
30-10-2023,711.0172119,742.5499878,744.9749756,730.9500122,731.625,23310982,HDFCBANK.NS
30-10-2023,909.9841919,924.9000244,926.2999878,908.2000122,909.0999756,7687791,ICICIBANK.NS
30-10-2023,913.4802246,926.25,931.9500122,910.3499756,914.7999878,3686768,BHARTIARTL.NS
30-10-2023,369.4784241,414.4868774,420.938385,412.4647522,418.4348145,7911426,ITC.NS
30-10-2023,1085.234619,1115.199951,1119.949951,1103.849976,1115.699951,1078813,SUNPHARMA.NS
30-10-2023,737.4455566,750.3049927,752.6849976,735.25,750.5800171,7992760,BAJFINANCE.NS
27-10-2023,3062.275635,3350.949951,3362,3337,3350,1108851,TCS.NS
27-10-2023,1272.052124,1380.349976,1385,1363.650024,1363.650024,4634358,INFY.NS
27-10-2023,1119.400757,1132.900024,1136.75,1117.974976,1120,11771084,RELIANCE.NS
27-10-2023,703.3808594,734.5750122,739,733.4500122,734.75,31940532,HDFCBANK.NS
27-10-2023,898.0301514,912.75,918.1500244,911.2999878,916,8645505,ICICIBANK.NS
27-10-2023,901.9907837,914.5999756,918.4000244,906.4500122,910.75,3508393,BHARTIARTL.NS
27-10-2023,372.3110046,417.6644897,420.6013794,416.1719666,418.2422485,13638258,ITC.NS
27-10-2023,1081.439331,1111.300049,1119.800049,1107.650024,1112,1250965,SUNPHARMA.NS
27-10-2023,737.8534546,750.7199707,754.9000244,741.6599731,750.9949951,9119440,BAJFINANCE.NS
26-10-2023,3049.299072,3336.75,3373.699951,3330,3368.050049,1984471,TCS.NS
26-10-2023,1252.791748,1359.449951,1374,1353.099976,1355.050049,6357656,INFY.NS
26-10-2023,1099.984985,1113.25,1129,1110.150024,1125.5,15222534,RELIANCE.NS
26-10-2023,700.6279297,731.7000122,746,730.125,745.625,55561798,HDFCBANK.NS
26-10-2023,893.9962769,908.6500244,916.5999756,899,914.2999878,21693345,ICICIBANK.NS
26-10-2023,893.0162354,905.5,924.5999756,900.0499878,921.6500244,6595332,BHARTIARTL.NS
26-10-2023,372.8260498,418.2422485,420.408783,413.6202393,413.6202393,19525305,ITC.NS
26-10-2023,1074.043579,1103.699951,1117.949951,1097.5,1115.949951,2223975,SUNPHARMA.NS
26-10-2023,729.4597778,742.1799927,765.5999756,740.1199951,762.5100098,13246300,BAJFINANCE.NS
25-10-2023,3098.053223,3390.100098,3425,3377.199951,3390.5,1518537,TCS.NS
25-10-2023,1262.560303,1370.050049,1402.550049,1361.300049,1399,6940777,INFY.NS
25-10-2023,1115.522583,1128.974976,1140.599976,1121.5,1125.025024,11620688,RELIANCE.NS
25-10-2023,716.4751587,748.25,761.4000244,745.7249756,760.5,28311996,HDFCBANK.NS
25-10-2023,901.3260498,916.0999756,933.7999878,911.4000244,926.0499878,12593434,ICICIBANK.NS
25-10-2023,909.8804932,922.5999756,939.6500244,919,924.5999756,6365249,BHARTIARTL.NS
25-10-2023,371.409729,416.6534119,421.7568665,411.2129517,420.6976624,11308597,ITC.NS
25-10-2023,1090.197632,1120.300049,1129.699951,1112.800049,1125,1800673,SUNPHARMA.NS
25-10-2023,756.2575073,769.4450073,785.6950073,767.5999756,779.8900146,7087740,BAJFINANCE.NS
23-10-2023,3116.375488,3410.149902,3478.949951,3401.300049,3473,1106272,TCS.NS
23-10-2023,1281.544189,1408.650024,1432.349976,1405.25,1425.599976,2636516,INFY.NS
23-10-2023,1118.116211,1131.599976,1153.125,1127.625,1145,7853962,RELIANCE.NS
23-10-2023,721.0473633,753.0250244,764.375,750.0499878,761.75,22376136,HDFCBANK.NS
23-10-2023,914.9527588,929.9500122,944.7999878,925.4000244,942,11856890,ICICIBANK.NS
23-10-2023,926.3502808,939.2999878,949.0999756,937,941.5999756,2180066,BHARTIARTL.NS
23-10-2023,374.1564636,419.7347412,423.634552,417.0386047,421.7568665,7555671,ITC.NS
23-10-2023,1092.289795,1122.449951,1149.199951,1118,1135,702730,SUNPHARMA.NS
23-10-2023,766.5235596,779.8900146,788.4899902,776.1350098,780,8822300,BAJFINANCE.NS
20-10-2023,3193.505371,3494.550049,3499.5,3444.050049,3450.399902,1481211,TCS.NS
20-10-2023,1298.46582,1427.25,1438.5,1425.25,1430,3928622,INFY.NS
20-10-2023,1135.852417,1149.550049,1157.349976,1148.150024,1150,8913312,RELIANCE.NS
20-10-2023,729.0666504,761.4000244,763.5,752.5,752.5,21094010,HDFCBANK.NS
20-10-2023,917.7075806,932.75,940,930,932,6586576,ICICIBANK.NS
20-10-2023,932.1689453,945.2000122,947.5,937,937.7999878,3125104,BHARTIARTL.NS
20-10-2023,376.2165222,422.0457458,432.348938,421.1309814,428.4972839,13521824,ITC.NS
20-10-2023,1111.509033,1142.199951,1145,1133.099976,1138,957910,SUNPHARMA.NS
20-10-2023,763.6044312,776.9199829,783.2349854,772.25,781,7711530,BAJFINANCE.NS
19-10-2023,3157.955811,3455.649902,3476.850098,3451.899902,3469.5,1514545,TCS.NS
19-10-2023,1304.28833,1433.650024,1439.650024,1426.099976,1426.099976,6795691,INFY.NS
19-10-2023,1139.335449,1153.074951,1160.900024,1150.5,1156,12032556,RELIANCE.NS
19-10-2023,725.3083496,757.4749756,763.125,751.5999756,752.7000122,30252364,HDFCBANK.NS
19-10-2023,920.6591797,935.75,945,934,936,8612676,ICICIBANK.NS
19-10-2023,929.9499512,942.9500122,951.2999878,941.3499756,945.7999878,4306963,BHARTIARTL.NS
19-10-2023,386.6026306,433.6970215,438.0301514,430.2786865,433.0711365,9830006,ITC.NS
19-10-2023,1110.827881,1141.5,1150,1135,1147.400024,1765065,SUNPHARMA.NS
19-10-2023,770.7153931,784.1550293,792.2999878,773.0999756,784.3300171,10614530,BAJFINANCE.NS
18-10-2023,3178.609375,3487.25,3522.699951,3484,3511,1408245,TCS.NS
18-10-2023,1310.565796,1440.550049,1454,1438.349976,1442,4264837,INFY.NS
18-10-2023,1148.154175,1162,1183.5,1160.5,1177.625,8918320,RELIANCE.NS
18-10-2023,727.6065063,759.875,770.5999756,759.0499878,770.5999756,31216200,HDFCBANK.NS
18-10-2023,928.5302124,943.75,950.6500244,939.0999756,949.2000122,12000153,ICICIBANK.NS
18-10-2023,939.713501,952.8499756,958.9000244,950.6500244,953,2334392,BHARTIARTL.NS
18-10-2023,387.6755371,434.9006653,441.2077637,434.2747803,437.4042358,7160492,ITC.NS
18-10-2023,1122.408203,1153.400024,1161.800049,1134.050049,1137,2178517,SUNPHARMA.NS
18-10-2023,773.1725464,786.6550293,808.460022,785,805,15446420,BAJFINANCE.NS
17-10-2023,3196.656494,3507.050049,3534.149902,3503.350098,3530,1672065,TCS.NS
17-10-2023,1312.294189,1442.449951,1453.349976,1438.050049,1440.25,3923764,INFY.NS
17-10-2023,1163.593018,1177.625,1179.849976,1170.650024,1178,7928180,RELIANCE.NS
17-10-2023,737.8759766,770.5999756,777.875,767.5,777.875,32902558,HDFCBANK.NS
17-10-2023,938.5164795,953.9000244,960.9500122,951.5,955.4000244,7747527,ICICIBANK.NS
17-10-2023,940.5025024,953.6500244,960.25,946,946.5499878,3863410,BHARTIARTL.NS
17-10-2023,389.2205811,436.6339111,437.644989,432.348938,433.1192627,7203352,ITC.NS
17-10-2023,1106.254272,1136.800049,1144,1134,1138.650024,798807,SUNPHARMA.NS
17-10-2023,795.4294434,809.2999878,815.9000244,805.7550049,808,8382830,BAJFINANCE.NS
16-10-2023,3212.152344,3524.050049,3574.649902,3519.100098,3566,1671104,TCS.NS
16-10-2023,1304.743164,1434.150024,1443.599976,1430,1432.099976,4850745,INFY.NS
16-10-2023,1158.059692,1172.025024,1177.275024,1168,1172.5,5929036,RELIANCE.NS
16-10-2023,732.3223267,764.7999878,767.2249756,760.25,765.75,17856084,HDFCBANK.NS
16-10-2023,936.0568237,951.4000244,954.8499756,946.1500244,948.5,5763024,ICICIBANK.NS
16-10-2023,933.5003052,946.5499878,958.75,943.8499756,957.9500122,1881721,BHARTIARTL.NS
16-10-2023,385.3580017,432.3008118,434.2747803,429.652771,431.3860168,4377288,ITC.NS
16-10-2023,1104.794678,1135.300049,1147.25,1133.050049,1141.5,1144308,SUNPHARMA.NS
16-10-2023,789.8270874,803.5999756,806.9000244,798.2650146,804.4299927,4382460,BAJFINANCE.NS
13-10-2023,3254.809814,3570.850098,3577,3525,3530,2890357,TCS.NS
13-10-2023,1302.013794,1431.150024,1438,1400,1405,17973439,INFY.NS
13-10-2023,1160.653442,1174.650024,1178.75,1164.574951,1170,10150316,RELIANCE.NS
13-10-2023,735.2667236,767.875,774.4000244,764.9749756,770,39745300,HDFCBANK.NS
13-10-2023,935.958374,951.2999878,957.4000244,944.5499878,949.9500122,6650442,ICICIBANK.NS
13-10-2023,941.0448608,954.2000122,955.9500122,946.2999878,946.2999878,4421671,BHARTIARTL.NS
13-10-2023,384.8429565,431.723053,435.045105,430.4231262,433.1674194,7926432,ITC.NS
13-10-2023,1114.526001,1145.300049,1147.199951,1122,1126.099976,1934884,SUNPHARMA.NS
13-10-2023,791.3652954,805.164978,808.289978,795.6049805,799.9550171,6622820,BAJFINANCE.NS
12-10-2023,3229.014893,3542.550049,3588.649902,3538.100098,3575,4241281,TCS.NS
12-10-2023,1333.264404,1465.5,1504.400024,1452,1491.900024,11081662,INFY.NS
12-10-2023,1160.702637,1174.699951,1179.675049,1169.074951,1171.925049,12554450,RELIANCE.NS
12-10-2023,742.017334,774.9249878,776,765.7999878,768.0499878,22025336,HDFCBANK.NS
12-10-2023,938.8608398,954.25,960.0999756,948.4000244,952.8499756,7836818,ICICIBANK.NS
12-10-2023,937.2479248,950.3499756,956.7999878,947,955.5999756,5544735,BHARTIARTL.NS
12-10-2023,386.8601074,433.9859009,435.7191467,429.6046448,432.9748535,12227957,ITC.NS
12-10-2023,1100.026367,1130.400024,1132.550049,1121.199951,1129,1221965,SUNPHARMA.NS
12-10-2023,787.6942749,801.4299927,812.7000122,800.2999878,812.5,7640920,BAJFINANCE.NS
11-10-2023,3290.404297,3609.899902,3650,3605,3650,2426417,TCS.NS
11-10-2023,1359.556641,1494.400024,1518.25,1481.449951,1497,7220129,INFY.NS
11-10-2023,1158.553589,1172.525024,1174.849976,1156.5,1157.224976,9814118,RELIANCE.NS
11-10-2023,737.1099243,769.7999878,771.0750122,764.25,765.0499878,31333360,HDFCBANK.NS
11-10-2023,937.7293701,953.0999756,962.0499878,950.75,954.9000244,12233117,ICICIBANK.NS
11-10-2023,942.4255371,955.5999756,956.7999878,948,948.5,5645289,BHARTIARTL.NS
11-10-2023,384.7571716,431.62677,432.7822571,428.3046875,430.6156921,7946195,ITC.NS
11-10-2023,1098.420532,1128.75,1134.449951,1122.349976,1128,1456045,SUNPHARMA.NS
11-10-2023,796.309082,810.1950073,817.2999878,809.5449829,813.9799805,7123720,BAJFINANCE.NS
10-10-2023,3307.721924,3628.899902,3648,3601.350098,3640.050049,1848148,TCS.NS
10-10-2023,1360.239014,1495.150024,1497,1469.099976,1483.900024,5688951,INFY.NS
10-10-2023,1140.447021,1154.199951,1158.949951,1151.875,1153.275024,10236032,RELIANCE.NS
10-10-2023,730.0481567,762.4249878,764.5,757.5999756,760.2750244,33266292,HDFCBANK.NS
10-10-2023,935.8600464,951.2000122,957.5,940.3499756,940.4000244,11452715,ICICIBANK.NS
10-10-2023,935.2755127,948.3499756,954.0499878,921.0499878,924.5499878,7897875,BHARTIARTL.NS
10-10-2023,381.4524536,427.9195251,428.3528442,424.1160278,424.1160278,5207891,ITC.NS
10-10-2023,1096.231079,1126.5,1130.400024,1119.800049,1122,1092093,SUNPHARMA.NS
10-10-2023,794.5055542,808.3599854,813.5,802.0999756,805.5,9650240,BAJFINANCE.NS
09-10-2023,3316.335938,3638.350098,3679,3631,3645.050049,4233074,TCS.NS
09-10-2023,1342.316406,1475.449951,1491,1462.199951,1464.900024,3567552,INFY.NS
09-10-2023,1135.432617,1149.125,1155.974976,1147.5,1154.050049,7576878,RELIANCE.NS
09-10-2023,725.9307861,758.125,765,756,764,16454972,HDFCBANK.NS
09-10-2023,923.4632568,938.5999756,942.0499878,936.2999878,940.25,6725306,ICICIBANK.NS
09-10-2023,911.8036499,924.5499878,928.0499878,916.5499878,918,2248103,BHARTIARTL.NS
09-10-2023,378.0619507,424.1160278,426.7640381,421.0346985,424.5974731,5827256,ITC.NS
09-10-2023,1092.873779,1123.050049,1133.800049,1109,1111,1080276,SUNPHARMA.NS
09-10-2023,789.0113525,802.7700195,813.5,801.7999878,810.2050171,7478000,BAJFINANCE.NS
06-10-2023,3300.885986,3621.399902,3634.949951,3575.050049,3591,2075691,TCS.NS
06-10-2023,1345.273193,1478.699951,1484.5,1463.300049,1469.5,3598672,INFY.NS
06-10-2023,1145.189941,1159,1162.400024,1156.025024,1158.525024,5431026,RELIANCE.NS
06-10-2023,734.4528809,767.0250244,772.5,764.9249878,772,17759356,HDFCBANK.NS
06-10-2023,929.9568481,945.2000122,946.5499878,938,946,6355755,ICICIBANK.NS
06-10-2023,913.282959,926.0499878,929.2000122,924.2999878,929.2000122,2420855,BHARTIARTL.NS
06-10-2023,379.5211792,425.7529602,427.1492004,420.4569397,421.6124268,8742804,ITC.NS
06-10-2023,1097.009644,1127.300049,1132.150024,1123.099976,1128,1056281,SUNPHARMA.NS
06-10-2023,802.8549194,816.8549805,819.2000122,784.5,785,21450340,BAJFINANCE.NS
05-10-2023,3271.673096,3589.350098,3624,3551.199951,3554,2990768,TCS.NS
05-10-2023,1331.399292,1463.449951,1475.650024,1450.199951,1452,7384621,INFY.NS
05-10-2023,1143.263184,1157.050049,1164.699951,1154.5,1159.625,10953682,RELIANCE.NS
05-10-2023,735.2667236,767.875,775.7750244,766.2999878,767.5250244,48512674,HDFCBANK.NS
05-10-2023,925.6768799,940.8499756,943.9500122,934.5499878,935.2000122,10478856,ICICIBANK.NS
05-10-2023,916.0443726,928.8499756,929.5999756,919.4000244,925.0499878,7063132,BHARTIARTL.NS
05-10-2023,374.2852478,419.8791809,424.1641541,418.9162903,423.6827087,10416552,ITC.NS
05-10-2023,1089.029785,1119.099976,1128.650024,1111.800049,1124.650024,2348562,SUNPHARMA.NS
05-10-2023,771.6343994,785.0900269,791.4849854,782.6900024,791.4849854,7950610,BAJFINANCE.NS
04-10-2023,3224.639404,3537.75,3548,3477.300049,3486.300049,1788138,TCS.NS
04-10-2023,1314.022827,1444.349976,1449.949951,1418.199951,1425,4510406,INFY.NS
04-10-2023,1143.287842,1157.074951,1159.5,1147.550049,1154.5,10286386,RELIANCE.NS
04-10-2023,732.2983398,764.7750244,767.5,744.625,747.5,54649430,HDFCBANK.NS
04-10-2023,915.0510864,930.0499878,935.5,925,935,17334739,ICICIBANK.NS
04-10-2023,911.5077515,924.25,925.9500122,918.2999878,918.2999878,5603669,BHARTIARTL.NS
04-10-2023,374.328125,419.9273376,425.3196716,417.2311707,423.4419861,13912656,ITC.NS
04-10-2023,1093.60376,1123.800049,1139,1113,1138.099976,1803871,SUNPHARMA.NS
04-10-2023,771.9440308,785.4050293,804.2999878,782,802.5,11763840,BAJFINANCE.NS
03-10-2023,3202.854736,3513.850098,3534.199951,3480.100098,3534.199951,1948148,TCS.NS
03-10-2023,1304.606812,1434,1437,1420.300049,1436.050049,4181867,INFY.NS
03-10-2023,1145.263794,1159.074951,1167.800049,1158,1164.974976,8859056,RELIANCE.NS
03-10-2023,722.0048828,754.0250244,763.5,753,763.5,38971694,HDFCBANK.NS
03-10-2023,925.1358032,940.2999878,951.5999756,939,951.5999756,11131636,ICICIBANK.NS
03-10-2023,912.5432739,925.2999878,928.25,916.0499878,918.25,4338272,BHARTIARTL.NS
03-10-2023,377.4611511,423.4419861,426.4751587,422.9605103,424.6456299,7770032,ITC.NS
03-10-2023,1110.779297,1141.449951,1161.949951,1139.25,1159.550049,1946966,SUNPHARMA.NS
03-10-2023,783.1043701,796.7600098,797.5499878,775.5,778.0800171,9445550,BAJFINANCE.NS
29-09-2023,3216.299316,3528.600098,3568.449951,3505.550049,3537.199951,2243791,TCS.NS
29-09-2023,1305.925781,1435.449951,1446.800049,1416,1432.099976,6068968,INFY.NS
29-09-2023,1158.528931,1172.5,1184.550049,1167.050049,1170.900024,12342014,RELIANCE.NS
29-09-2023,730.7423706,763.1500244,767.7249756,761.1500244,761.8499756,32053782,HDFCBANK.NS
29-09-2023,936.5487671,951.9000244,956,943.7000122,946.7000122,10447334,ICICIBANK.NS
29-09-2023,913.6281128,926.4000244,936.4000244,921.7999878,932,5608557,BHARTIARTL.NS
29-09-2023,381.4524536,427.9195251,429.0750427,422.912384,425.608551,8474326,ITC.NS
29-09-2023,1127.51709,1158.650024,1167.400024,1134.300049,1134.300049,2288577,SUNPHARMA.NS
29-09-2023,767.6882324,781.0750122,784.7999878,772.5,773.9000244,5730050,BAJFINANCE.NS
28-09-2023,3223.727539,3536.75,3602.800049,3527.350098,3600,1755753,TCS.NS
28-09-2023,1309.564941,1439.449951,1472.599976,1435,1467.900024,5814602,INFY.NS
28-09-2023,1153.143921,1167.050049,1191.5,1162.5,1191.5,14518346,RELIANCE.NS
28-09-2023,729.4975586,761.8499756,768.7999878,759.1749878,767,55354188,HDFCBANK.NS
28-09-2023,927.3987427,942.5999756,947.25,934.75,945.5,25991282,ICICIBANK.NS
28-09-2023,912.8884888,925.6500244,932,918.5999756,926,7386917,BHARTIARTL.NS
28-09-2023,378.3194885,424.4049072,433.2637024,423.2975464,433.2637024,10610213,ITC.NS
28-09-2023,1101.875122,1132.300049,1152,1128.849976,1142.949951,2685663,SUNPHARMA.NS
28-09-2023,760.6361694,773.9000244,782.9000244,771.8049927,780.4749756,7775050,BAJFINANCE.NS
27-09-2023,3271.626953,3589.300049,3614,3555.699951,3590,1541134,TCS.NS
27-09-2023,1334.628906,1467,1469.599976,1450.050049,1456,3863586,INFY.NS
27-09-2023,1170.33667,1184.449951,1185.900024,1169.25,1171.75,11722778,RELIANCE.NS
27-09-2023,731.0056152,763.4249878,766.25,757.5,761.5,39338538,HDFCBANK.NS
27-09-2023,927.890625,943.0999756,946.5,934.4000244,946.2999878,15152973,ICICIBANK.NS
27-09-2023,907.5629272,920.25,921.0499878,907.4500122,914.9500122,4713145,BHARTIARTL.NS
27-09-2023,385.5296631,432.4933777,433.1192627,422.5272217,426.0418396,10894817,ITC.NS
27-09-2023,1109.319702,1139.949951,1145.900024,1123.199951,1126.150024,2332018,SUNPHARMA.NS
27-09-2023,770.3222656,783.7550049,785.5,774.2750244,785.5,7441100,BAJFINANCE.NS
26-09-2023,3268.345459,3585.699951,3594.949951,3536,3567.600098,1726062,TCS.NS
26-09-2023,1328.852051,1460.650024,1479.900024,1459,1479.150024,3996528,INFY.NS
26-09-2023,1157.293945,1171.25,1175.099976,1167.800049,1169.275024,10087782,RELIANCE.NS
26-09-2023,736.1763306,768.8250122,770,762.5,762.5,27575308,HDFCBANK.NS
26-09-2023,933.4003906,948.7000122,958.9500122,947.0999756,958.9500122,10521409,ICICIBANK.NS
26-09-2023,900.1170044,912.7000122,920.9500122,908,910,5355047,BHARTIARTL.NS
26-09-2023,379.7786865,426.0418396,428.0158386,423.3938293,427.1492004,5533023,ITC.NS
26-09-2023,1095.598267,1125.849976,1130,1118.5,1125,1966198,SUNPHARMA.NS
26-09-2023,773.5755005,787.0650024,789.9949951,777.5,781.9899902,12468200,BAJFINANCE.NS
25-09-2023,3260.552246,3577.149902,3620,3558.649902,3602.5,1238778,TCS.NS
25-09-2023,1341.133789,1474.150024,1489.849976,1471.550049,1489.849976,4217863,INFY.NS
25-09-2023,1156.281128,1170.224976,1180.349976,1167.550049,1175.199951,14254884,RELIANCE.NS
25-09-2023,732.9925537,765.5,770.3499756,762.5,762.5,40208754,HDFCBANK.NS
25-09-2023,940.9269409,956.3499756,961.2000122,941.5,950.2999878,8997098,ICICIBANK.NS
25-09-2023,897.8487549,910.4000244,913.3499756,902.0499878,912,5278045,BHARTIARTL.NS
25-09-2023,379.9074402,426.1862793,428.3046875,422.0939026,426.6677551,6005673,ITC.NS
25-09-2023,1093.84668,1124.050049,1136.800049,1121.650024,1126.199951,1009279,SUNPHARMA.NS
25-09-2023,768.5825806,781.9849854,784.9899902,751,757.5,23475330,BAJFINANCE.NS
22-09-2023,3284.707031,3603.649902,3633.75,3565.050049,3584,1989083,TCS.NS
22-09-2023,1361.148682,1496.150024,1506.949951,1485.199951,1491.900024,5455613,INFY.NS
22-09-2023,1163.444702,1177.474976,1191.224976,1175,1188,19176786,RELIANCE.NS
22-09-2023,732.3462524,764.8250122,782.2000122,761.875,779.5,61704250,HDFCBANK.NS
22-09-2023,934.9745483,950.2999878,960.9000244,947.4000244,956.5,12701888,ICICIBANK.NS
22-09-2023,898.8349609,911.4000244,922.3499756,903.7999878,917.9500122,6112928,BHARTIARTL.NS
22-09-2023,380.3366089,426.6677551,431.7712097,425.8492737,430.9045715,7795399,ITC.NS
22-09-2023,1101.923828,1132.349976,1148,1128.300049,1142.5,1585418,SUNPHARMA.NS
22-09-2023,734.329895,747.1350098,757.7000122,745.3599854,749.3950195,5263040,BAJFINANCE.NS
21-09-2023,3267.980957,3585.300049,3605,3528,3588.550049,2004073,TCS.NS
21-09-2023,1366.243408,1501.75,1504.550049,1476,1486.550049,6779195,INFY.NS
21-09-2023,1168.311035,1182.400024,1195.050049,1180,1187.474976,12226182,RELIANCE.NS
21-09-2023,743.6929932,776.6749878,784.4749756,768.5250244,776.5,72841442,HDFCBANK.NS
21-09-2023,943.8294067,959.2999878,982.5,957.4500122,979.9500122,19742813,ICICIBANK.NS
21-09-2023,905.2946167,917.9500122,920.1500244,903.3499756,910.2000122,4896202,BHARTIARTL.NS
21-09-2023,384.1134033,430.9045715,436.7301941,428.0158386,436.0080261,11132308,ITC.NS
21-09-2023,1115.353027,1146.150024,1156.949951,1141.150024,1149,2088934,SUNPHARMA.NS
21-09-2023,735.5928955,748.4199829,758.3649902,742.5,753,6757250,BAJFINANCE.NS
20-09-2023,3286.894531,3606.050049,3625,3580,3580,1649396,TCS.NS
20-09-2023,1355.781128,1490.25,1495.099976,1476.199951,1476.199951,4169337,INFY.NS
20-09-2023,1176.88269,1191.074951,1213.800049,1177.5,1211.525024,57081884,RELIANCE.NS
20-09-2023,748.6483154,781.8499756,799.5,780.2000122,799.5,115474648,HDFCBANK.NS
20-09-2023,971.2302856,987.1500244,996,980.6500244,981.5499878,25741856,ICICIBANK.NS
20-09-2023,898.1445923,910.7000122,919.2999878,904.7999878,911,5241903,BHARTIARTL.NS
20-09-2023,388.7913818,436.1524658,438.2227173,432.87854,434.948822,10343224,ITC.NS
20-09-2023,1122.164917,1153.150024,1156,1139,1148,2303191,SUNPHARMA.NS
20-09-2023,740.9790039,753.9000244,764.7000122,748.2999878,748.8649902,8441900,BAJFINANCE.NS
18-09-2023,3286.985352,3606.149902,3619.300049,3575.25,3580.050049,1395753,TCS.NS
18-09-2023,1357.191406,1491.800049,1504.900024,1488,1504.900024,3991916,INFY.NS
18-09-2023,1203.709106,1218.224976,1225.5,1216.025024,1220.025024,7516300,RELIANCE.NS
18-09-2023,779.93573,814.5250244,827.5,813.0499878,826.875,37056288,HDFCBANK.NS
18-09-2023,974.2310791,990.2000122,996.25,987.2999878,990.0999756,16713222,ICICIBANK.NS
18-09-2023,907.5136108,920.2000122,935.7999878,918,929.4000244,2977375,BHARTIARTL.NS
18-09-2023,388.0188904,435.2858276,437.1635132,429.652771,431.723053,8513132,ITC.NS
18-09-2023,1116.812744,1147.650024,1157,1142.550049,1149,962842,SUNPHARMA.NS
18-09-2023,741.9274292,754.8649902,756,746.5,748.8900146,7066180,BAJFINANCE.NS
15-09-2023,3279.830322,3598.300049,3607.350098,3562.449951,3567.850098,2952897,TCS.NS
15-09-2023,1375.204712,1511.599976,1518.400024,1509,1518,8657816,INFY.NS
15-09-2023,1214.281738,1228.925049,1234,1224.75,1234,25468592,RELIANCE.NS
15-09-2023,795.5914307,830.875,835,825,825,173411202,HDFCBANK.NS
15-09-2023,976.4448242,992.4500122,997.5,988.5999756,990.3499756,13307980,ICICIBANK.NS
15-09-2023,923.2437134,936.1500244,948.7000122,910,912.5999756,14003428,BHARTIARTL.NS
15-09-2023,384.8429565,431.723053,435.3339844,430.4231262,431.4341736,15657801,ITC.NS
15-09-2023,1118.905029,1149.800049,1153.800049,1144,1144,2404169,SUNPHARMA.NS
15-09-2023,736.3792114,749.2199707,756.5150146,745.5549927,749.9000244,7874940,BAJFINANCE.NS
14-09-2023,3244.966064,3560.050049,3597.699951,3545.600098,3570.050049,2604721,TCS.NS
14-09-2023,1370.974121,1506.949951,1512.550049,1499.150024,1505,6444213,INFY.NS
14-09-2023,1212.033936,1226.650024,1232.900024,1222.5,1230,9209636,RELIANCE.NS
14-09-2023,786.5665894,821.4500122,825,817.5499878,822.125,23538848,HDFCBANK.NS
14-09-2023,971.7714233,987.7000122,992.9000244,982.25,992.2999878,11464188,ICICIBANK.NS
14-09-2023,902.3359985,914.9500122,920.5999756,910.0999756,920.2999878,5513106,BHARTIARTL.NS
14-09-2023,386.2163086,433.2637024,438.9930725,430.5675659,438.9930725,14986708,ITC.NS
14-09-2023,1113.066162,1143.800049,1150.900024,1138.75,1148.75,2065163,SUNPHARMA.NS
14-09-2023,736.5855713,749.4299927,751.1699829,742.7050171,747.5900269,6503720,BAJFINANCE.NS
13-09-2023,3252.075439,3567.850098,3588.850098,3545,3571.100098,1754929,TCS.NS
13-09-2023,1363.150269,1498.349976,1505,1488.650024,1505,4804686,INFY.NS
13-09-2023,1210.922241,1225.525024,1231.324951,1213.125,1220,12803338,RELIANCE.NS
13-09-2023,787.0454102,821.9500122,825.7999878,814.2999878,815.6500244,46420094,HDFCBANK.NS
13-09-2023,973.8374634,989.7999878,994.8499756,980.5499878,989.7999878,21997553,ICICIBANK.NS
13-09-2023,902.5332031,915.1500244,918,885.5499878,888.0499878,5222561,BHARTIARTL.NS
13-09-2023,389.2634888,436.6820679,440.0522766,434.3710632,435.4302673,12268130,ITC.NS
13-09-2023,1117.883057,1148.75,1156.699951,1142.300049,1149,2115524,SUNPHARMA.NS
13-09-2023,734.7770996,747.5900269,750.8250122,738.0650024,742.9299927,5798460,BAJFINANCE.NS
12-09-2023,3263.87915,3580.800049,3589.899902,3483,3492,4476016,TCS.NS
12-09-2023,1365.652222,1501.099976,1504,1477.099976,1482.5,6793161,INFY.NS
12-09-2023,1204.894897,1219.425049,1241.5,1217.974976,1241.5,16255666,RELIANCE.NS
12-09-2023,783.6940308,818.4500122,821.4500122,812.5250244,820,39033340,HDFCBANK.NS
12-09-2023,974.5262451,990.5,995.1500244,982.6500244,990.0999756,20959591,ICICIBANK.NS
12-09-2023,878.1244507,890.4000244,896.5,885,894.9000244,4106031,BHARTIARTL.NS
12-09-2023,387.2463684,434.41922,437.4523926,429.0750427,432.252655,14961276,ITC.NS
12-09-2023,1114.477051,1145.25,1153.800049,1137.099976,1142.050049,3989578,SUNPHARMA.NS
12-09-2023,730.3935547,743.1300049,745.9000244,730.5499878,742.0999756,9635170,BAJFINANCE.NS
11-09-2023,3172.593018,3480.649902,3485.699951,3445,3462,1783604,TCS.NS
11-09-2023,1343.226318,1476.449951,1478.050049,1464.5,1469.599976,4182226,INFY.NS
11-09-2023,1222.556885,1237.300049,1238.425049,1226,1226,13271074,RELIANCE.NS
11-09-2023,781.2523804,815.9000244,818.25,812,814.4500122,31573022,HDFCBANK.NS
11-09-2023,962.4737549,978.25,982,969.3499756,974.9500122,7894110,ICICIBANK.NS
11-09-2023,878.5189209,890.7999878,892.2999878,883.5999756,888,2733894,BHARTIARTL.NS
11-09-2023,383.8558655,430.6156921,431.4823303,426.234436,429.4602051,9679540,ITC.NS
11-09-2023,1106.351563,1136.900024,1140,1125.699951,1130.449951,2032253,SUNPHARMA.NS
11-09-2023,726.49646,739.164978,744.4000244,736.2000122,742.5,4068490,BAJFINANCE.NS
08-09-2023,3137.272705,3441.899902,3465,3435.050049,3455.25,1518917,TCS.NS
08-09-2023,1336.994385,1469.599976,1474.75,1460.199951,1463.5,3125838,INFY.NS
08-09-2023,1209.51416,1224.099976,1228,1211.474976,1220,23109288,RELIANCE.NS
08-09-2023,777.2306519,811.7000122,816.4500122,803.7999878,804.1500244,34502210,HDFCBANK.NS
08-09-2023,954.8979492,970.5499878,975,961.25,967.5,13086915,ICICIBANK.NS
08-09-2023,873.637146,885.8499756,890.6500244,878.1500244,881.7999878,3741470,BHARTIARTL.NS
08-09-2023,379.9503479,426.234436,431.2897339,425.4641113,431.2897339,10322317,ITC.NS
08-09-2023,1100.074707,1130.449951,1138.050049,1128.5,1133,1789037,SUNPHARMA.NS
08-09-2023,728.3639526,741.0650024,744.9949951,737,739,6246420,BAJFINANCE.NS
07-09-2023,3149.441406,3455.25,3460,3422.300049,3430.800049,1885092,TCS.NS
07-09-2023,1333.901123,1466.199951,1473.400024,1462.050049,1470.599976,4411743,INFY.NS
07-09-2023,1201.51062,1216,1219.125,1205.5,1210.849976,13652572,RELIANCE.NS
07-09-2023,771.222168,805.4249878,807,793.5750122,797.75,34208342,HDFCBANK.NS
07-09-2023,950.0770264,965.6500244,969.5,954.7000122,957.4000244,13462347,ICICIBANK.NS
07-09-2023,863.232605,875.2999878,883.7000122,873.1500244,880.2999878,4532834,BHARTIARTL.NS
07-09-2023,382.7400208,429.3639221,432.348938,428.1121216,432.1563721,8401953,ITC.NS
07-09-2023,1102.605103,1133.050049,1141.449951,1128.599976,1140,1863837,SUNPHARMA.NS
07-09-2023,723.7002563,736.3200073,738.7800293,730.3699951,738,5496220,BAJFINANCE.NS
06-09-2023,3126.334473,3429.899902,3443.899902,3398.100098,3434,1314818,TCS.NS
06-09-2023,1344.135986,1477.449951,1482.900024,1463.300049,1481.900024,5075786,INFY.NS
06-09-2023,1199.880249,1214.349976,1218.074951,1208.625,1210.550049,8200370,RELIANCE.NS
06-09-2023,763.8730469,797.75,800,787.4500122,788.4000244,56320910,HDFCBANK.NS
06-09-2023,942.0584717,957.5,969.5,950.7999878,962.5499878,30802100,ICICIBANK.NS
06-09-2023,868.1636353,880.2999878,882.4000244,865.7999878,867.1500244,4235096,BHARTIARTL.NS
06-09-2023,384.0704651,430.8564148,431.8674927,425.608551,427.4862366,13358433,ITC.NS
06-09-2023,1111.655151,1142.349976,1149,1129.050049,1137,2960249,SUNPHARMA.NS
06-09-2023,726.118103,738.7800293,739.7000122,729.0700073,731.5300293,6051570,BAJFINANCE.NS
05-09-2023,3125.833252,3429.350098,3447,3405.149902,3420,1501842,TCS.NS
05-09-2023,1345.4552,1478.900024,1480.050049,1456.5,1465,5496840,INFY.NS
05-09-2023,1197.36084,1211.800049,1216.974976,1206.224976,1210,8675876,RELIANCE.NS
05-09-2023,754.010498,787.4500122,794.2000122,785.2999878,794.2000122,38712082,HDFCBANK.NS
05-09-2023,952.7826538,968.4000244,970,962.25,964.0999756,16623486,ICICIBANK.NS
05-09-2023,853.9622192,865.9000244,867.7999878,858.4000244,863.0999756,2216754,BHARTIARTL.NS
05-09-2023,380.3366089,426.6677551,428.0158386,422.2383423,422.6235046,8701612,ITC.NS
05-09-2023,1101.48584,1131.900024,1136,1107.199951,1110,1698118,SUNPHARMA.NS
05-09-2023,721.9212646,734.5100098,735.8449707,728,728.2999878,12213530,BAJFINANCE.NS
04-09-2023,3115.943848,3418.5,3432.850098,3370.050049,3378,1828332,TCS.NS
04-09-2023,1332.900391,1465.099976,1470,1434.699951,1443,4609014,INFY.NS
04-09-2023,1190.987549,1205.349976,1211.824951,1202.650024,1206.324951,9347626,RELIANCE.NS
04-09-2023,758.6306763,792.2750244,795.7249756,787.4500122,795,25073638,HDFCBANK.NS
04-09-2023,951.7495728,967.3499756,969.0499878,960.5499878,968.7000122,9512956,ICICIBANK.NS
04-09-2023,853.3704834,865.2999878,869.4500122,859.7000122,865.75,3102649,BHARTIARTL.NS
04-09-2023,375.5298462,421.2754211,426.9084778,420.4569397,426.9084778,14128562,ITC.NS
04-09-2023,1079.103882,1108.900024,1114,1102,1114,1205294,SUNPHARMA.NS
04-09-2023,714.5645752,727.0250244,737,725.8400269,737,5813630,BAJFINANCE.NS
01-09-2023,3080.121826,3379.199951,3389,3356.800049,3366,1277950,TCS.NS
01-09-2023,1313.567871,1443.849976,1446,1428.199951,1430.949951,3582133,INFY.NS
01-09-2023,1191.950928,1206.324951,1212.824951,1200.824951,1203.275024,18112842,RELIANCE.NS
01-09-2023,753.9147339,787.3499756,789.5,779.6749878,785.5,43226776,HDFCBANK.NS
01-09-2023,953.0778809,968.7000122,973.0499878,952.7999878,956.9000244,16268147,ICICIBANK.NS
01-09-2023,854.0115356,865.9500122,867.5499878,852.75,853.1500244,4427899,BHARTIARTL.NS
01-09-2023,378.5769348,424.6937561,428.4972839,422.0457458,423.6827087,11879159,ITC.NS
01-09-2023,1079.201172,1109,1117.5,1105.75,1112,2715249,SUNPHARMA.NS
01-09-2023,719.5133057,732.0599976,732.9400024,715.5,716.8549805,6760760,BAJFINANCE.NS
31-08-2023,3059.704346,3356.800049,3417.399902,3343.649902,3401,3417652,TCS.NS
31-08-2023,1305.925781,1435.449951,1444.900024,1428.650024,1435.150024,9792735,INFY.NS
31-08-2023,1189.159546,1203.5,1212.5,1199.949951,1211.5,21638600,RELIANCE.NS
31-08-2023,752.3586426,785.7249756,791.5750122,781.5499878,789.5,100075772,HDFCBANK.NS
31-08-2023,943.288269,958.75,966.2000122,954.0499878,960,36675400,ICICIBANK.NS
31-08-2023,844.5932617,856.4000244,859.5,847.0499878,855.5,12528190,BHARTIARTL.NS
31-08-2023,377.4182129,423.3938293,428.401001,419.9273376,426.5714417,20666732,ITC.NS
31-08-2023,1081.731445,1111.599976,1118.849976,1101.699951,1118.849976,4782404,SUNPHARMA.NS
31-08-2023,704.0233154,716.2999878,728.5,713.5,728,14129800,BAJFINANCE.NS
30-08-2023,3090.832031,3390.949951,3408.100098,3383.050049,3398,1188200,TCS.NS
30-08-2023,1305.652832,1435.150024,1436.650024,1424,1427,3070887,INFY.NS
30-08-2023,1194.618774,1209.025024,1221.5,1207.5,1216,12168946,RELIANCE.NS
30-08-2023,755.8297729,789.3499756,801.9749756,786.8499756,801.9749756,28084204,HDFCBANK.NS
30-08-2023,943.4359131,958.9000244,975.9000244,955.4000244,970.4500122,13936165,ICICIBANK.NS
30-08-2023,845.9245605,857.75,862.5999756,856.4500122,859.8499756,3261665,BHARTIARTL.NS
30-08-2023,380.0791016,426.3788757,427.5343628,424.1641541,424.6456299,7648569,ITC.NS
30-08-2023,1084.942749,1114.900024,1119.150024,1110.5,1117.5,1543173,SUNPHARMA.NS
30-08-2023,714.3532104,726.8099976,733.0900269,725.7999878,732.5999756,4602680,BAJFINANCE.NS
29-08-2023,3077.341797,3376.149902,3389.550049,3365,3381.050049,944517,TCS.NS
29-08-2023,1289.732056,1417.650024,1424.400024,1415.300049,1424,3074444,INFY.NS
29-08-2023,1195.755127,1210.175049,1226.724976,1204.074951,1226.025024,16876644,RELIANCE.NS
29-08-2023,761.3834839,795.1500244,796.3250122,790.7249756,794.8499756,35538932,HDFCBANK.NS
29-08-2023,952.1431274,967.75,977.25,965.6500244,973.2999878,13209913,ICICIBANK.NS
29-08-2023,843.40979,855.2000122,870,848.5,870,14064286,BHARTIARTL.NS
29-08-2023,377.7615662,423.7789917,427.5343628,422.912384,426.5233154,9845106,ITC.NS
29-08-2023,1081.731445,1111.599976,1125.050049,1106.449951,1125.050049,1749707,SUNPHARMA.NS
29-08-2023,716.8349609,729.335022,731.0949707,723.5999756,725,14183050,BAJFINANCE.NS
28-08-2023,3076.794922,3375.550049,3394,3360.100098,3394,1037485,TCS.NS
28-08-2023,1287.912598,1415.650024,1424.800049,1411.400024,1420.099976,3133464,INFY.NS
28-08-2023,1207.315674,1221.875,1242,1215.550049,1236,12580826,RELIANCE.NS
28-08-2023,755.374939,788.875,791.3250122,780.75,780.75,28867238,HDFCBANK.NS
28-08-2023,954.8979492,970.5499878,975,965.0499878,969.9500122,10481574,ICICIBANK.NS
28-08-2023,858.3508301,870.3499756,875.75,865.8499756,874.0499878,3094455,BHARTIARTL.NS
28-08-2023,378.8774109,425.0307922,430.2786865,424.6456299,428.4972839,7176903,ITC.NS
28-08-2023,1086.986328,1117,1124.150024,1105.150024,1110.050049,1959645,SUNPHARMA.NS
28-08-2023,711.1589355,723.5599976,726.0999756,713.8099976,722.4949951,7036260,BAJFINANCE.NS
25-08-2023,3082.036133,3381.300049,3385.800049,3350.25,3375,1158046,TCS.NS
25-08-2023,1291.960938,1420.099976,1422.5,1411.400024,1413,4307172,INFY.NS
25-08-2023,1219.469116,1234.175049,1252.5,1221.300049,1228,22222400,RELIANCE.NS
25-08-2023,747.5949707,780.75,788.75,779.2000122,787.2750244,30069756,HDFCBANK.NS
25-08-2023,954.7504272,970.4000244,972.5999756,960.2000122,962.9500122,10275758,ICICIBANK.NS
25-08-2023,861.4574585,873.5,875.9500122,861.0999756,869.4500122,3124339,BHARTIARTL.NS
25-08-2023,380.551178,426.9084778,434.2747803,425.6566772,434.1784973,9628041,ITC.NS
25-08-2023,1076.57373,1106.300049,1123.300049,1100.25,1118,1515282,SUNPHARMA.NS
25-08-2023,708.7902832,721.1500244,727.8099976,710.0999756,711.5,13032760,BAJFINANCE.NS
24-08-2023,3087.916016,3387.75,3413.050049,3378.100098,3408,1152881,TCS.NS
24-08-2023,1295.145142,1423.599976,1425.050049,1414.449951,1421.5,5171963,INFY.NS
24-08-2023,1225.125854,1239.900024,1269.949951,1235.5,1269.949951,14140020,RELIANCE.NS
24-08-2023,756.1170654,789.6500244,798.0999756,788.0750122,796.6500244,43145792,HDFCBANK.NS
24-08-2023,953.3237915,968.9500122,982.4000244,966.75,972.5,28389740,ICICIBANK.NS
24-08-2023,857.4632568,869.4500122,874.7000122,864.2000122,873,2842728,BHARTIARTL.NS
24-08-2023,387.0317993,434.1784973,436.6820679,432.6378174,433.8896179,6322751,ITC.NS
24-08-2023,1088.251343,1118.300049,1133.099976,1113.199951,1123.599976,1575291,SUNPHARMA.NS
24-08-2023,701.512207,713.7449951,718.5949707,712.0999756,715,9103600,BAJFINANCE.NS
23-08-2023,3097.48584,3398.25,3402,3376,3388,1330046,TCS.NS
23-08-2023,1280.907104,1407.949951,1416.599976,1405.650024,1416,2559125,INFY.NS
23-08-2023,1246.073242,1261.099976,1271.425049,1258.474976,1262.099976,9517952,RELIANCE.NS
23-08-2023,759.6119995,793.2999878,795.2750244,786.625,790,36498588,HDFCBANK.NS
23-08-2023,951.2576294,966.8499756,968.0499878,949.8499756,954,14707331,ICICIBANK.NS
23-08-2023,856.1812744,868.1500244,877,866.7999878,877,1860153,BHARTIARTL.NS
23-08-2023,386.6455078,433.7451782,438.7523193,431.9637756,438.7041931,8770272,ITC.NS
23-08-2023,1093.506104,1123.699951,1130.449951,1110.599976,1128,3050418,SUNPHARMA.NS
23-08-2023,699.4481812,711.6450195,714.9000244,700.2999878,710,8032480,BAJFINANCE.NS
22-08-2023,3082.810791,3382.149902,3411,3365.050049,3400,1222012,TCS.NS
22-08-2023,1277.086182,1403.75,1406.050049,1396.650024,1404.699951,2890714,INFY.NS
22-08-2023,1244.689941,1259.699951,1268.974976,1249.5,1258.449951,7713044,RELIANCE.NS
22-08-2023,757.744873,791.3499756,799,790,798.1749878,32273570,HDFCBANK.NS
22-08-2023,936.6471558,952,956.9500122,949.2999878,956.4000244,16872719,ICICIBANK.NS
22-08-2023,865.5502319,877.6500244,879.9500122,866.2000122,871,3333869,BHARTIARTL.NS
22-08-2023,389.9072571,437.4042358,438.270874,430.4231262,432.348938,10234488,ITC.NS
22-08-2023,1106.984253,1137.550049,1147,1130,1135,1438879,SUNPHARMA.NS
22-08-2023,694.8778687,706.9949951,715.3499756,705,705.1049805,12487800,BAJFINANCE.NS
21-08-2023,3100.585205,3401.649902,3409.75,3372,3375,1375579,TCS.NS
21-08-2023,1278.587402,1405.400024,1407,1387.150024,1389.75,3032722,INFY.NS
21-08-2023,1244.986328,1260,1277.724976,1257.824951,1269.974976,9221746,RELIANCE.NS
21-08-2023,761.0003662,794.75,800.25,793.5,800.25,21837270,HDFCBANK.NS
21-08-2023,939.7955322,955.2000122,959.2999878,948.4000244,950.7000122,13358017,ICICIBANK.NS
21-08-2023,859.928772,871.9500122,874,854.0999756,855.6500244,3220142,BHARTIARTL.NS
21-08-2023,384.3708801,431.1934509,431.8674927,424.9826355,425.608551,9940689,ITC.NS
21-08-2023,1106.838257,1137.400024,1143.900024,1127.150024,1129.949951,941384,SUNPHARMA.NS
21-08-2023,692.7401733,704.8200073,706.2999878,680.0999756,680.0999756,12308310,BAJFINANCE.NS
18-08-2023,3069.093018,3367.100098,3410,3356.5,3410,2526749,TCS.NS
18-08-2023,1263.485352,1388.800049,1408.699951,1386.150024,1403.699951,5134103,INFY.NS
18-08-2023,1258.720825,1278.400024,1288.800049,1254.275024,1265.625,18639978,RELIANCE.NS
18-08-2023,761.598877,795.375,798.1500244,792.75,793.7750244,25633366,HDFCBANK.NS
18-08-2023,935.3189087,950.6500244,955,946,947.9000244,13257508,ICICIBANK.NS
18-08-2023,844.4452515,856.25,862,852.25,856.7000122,4929835,BHARTIARTL.NS
18-08-2023,379.092041,425.2715149,426.9084778,422.2383423,424.6456299,20068497,ITC.NS
18-08-2023,1104.405396,1134.900024,1149.300049,1129,1141,1473774,SUNPHARMA.NS
18-08-2023,674.4490967,686.210022,691.5800171,684.5,689.3499756,7455330,BAJFINANCE.NS
17-08-2023,3131.666992,3435.75,3460.800049,3413.199951,3455,1843241,TCS.NS
17-08-2023,1284.182495,1411.550049,1420,1406,1420,5618346,INFY.NS
17-08-2023,1249.465576,1269,1289.050049,1266.425049,1283.550049,13673744,RELIANCE.NS
17-08-2023,764.7348633,798.6500244,804.9500122,797,798.7999878,52884040,HDFCBANK.NS
17-08-2023,936.3027954,951.6500244,957.7999878,946.4500122,956.9500122,27077611,ICICIBANK.NS
17-08-2023,844.8890991,856.7000122,859.8499756,850,857.2000122,3013019,BHARTIARTL.NS
17-08-2023,378.5340576,424.6456299,433.3118591,423.6827087,433.3118591,16896158,ITC.NS
17-08-2023,1114.039307,1144.800049,1148.949951,1137.5,1143.650024,1964341,SUNPHARMA.NS
17-08-2023,680.4593506,692.3250122,702,690.2999878,702,7101180,BAJFINANCE.NS
16-08-2023,3152.3125,3458.399902,3466,3435.199951,3450,1328445,TCS.NS
16-08-2023,1290.505371,1418.5,1419.949951,1405.400024,1410.800049,7735313,INFY.NS
16-08-2023,1267.754517,1287.574951,1291.400024,1275.5,1275.5,10203112,RELIANCE.NS
16-08-2023,768.9958496,803.0999756,804.8250122,790.6500244,791.5499878,34137542,HDFCBANK.NS
16-08-2023,941.074585,956.5,959.7999878,946.5999756,954.4500122,17930805,ICICIBANK.NS
16-08-2023,845.1356201,856.9500122,874,853.2000122,870,3962408,BHARTIARTL.NS
16-08-2023,386.4738464,433.5525818,440.437439,431.5786133,434.2747803,15494896,ITC.NS
16-08-2023,1112.920166,1143.650024,1145.5,1121.849976,1134.949951,1224080,SUNPHARMA.NS
16-08-2023,686.1844482,698.1500244,699.4000244,692,699.4000244,5987950,BAJFINANCE.NS
14-08-2023,3144.519287,3449.850098,3455,3411,3440.699951,1190425,TCS.NS
14-08-2023,1267.806641,1393.550049,1395,1365.599976,1371.849976,4304135,INFY.NS
14-08-2023,1268.78833,1288.625,1291.150024,1262.5,1269.5,9575812,RELIANCE.NS
14-08-2023,771.2460938,805.4500122,807.5,800.125,805.5,31304410,HDFCBANK.NS
14-08-2023,944.0753174,959.5499878,962.9000244,946,949,19026691,ICICIBANK.NS
14-08-2023,855.0963745,867.0499878,870.5999756,857.5999756,870.5,2665905,BHARTIARTL.NS
14-08-2023,385.5726013,432.5415344,434.5155029,428.5454407,432.1082153,7854074,ITC.NS
14-08-2023,1103.772827,1134.25,1142,1120.5,1131,1824622,SUNPHARMA.NS
14-08-2023,689.7767944,701.8049927,705.8900146,694.0549927,704,6937850,BAJFINANCE.NS
11-08-2023,3143.562256,3448.800049,3466.649902,3414,3438.100098,1679974,TCS.NS
11-08-2023,1248.064575,1371.849976,1396.849976,1367.050049,1392,5783517,INFY.NS
11-08-2023,1253.969971,1273.574951,1279.425049,1256.175049,1266.224976,22179330,RELIANCE.NS
11-08-2023,775.0283203,809.4000244,819.2000122,808.0999756,819.2000122,28225822,HDFCBANK.NS
11-08-2023,937.4833984,952.8499756,963.5,950,963.4000244,17162177,ICICIBANK.NS
11-08-2023,858.5480957,870.5499878,873.7000122,865,872,2812690,BHARTIARTL.NS
11-08-2023,385.1863098,432.1082153,437.0672302,428.2565613,437.0672302,12028396,ITC.NS
11-08-2023,1101.923828,1132.349976,1151,1130.5,1150.050049,1756630,SUNPHARMA.NS
11-08-2023,693.9588623,706.0599976,715.9000244,703.1049805,714.3850098,6303960,BAJFINANCE.NS
10-08-2023,3137.455566,3442.100098,3464.899902,3430.050049,3450,1096701,TCS.NS
10-08-2023,1263.758179,1389.099976,1395.800049,1385.599976,1391.599976,3873025,INFY.NS
10-08-2023,1248.702393,1268.224976,1275,1254.224976,1262.474976,15470598,RELIANCE.NS
10-08-2023,783.1912842,817.9249878,827.125,815.5,823.5250244,50781118,HDFCBANK.NS
10-08-2023,948.552002,964.0999756,973.6500244,959.4500122,971.5499878,24858441,ICICIBANK.NS
10-08-2023,858.7946777,874.7999878,883.9000244,868.2000122,882,3439922,BHARTIARTL.NS
10-08-2023,387.7613525,434.9969482,442.2669678,432.348938,441.8818054,13702317,ITC.NS
10-08-2023,1119.391479,1150.300049,1157.900024,1143.599976,1150.599976,1443067,SUNPHARMA.NS
10-08-2023,702.1412354,714.3850098,717.4000244,709.2000122,710.0050049,6161300,BAJFINANCE.NS
09-08-2023,3156.049561,3462.5,3467,3425.050049,3464.899902,1794589,TCS.NS
09-08-2023,1268.579834,1394.400024,1396,1382.5,1384,4090828,INFY.NS
09-08-2023,1243.16394,1262.599976,1264.5,1240.550049,1252.425049,11486586,RELIANCE.NS
09-08-2023,790.2052002,825.25,827.25,815.5499878,826.5,33361236,HDFCBANK.NS
09-08-2023,957.0133057,972.7000122,975.2999878,963.5999756,974.9500122,19317331,ICICIBANK.NS
09-08-2023,867.5318604,883.7000122,897.4500122,878.7999878,885,3185159,BHARTIARTL.NS
09-08-2023,393.684021,441.6410828,442.8447266,430.3268127,435.574707,10134166,ITC.NS
09-08-2023,1121.824341,1152.800049,1159.300049,1140.300049,1151.150024,1306791,SUNPHARMA.NS
09-08-2023,700.322876,712.5349731,721.4000244,709,720,5115720,BAJFINANCE.NS
08-08-2023,3163.432861,3470.600098,3489.949951,3456.600098,3484.050049,1634225,TCS.NS
08-08-2023,1264.759033,1390.199951,1393.550049,1384.400024,1392.849976,4161877,INFY.NS
08-08-2023,1235.016357,1254.324951,1267.224976,1249.775024,1264,9844072,RELIANCE.NS
08-08-2023,789.9180298,824.9500122,827.7999878,821.0250244,825.8499756,43773828,HDFCBANK.NS
08-08-2023,956.2261963,979.9000244,986.5999756,972.2999878,975.75,23784778,ICICIBANK.NS
08-08-2023,869.2007446,885.4000244,894.2999878,880.4500122,892,3282856,BHARTIARTL.NS
08-08-2023,388.2763672,435.574707,440.0522766,434.3229065,440.0522766,6638681,ITC.NS
08-08-2023,1117.785767,1148.650024,1164.599976,1139.949951,1162.199951,3073468,SUNPHARMA.NS
08-08-2023,705.0651855,717.3599854,720.5,708.5150146,713.5,8073620,BAJFINANCE.NS
07-08-2023,3175.692139,3484.050049,3488,3441.25,3453.949951,1853889,TCS.NS
07-08-2023,1267.306274,1393,1395,1377,1387.900024,3729093,INFY.NS
07-08-2023,1242.499512,1261.925049,1264.199951,1252.5,1260.5,5982870,RELIANCE.NS
07-08-2023,790.5643311,825.625,831.5499878,823.7750244,831.5499878,28300918,HDFCBANK.NS
07-08-2023,952.0788574,975.6500244,981.5,968.2000122,970.9500122,16686062,ICICIBANK.NS
07-08-2023,875.0910034,891.4000244,900.5499878,884.0999756,885.1500244,4086452,BHARTIARTL.NS
07-08-2023,390.4651794,438.0301514,439.6189575,434.2266235,437.2598267,9513953,ITC.NS
07-08-2023,1129.609375,1160.800049,1166.75,1133.5,1138.949951,3353219,SUNPHARMA.NS
07-08-2023,700.0084229,712.2150269,718.2750244,707.1599731,716.2000122,7184090,BAJFINANCE.NS
04-08-2023,3138.776611,3443.550049,3471,3401.25,3401.25,2248493,TCS.NS
04-08-2023,1253.978271,1378.349976,1385.900024,1362,1368.900024,5712345,INFY.NS
04-08-2023,1235.459473,1254.775024,1258,1235.800049,1249.400024,22885610,RELIANCE.NS
04-08-2023,791.019104,826.0999756,828.25,814.625,817.5750122,37388304,HDFCBANK.NS
04-08-2023,947.0532837,970.5,976,961.25,968.6500244,20582882,ICICIBANK.NS
04-08-2023,873.3730469,889.6500244,892.9500122,866.2000122,869,7066276,BHARTIARTL.NS
04-08-2023,390.5081177,438.0782776,444.289093,437.4042358,439.3782349,7097614,ITC.NS
04-08-2023,1108.346313,1138.949951,1145,1121.050049,1129,3527805,SUNPHARMA.NS
04-08-2023,702.6178589,714.8699951,720.5,707.1300049,713.9000244,7313490,BAJFINANCE.NS
03-08-2023,3099.0354,3399.949951,3433.25,3368,3420,2026351,TCS.NS
03-08-2023,1241.195923,1364.300049,1366.550049,1349,1350,6503741,INFY.NS
03-08-2023,1218.893433,1237.949951,1250.449951,1229.025024,1237.650024,10168350,RELIANCE.NS
03-08-2023,779.7442017,814.3250122,825.6749878,811.5,820,57673946,HDFCBANK.NS
03-08-2023,941.6861572,965,983,960.0499878,976.5499878,30994707,ICICIBANK.NS
03-08-2023,855.7514648,871.7000122,882.0499878,865.0999756,875,4642067,BHARTIARTL.NS
03-08-2023,391.4523315,439.1375122,446.5519409,437.4523926,443.0372925,11026824,ITC.NS
03-08-2023,1110.341309,1141,1169.699951,1122.349976,1130.25,8460399,SUNPHARMA.NS
03-08-2023,698.6520996,710.835022,722.4299927,701.8049927,717.5,10818980,BAJFINANCE.NS
02-08-2023,3136.133301,3440.649902,3446.399902,3413.600098,3434.949951,1914899,TCS.NS
02-08-2023,1234.418091,1356.849976,1371.949951,1348.449951,1369.300049,7419145,INFY.NS
02-08-2023,1224.038208,1243.175049,1256,1231.800049,1254.599976,12748214,RELIANCE.NS
02-08-2023,785.4176025,820.25,825.75,816.5750122,821,28116322,HDFCBANK.NS
02-08-2023,963.105896,986.9500122,994.0999756,977.5,985.25,15787996,ICICIBANK.NS
02-08-2023,862.0342407,878.0999756,890.6500244,872.5999756,883.2000122,3328903,BHARTIARTL.NS
02-08-2023,394.9286194,443.0372925,447.5630188,441.0151672,447.3704224,10715605,ITC.NS
02-08-2023,1104.745728,1135.25,1144.300049,1126.449951,1143.949951,1731918,SUNPHARMA.NS
02-08-2023,707.9990234,720.3449707,729,714.5,729,8985360,BAJFINANCE.NS
01-08-2023,3146.524414,3452.050049,3460,3415,3415,1956167,TCS.NS
01-08-2023,1242.014648,1365.199951,1369,1357,1362,6064652,INFY.NS
01-08-2023,1237.256348,1256.599976,1279.5,1252.650024,1277.5,9536632,RELIANCE.NS
01-08-2023,795.8308105,831.125,833.7249756,825,827.2249756,35394188,HDFCBANK.NS
01-08-2023,970.5222168,994.5499878,1003.700012,990.4500122,1001.650024,15508569,ICICIBANK.NS
01-08-2023,875.3364258,891.6500244,897.4000244,888.1500244,894.5,2087412,BHARTIARTL.NS
01-08-2023,398.9628906,447.5630188,451.4627991,446.6000977,448.7185059,6686176,ITC.NS
01-08-2023,1112.725464,1143.449951,1152.650024,1136,1143.400024,1448567,SUNPHARMA.NS
01-08-2023,714.510498,726.9699707,733,724.4000244,730.0300293,7527650,BAJFINANCE.NS
31-07-2023,3118.632568,3421.449951,3426.649902,3360.899902,3364.399902,2743678,TCS.NS
31-07-2023,1233.371826,1355.699951,1357.5,1333.25,1348.75,7902180,INFY.NS
31-07-2023,1255.003906,1274.625,1276.949951,1258.974976,1263.925049,8551174,RELIANCE.NS
31-07-2023,790.5403442,825.5999756,828.4000244,819.3499756,825.0250244,34565006,HDFCBANK.NS
31-07-2023,974.1817017,998.2999878,999.4000244,988.5999756,996,14303116,ICICIBANK.NS
31-07-2023,873.6184082,889.9000244,897.7999878,885.25,894,4424817,BHARTIARTL.NS
31-07-2023,399.7353821,448.4296265,452.2812805,446.3112183,451.6072388,8510403,ITC.NS
31-07-2023,1112.67688,1143.400024,1145,1127,1140,1718336,SUNPHARMA.NS
31-07-2023,717.5181274,730.0300293,736.9899902,728.1049805,734.5,7493150,BAJFINANCE.NS
28-07-2023,3058.428467,3355.399902,3393.699951,3331,3385,2599831,TCS.NS
28-07-2023,1219.543457,1340.5,1363.849976,1336,1353.849976,6122735,INFY.NS
28-07-2023,1244.468506,1263.925049,1271.425049,1250.275024,1256.025024,20827852,RELIANCE.NS
28-07-2023,786.8539429,821.75,834.4500122,820.5499878,830.75,41015684,HDFCBANK.NS
28-07-2023,972.1324463,996.2000122,998.7000122,977.0499878,988,12584130,ICICIBANK.NS
28-07-2023,878.7232666,895.0999756,899.9000244,890.5499878,899.9000244,2314339,BHARTIARTL.NS
28-07-2023,402.0958862,451.0776367,452.0405579,446.2149353,450.3554688,10362522,ITC.NS
28-07-2023,1107.957153,1138.550049,1143.900024,1121.650024,1129.949951,2677679,SUNPHARMA.NS
28-07-2023,725.508667,738.1599731,739.460022,721,731.9000244,10070500,BAJFINANCE.NS
27-07-2023,3096.254883,3396.899902,3411.649902,3385.050049,3394.949951,1701769,TCS.NS
27-07-2023,1231.052002,1353.150024,1363.800049,1347.050049,1358.599976,9191861,INFY.NS
27-07-2023,1232.087158,1251.349976,1268.824951,1245.175049,1267.025024,17226898,RELIANCE.NS
27-07-2023,801.0493774,836.5750122,851.5,833.7249756,849.9500122,59741302,HDFCBANK.NS
27-07-2023,966.3261108,990.25,1006.5,987.2000122,1002.549988,25932395,ICICIBANK.NS
27-07-2023,878.7723999,895.1500244,901.4000244,888.1500244,889.3499756,3445446,BHARTIARTL.NS
27-07-2023,399.1774902,447.8037415,457.5291748,444.0002136,456.8070068,14528232,ITC.NS
27-07-2023,1100.561523,1134.949951,1155.349976,1116.300049,1128,6366612,SUNPHARMA.NS
27-07-2023,715.9257813,728.4099731,757.789978,726.7700195,757.789978,21471720,BAJFINANCE.NS
26-07-2023,3088.416748,3388.300049,3420.850098,3385,3400.350098,1066803,TCS.NS
26-07-2023,1227.139893,1348.849976,1350,1339.400024,1343,5528885,INFY.NS
26-07-2023,1243.65625,1263.099976,1273.5,1242.5,1242.5,12911012,RELIANCE.NS
26-07-2023,809.4516602,845.3499756,849.7999878,844,849.7999878,24794358,HDFCBANK.NS
26-07-2023,972.3764038,996.4500122,997.75,990,993.0999756,12780537,ICICIBANK.NS
26-07-2023,873.1276245,889.4000244,896.5,883.2999878,886.5,2845581,BHARTIARTL.NS
26-07-2023,405.3576355,454.7367249,455.4589233,444.914978,447.6593018,18842179,ITC.NS
26-07-2023,1078.306885,1112,1114.400024,1094.099976,1097.050049,1321572,SUNPHARMA.NS
26-07-2023,730.5753784,743.3150024,773.4000244,733.0999756,763.5,22288660,BAJFINANCE.NS
25-07-2023,3098.306152,3399.149902,3406.800049,3380.199951,3397.5,1272980,TCS.NS
25-07-2023,1214.175781,1334.599976,1342.849976,1324.25,1337,6801982,INFY.NS
25-07-2023,1223.767334,1242.900024,1252.599976,1240,1247,12026020,RELIANCE.NS
25-07-2023,812.2764893,848.2999878,849.5,839.2000122,842.3250122,55992596,HDFCBANK.NS
25-07-2023,970.6686401,994.7000122,999,988.25,999,29325327,ICICIBANK.NS
25-07-2023,867.4827881,883.6500244,894.7000122,879.0999756,888,3652262,BHARTIARTL.NS
25-07-2023,396.8170166,445.1557312,451.1257935,438.5115967,450.5480347,45211370,ITC.NS
25-07-2023,1061.870483,1095.050049,1110,1090.800049,1110,1702900,SUNPHARMA.NS
25-07-2023,747.6083374,760.6450195,764.9400024,754.1049805,764.9400024,8508690,BAJFINANCE.NS
24-07-2023,3094.29541,3394.75,3413.449951,3372.100098,3381,1680132,TCS.NS
24-07-2023,1215.995361,1336.599976,1349.900024,1334.25,1341,8859789,INFY.NS
24-07-2023,1224.554932,1243.699951,1257.474976,1234.650024,1240.5,23727866,RELIANCE.NS
24-07-2023,803.5628662,839.2000122,842.3250122,835.0499878,839.25,32179444,HDFCBANK.NS
24-07-2023,968.0338135,992,1008.700012,990.0999756,1004.950012,21687719,ICICIBANK.NS
24-07-2023,871.9004517,888.1500244,892.5999756,880.7999878,885,4125577,BHARTIARTL.NS
24-07-2023,404.585083,453.8700867,481.1687622,450.7887573,475.1505127,40477929,ITC.NS
24-07-2023,1067.05835,1100.400024,1107.349976,1092.5,1094,2130036,SUNPHARMA.NS
24-07-2023,745.1659546,758.1599731,764.4799805,756.0349731,758.164978,5843420,BAJFINANCE.NS
21-07-2023,3070.187012,3368.300049,3434.899902,3359.050049,3404.050049,3770223,TCS.NS
21-07-2023,1211.446533,1331.599976,1350,1305,1320.199951,45548305,INFY.NS
21-07-2023,1249.834717,1269.375,1307.449951,1261.800049,1304.5,30249238,RELIANCE.NS
21-07-2023,802.2941895,837.875,844.9000244,836.625,840,42154248,HDFCBANK.NS
21-07-2023,972.9130859,997,1001.450012,988.7999878,995.2999878,16903003,ICICIBANK.NS
21-07-2023,869.7897339,886,891.9000244,874.7999878,878.0999756,7001587,BHARTIARTL.NS
21-07-2023,420.9796448,472.2617798,479.2429199,468.9397278,473.5617065,14510084,ITC.NS
21-07-2023,1063.906738,1097.150024,1104.199951,1090.349976,1103.400024,1879610,SUNPHARMA.NS
21-07-2023,745.1806641,758.1749878,765.7700195,753.3099976,759.6599731,6733940,BAJFINANCE.NS
20-07-2023,3156.779053,3463.300049,3478.899902,3436.050049,3453.100098,1715404,TCS.NS
20-07-2023,1318.708252,1449.5,1471,1440.699951,1471,8347221,INFY.NS
20-07-2023,1289.76062,1309.925049,1315.474976,1290,1290,38717624,RELIANCE.NS
20-07-2023,808.5180664,844.375,846,840,840.5750122,56210948,HDFCBANK.NS
20-07-2023,971.546936,995.5999756,998.1500244,972.0999756,976.0499878,26487838,ICICIBANK.NS
20-07-2023,868.6607666,884.8499756,886.7000122,868,871,3779959,BHARTIARTL.NS
20-07-2023,422.4388733,473.8987427,475.3912659,458.6365356,462.1030273,21030102,ITC.NS
20-07-2023,1064.391724,1097.650024,1104.5,1082.300049,1086.050049,5218991,SUNPHARMA.NS
20-07-2023,746.6401978,759.6599731,763.7150269,750.2000122,755.0999756,6494360,BAJFINANCE.NS
19-07-2023,3154.728271,3470.050049,3516.850098,3445.649902,3500,2405370,TCS.NS
19-07-2023,1341.861694,1474.949951,1498.800049,1460.699951,1486,13687062,INFY.NS
19-07-2023,1291.324219,1311.513306,1318.043579,1290.815063,1306.044556,39122156,RELIANCE.NS
19-07-2023,806.7705688,842.5499878,844.375,837.5,840.5499878,32935134,HDFCBANK.NS
19-07-2023,949.9320679,973.4500122,980,967.5499878,980,15994261,ICICIBANK.NS
19-07-2023,854.8187866,870.75,877,867.2000122,875.4500122,6641825,BHARTIARTL.NS
19-07-2023,411.0227661,461.09198,462.6326294,450.7406311,455.2181702,14401395,ITC.NS
19-07-2023,1049.070313,1081.849976,1086,1063.849976,1067.150024,2311282,SUNPHARMA.NS
19-07-2023,745.4706421,758.4699707,759.9000244,743,744.1950073,9759430,BAJFINANCE.NS
18-07-2023,3179.092529,3496.850098,3524,3465,3476,2600090,TCS.NS
18-07-2023,1342.089111,1475.199951,1477.949951,1429,1434,16743977,INFY.NS
18-07-2023,1281.600342,1301.637207,1309.482666,1288.968994,1300.045044,25867313,RELIANCE.NS
18-07-2023,803.132019,838.75,852,835,849,81076818,HDFCBANK.NS
18-07-2023,951.883728,975.4500122,987.9500122,971.1500244,978,29709508,ICICIBANK.NS
18-07-2023,859.4328613,875.4500122,880.2000122,863.1500244,877.0499878,4731911,BHARTIARTL.NS
18-07-2023,405.5722351,454.9774475,456.6144104,453.5330811,455.0256042,5558415,ITC.NS
18-07-2023,1034.815796,1067.150024,1078.900024,1064.349976,1078.449951,2238739,SUNPHARMA.NS
18-07-2023,729.2828979,742,755.5,737.3099976,752,13097090,BAJFINANCE.NS
17-07-2023,3174.4104,3491.699951,3549.899902,3477.050049,3510,2743228,TCS.NS
17-07-2023,1294.553711,1422.949951,1458.949951,1414.300049,1425.949951,11569884,INFY.NS
17-07-2023,1270.808472,1290.676636,1299.145142,1258.971558,1267.740112,22220040,RELIANCE.NS
17-07-2023,803.8022461,839.4500122,841,816.5,825,49252928,HDFCBANK.NS
17-07-2023,945.296814,968.7000122,973.7999878,952.8499756,962.9000244,16290763,ICICIBANK.NS
17-07-2023,862.0342407,878.0999756,896.6500244,876,886,5614592,BHARTIARTL.NS
17-07-2023,405.4434814,454.8330078,458.1550598,453.1479187,456.9032898,6325310,ITC.NS
17-07-2023,1044.948975,1077.599976,1081.050049,1070.5,1073.699951,1254025,SUNPHARMA.NS
17-07-2023,738.2220459,751.0949707,754.2000122,744.2000122,752,5067440,BAJFINANCE.NS
14-07-2023,3195.274658,3514.649902,3524.850098,3352,3365,6306101,TCS.NS
14-07-2023,1297.283081,1425.949951,1430,1380.650024,1380.650024,12833381,INFY.NS
14-07-2023,1245.362183,1264.832642,1274.154907,1257.633179,1269.124512,15124144,RELIANCE.NS
14-07-2023,787.3327026,822.25,826.7999878,817.5,826.7999878,24727214,HDFCBANK.NS
14-07-2023,936.8557739,960.0499878,965,951.3499756,959.75,12871569,ICICIBANK.NS
14-07-2023,870.2806396,886.5,890.25,879.6500244,885,3860080,BHARTIARTL.NS
14-07-2023,405.9155884,455.3626099,457.3847351,453.8700867,455.4589233,5277090,ITC.NS
14-07-2023,1040.439941,1072.949951,1080,1065,1079.949951,2641580,SUNPHARMA.NS
14-07-2023,735.4110107,748.2349854,751.8900146,739.9899902,747.4000244,7266000,BAJFINANCE.NS
13-07-2023,3036.99585,3340.550049,3367.449951,3272.75,3284,4585146,TCS.NS
13-07-2023,1241.923706,1365.099976,1376.800049,1330.849976,1334.900024,9977644,INFY.NS
13-07-2023,1246.407349,1265.894043,1291.738037,1263.240479,1284.769409,14682934,RELIANCE.NS
13-07-2023,785.704834,820.5499878,828.7249756,819.0250244,828.3499756,41913546,HDFCBANK.NS
13-07-2023,932.6108398,955.7000122,959.25,942.2000122,947.7000122,23222286,ICICIBANK.NS
13-07-2023,868.8571167,885.0499878,893.2999878,883.25,891.3499756,4228714,BHARTIARTL.NS
13-07-2023,405.1430359,454.4960022,459.0698547,453.5330811,456.325531,8214385,ITC.NS
13-07-2023,1043.058228,1075.650024,1081.900024,1071.699951,1081.900024,1541690,SUNPHARMA.NS
13-07-2023,734.649353,747.460022,752.289978,741.5999756,746.9949951,7470520,BAJFINANCE.NS
12-07-2023,2963.673828,3259.899902,3289.149902,3250.100098,3280.949951,1515240,TCS.NS
12-07-2023,1212.993164,1333.300049,1351.900024,1327,1351,8102770,INFY.NS
12-07-2023,1257.653564,1277.316162,1293.122559,1274.500977,1276.646973,18733835,RELIANCE.NS
12-07-2023,781.8028564,816.4749756,833.1500244,813.5750122,827.6749878,70958358,HDFCBANK.NS
12-07-2023,921.5838623,944.4000244,951.1500244,941.25,948.4000244,21511161,ICICIBANK.NS
12-07-2023,873.6674805,889.9500122,895.7000122,883.0999756,889.9500122,3033186,BHARTIARTL.NS
12-07-2023,405.4005127,454.7848816,460.0327454,453.003479,460.0327454,12816220,ITC.NS
12-07-2023,1046.064331,1078.75,1083.75,1070,1075,5088473,SUNPHARMA.NS
12-07-2023,730.4574585,743.1950073,750.7999878,739.8150024,746.9899902,11317550,BAJFINANCE.NS
11-07-2023,2975.038086,3272.399902,3295,3260.800049,3295,1110172,TCS.NS
11-07-2023,1226.912598,1348.599976,1350.900024,1327,1333.449951,6126128,INFY.NS
11-07-2023,1256.2677,1275.908569,1278.354492,1263.401978,1270.462891,20069348,RELIANCE.NS
11-07-2023,789.1998901,824.2000122,838,822.75,831.5,50670426,HDFCBANK.NS
11-07-2023,922.1206055,944.9500122,952.7000122,941.9000244,948.4000244,16977595,ICICIBANK.NS
11-07-2023,875.5817871,891.9000244,893.1500244,886.2999878,890,3353977,BHARTIARTL.NS
11-07-2023,406.130127,455.603363,456.951416,448.7185059,448.7185059,8783282,ITC.NS
11-07-2023,1039.76123,1072.25,1074.75,1049.050049,1052,4369937,SUNPHARMA.NS
11-07-2023,731.6417847,744.4000244,768,738.0999756,756.7000122,16750430,BAJFINANCE.NS
10-07-2023,2974.62915,3271.949951,3324.75,3265.199951,3324.75,1407431,TCS.NS
10-07-2023,1209.217651,1329.150024,1341.900024,1319.300049,1336.550049,3940315,INFY.NS
10-07-2023,1242.7948,1262.225098,1271.893555,1234.512085,1240.92688,33240016,RELIANCE.NS
10-07-2023,793.053894,828.2249756,838.375,824.8499756,830.5,38398442,HDFCBANK.NS
10-07-2023,925.4872437,948.4000244,952.9000244,941.3499756,946,12069184,ICICIBANK.NS
10-07-2023,869.2007446,885.4000244,889.5999756,865,867,4310681,BHARTIARTL.NS
10-07-2023,399.8641663,448.5740662,453.4367981,446.5037842,452.5701599,6772454,ITC.NS
10-07-2023,1013.336914,1045,1051,1031.099976,1036,1221769,SUNPHARMA.NS
10-07-2023,740.4138184,753.3250122,762.9949951,743.2299805,762.2349854,14515180,BAJFINANCE.NS
07-07-2023,3026.721924,3329.25,3356.899902,3302,3302,1789326,TCS.NS
07-07-2023,1210.172852,1330.199951,1345.800049,1325.349976,1334,6295647,INFY.NS
07-07-2023,1196.696533,1215.406006,1229.874023,1212.821533,1216.052124,13375267,RELIANCE.NS
07-07-2023,794.9450684,830.2000122,837.5,828.1500244,832.5,19926336,HDFCBANK.NS
07-07-2023,923.5355225,946.4000244,955.0499878,943.7999878,953,8593807,ICICIBANK.NS
07-07-2023,854.524292,870.4500122,883.5999756,862.5,865,18763997,BHARTIARTL.NS
07-07-2023,402.0529785,451.0295105,457.8662109,450.2591553,455.4589233,7605499,ITC.NS
07-07-2023,1004.318604,1035.699951,1051.199951,1028.75,1033.5,1721224,SUNPHARMA.NS
07-07-2023,749.1710815,762.2349854,774.8900146,760.5599976,772,10949150,BAJFINANCE.NS
06-07-2023,3020.949707,3322.899902,3328.449951,3302,3306.550049,1848238,TCS.NS
06-07-2023,1222.636719,1343.900024,1347.449951,1337.150024,1342.550049,5963897,INFY.NS
06-07-2023,1199.036621,1217.782715,1220.413208,1188.84668,1188.84668,19117987,RELIANCE.NS
06-07-2023,801.9350586,837.5,843.9249878,830.2000122,836.5,52156544,HDFCBANK.NS
06-07-2023,936.2214966,959.4000244,963.9000244,954,954.7000122,16334427,ICICIBANK.NS
06-07-2023,853.7389526,869.6500244,877.9000244,863.4500122,864.3499756,6365222,BHARTIARTL.NS
06-07-2023,406.7738953,456.325531,459.6957397,453.0516357,459.647583,9835812,ITC.NS
06-07-2023,1010.912659,1042.5,1056.599976,1040,1040,2551103,SUNPHARMA.NS
06-07-2023,763.3145142,776.625,782.4000244,773.5,777.5999756,10459840,BAJFINANCE.NS
05-07-2023,3018.267334,3319.949951,3329,3305,3320,1453008,TCS.NS
05-07-2023,1225.72998,1347.300049,1357.949951,1341,1357.849976,5414936,INFY.NS
05-07-2023,1174.38562,1192.746338,1204.053101,1188.731323,1204.053101,10248062,RELIANCE.NS
05-07-2023,801.1210938,836.6500244,860,834.2750244,858.125,37165754,HDFCBANK.NS
05-07-2023,934.8552856,958,964.75,941,942.0499878,13817767,ICICIBANK.NS
05-07-2023,850.7938232,866.6500244,871,863.0499878,868,4284477,BHARTIARTL.NS
05-07-2023,407.8039246,457.4810181,462.8252258,447.081543,449.0555115,16878943,ITC.NS
05-07-2023,1013.046143,1044.699951,1057.699951,1042.650024,1055,1840716,SUNPHARMA.NS
05-07-2023,770.4401855,783.875,799.9899902,778,787.9949951,19786660,BAJFINANCE.NS
04-07-2023,3008.176025,3308.850098,3315,3277.300049,3290,1656681,TCS.NS
04-07-2023,1223.773804,1345.150024,1346,1331.400024,1344.300049,5797775,INFY.NS
04-07-2023,1176.316895,1194.707764,1211.437134,1187.554443,1211.437134,8061643,RELIANCE.NS
04-07-2023,827.4055176,864.0999756,873.5,856.9000244,861.7249756,38795188,HDFCBANK.NS
04-07-2023,921.8765869,944.7000122,951.2999878,942,947.25,14041699,ICICIBANK.NS
04-07-2023,849.321228,865.1500244,873.7999878,853.2999878,873.7999878,7397493,BHARTIARTL.NS
04-07-2023,400.293335,449.0555115,450.6443481,442.7484436,447.7555847,8022597,ITC.NS
04-07-2023,1017.021851,1048.800049,1053.900024,1029.900024,1040,1549174,SUNPHARMA.NS
04-07-2023,772.572998,786.0449829,792,761.2650146,765,41622080,BAJFINANCE.NS
03-07-2023,2974.94751,3272.300049,3318.800049,3268.75,3314.300049,1687264,TCS.NS
03-07-2023,1213.356934,1333.699951,1346,1328.449951,1330,7732412,INFY.NS
03-07-2023,1188.562866,1207.145142,1210.052612,1179.293579,1180.539673,12154387,RELIANCE.NS
03-07-2023,823.3838501,859.9000244,878.75,855,856.25,44104116,HDFCBANK.NS
03-07-2023,919.7785034,942.5499878,945.75,936.5,937,12350359,ICICIBANK.NS
03-07-2023,863.0650635,879.1500244,884.1500244,874.5999756,880,3333167,BHARTIARTL.NS
03-07-2023,397.6324463,446.0704956,448.6703491,433.3600159,434.8525391,11111199,ITC.NS
03-07-2023,1001.409485,1032.699951,1053.650024,1030,1053,2338356,SUNPHARMA.NS
03-07-2023,720.7319946,733.2999878,735.5,716,716.0599976,12092270,BAJFINANCE.NS
30-06-2023,3002.176025,3302.25,3310,3214.100098,3220,2672406,TCS.NS
30-06-2023,1214.994507,1335.5,1338.900024,1304.449951,1308.199951,12821692,INFY.NS
30-06-2023,1158.822632,1176.939941,1179.893555,1169.186768,1175.163208,11151555,RELIANCE.NS
30-06-2023,814.5745239,850.7000122,854.4000244,841.625,852,40699016,HDFCBANK.NS
30-06-2023,912.0206299,934.5999756,942.2000122,930.6500244,940.5,13843218,ICICIBANK.NS
30-06-2023,862.6724243,878.75,883,867.0499878,880,5217511,BHARTIARTL.NS
30-06-2023,387.6325989,434.8525391,435.1895447,430.0379333,433.3118591,9456776,ITC.NS
30-06-2023,1019.736938,1051.599976,1055,1020.049988,1021.75,4765060,SUNPHARMA.NS
30-06-2023,703.7875366,716.0599976,719.5,709.1199951,710,8879080,BAJFINANCE.NS
28-06-2023,2923.263428,3215.449951,3230.949951,3193.399902,3208,1575872,TCS.NS
28-06-2023,1176.648071,1293.349976,1296.699951,1281.400024,1290,5662358,INFY.NS
28-06-2023,1149.393921,1167.363892,1171.217407,1152.757324,1159.749146,11354006,RELIANCE.NS
28-06-2023,802.4856567,838.0750122,839.9500122,830.25,835,59562950,HDFCBANK.NS
28-06-2023,914.8017578,937.4500122,944,934.2999878,944,25708001,ICICIBANK.NS
28-06-2023,856.2422485,872.2000122,873.5999756,863.5999756,869.5,6272649,BHARTIARTL.NS
28-06-2023,385.7013855,432.6859741,433.8896179,428.0158386,428.4972839,12548096,ITC.NS
28-06-2023,990.8398438,1021.799988,1025.550049,995,995,5296330,SUNPHARMA.NS
28-06-2023,693.9194946,709.0200195,712.5,704,705.4349976,7097820,BAJFINANCE.NS
27-06-2023,2906.807861,3197.350098,3209.649902,3182.300049,3202,863542,TCS.NS
27-06-2023,1163.72937,1279.150024,1282,1274.199951,1280,3240024,INFY.NS
27-06-2023,1134.376099,1152.111328,1158.133789,1147.588623,1152.157471,9689466,RELIANCE.NS
27-06-2023,794.083313,829.2999878,836.4500122,819.2750244,821.4749756,33831864,HDFCBANK.NS
27-06-2023,913.484375,936.0999756,939.9500122,922.2000122,930,13422726,ICICIBANK.NS
27-06-2023,849.0758057,864.9000244,871.3499756,853.5999756,856.5,5533649,BHARTIARTL.NS
27-06-2023,382.0533447,428.5935669,430.6156921,426.7158813,429.556488,5052984,ITC.NS
27-06-2023,971.4458008,1001.799988,1003.349976,986,999.9500122,4647465,SUNPHARMA.NS
27-06-2023,686.975647,701.9249878,703,695.4000244,703,7097890,BAJFINANCE.NS
26-06-2023,2899.807861,3189.649902,3213.899902,3173,3205,1978803,TCS.NS
26-06-2023,1155.723389,1270.349976,1274,1262.25,1270.25,3403244,INFY.NS
26-06-2023,1133.967285,1151.695923,1160.856689,1148.534668,1156.980103,12641159,RELIANCE.NS
26-06-2023,783.0476685,817.7750244,825.375,814.3499756,822.5,16130314,HDFCBANK.NS
26-06-2023,905.043396,927.4500122,931.7999878,923.2000122,927.0999756,11749040,ICICIBANK.NS
26-06-2023,836.3627319,851.9500122,857.3499756,846.3499756,857.3499756,4431992,BHARTIARTL.NS
26-06-2023,382.5683289,429.1713257,434.6599426,427.5343628,430.3268127,5688287,ITC.NS
26-06-2023,964.8034058,994.9500122,1003.799988,991.4500122,994,2066932,SUNPHARMA.NS
26-06-2023,684.9644165,699.8699951,703.5,694.5,699,5635390,BAJFINANCE.NS
23-06-2023,2924.081787,3216.350098,3249.399902,3209.149902,3237.300049,1119505,TCS.NS
23-06-2023,1150.855957,1265,1279.349976,1263.349976,1276.449951,7239467,INFY.NS
23-06-2023,1142.691528,1160.556763,1169.163696,1159.287598,1167.086914,6628570,RELIANCE.NS
23-06-2023,786.8539429,821.75,829.9500122,817.0250244,818.7750244,21339218,HDFCBANK.NS
23-06-2023,901.1887817,923.5,931.9000244,919,926.0499878,8767733,ICICIBANK.NS
23-06-2023,839.1606445,854.7999878,862.75,841.3499756,844,7667340,BHARTIARTL.NS
23-06-2023,381.7528992,428.2565613,431.0490112,426.2825928,430.9045715,6325479,ITC.NS
23-06-2023,961.4094238,991.4500122,995.9500122,977.2999878,994,1218237,SUNPHARMA.NS
23-06-2023,684.0786743,698.9650269,705.5,695.6099854,702.0949707,8152260,BAJFINANCE.NS
22-06-2023,2944.218506,3238.5,3267.649902,3230.100098,3260,1529603,TCS.NS
22-06-2023,1165.91272,1281.550049,1289.400024,1273.5,1289.400024,6676607,INFY.NS
22-06-2023,1152.120117,1170.132813,1187.577515,1168.517578,1179.593628,7619166,RELIANCE.NS
22-06-2023,786.9017944,821.7999878,828.7750244,819.5250244,820,56596140,HDFCBANK.NS
22-06-2023,903.3844604,925.75,935.5499878,920.7000122,924.4000244,27291569,ICICIBANK.NS
22-06-2023,827.380127,842.7999878,843.5,834.7000122,836.7000122,4380046,BHARTIARTL.NS
22-06-2023,384.2421265,431.0490112,432.9748535,429.3157654,431.3860168,6892713,ITC.NS
22-06-2023,960.2942505,990.2999878,996.2000122,987.0999756,987.0999756,5384143,SUNPHARMA.NS
22-06-2023,688.027771,703,720.414978,702,720.0100098,8271940,BAJFINANCE.NS
21-06-2023,2962.128418,3258.199951,3261.399902,3223.949951,3250,1645987,TCS.NS
21-06-2023,1182.106445,1299.349976,1303.800049,1295,1299.949951,4041529,INFY.NS
21-06-2023,1165.206909,1183.424072,1185.985352,1175.901611,1180.055054,6961603,RELIANCE.NS
21-06-2023,783.0716553,817.7999878,818.625,805.5,808,24308946,HDFCBANK.NS
21-06-2023,902.3597412,924.7000122,928.4000244,920,928,9210553,ICICIBANK.NS
21-06-2023,823.6496582,839,840.75,830.4000244,832,3022724,BHARTIARTL.NS
21-06-2023,383.7270508,430.4712524,437.3561096,428.5454407,435.2377014,6292873,ITC.NS
21-06-2023,961.8457642,991.9000244,993.8499756,983.5999756,991.9500122,1396686,SUNPHARMA.NS
21-06-2023,705.2675781,720.6149902,728.5900269,717.7000122,727.5,5468040,BAJFINANCE.NS
20-06-2023,2934.399902,3227.699951,3232.5,3201.050049,3214,1528452,TCS.NS
20-06-2023,1185.791016,1303.400024,1305,1291.099976,1294,4009180,INFY.NS
20-06-2023,1161.935181,1180.101196,1183.285522,1169.9021,1175.69397,6921096,RELIANCE.NS
20-06-2023,769.6182861,803.75,805.5,795.3250122,802.0750122,20005626,HDFCBANK.NS
20-06-2023,903.18927,925.5499878,928.5499878,914.7999878,920.9500122,15212286,ICICIBANK.NS
20-06-2023,815.9924316,831.2000122,833.7000122,826.8499756,828.0999756,2691557,BHARTIARTL.NS
20-06-2023,388.7055664,436.0561829,437.9338379,433.4562988,437.9338379,4644353,ITC.NS
20-06-2023,961.8942871,991.9500122,1007.75,989.5999756,1007.650024,1445688,SUNPHARMA.NS
20-06-2023,709.4417725,724.8800049,737.6149902,720.0999756,737.6149902,8638260,BAJFINANCE.NS
19-06-2023,2918.671631,3210.399902,3214.899902,3175,3190,1468186,TCS.NS
19-06-2023,1177.239136,1294,1299.5,1287.050049,1294,4451787,INFY.NS
19-06-2023,1159.526855,1177.655273,1192.515625,1173.432617,1192.515625,6798554,RELIANCE.NS
19-06-2023,768.0144043,802.0750122,807.125,799.1749878,805.5,24829146,HDFCBANK.NS
19-06-2023,900.84729,923.1500244,933.9500122,918.7000122,933.5,19351375,ICICIBANK.NS
19-06-2023,812.9981689,828.1500244,840,827.5,840,3017364,BHARTIARTL.NS
19-06-2023,389.3493347,436.7783508,438.9930725,435.4784241,437.8857117,4350517,ITC.NS
19-06-2023,971.4458008,1001.799988,1006.700012,993.75,995.1500244,1327862,SUNPHARMA.NS
19-06-2023,722.8890991,738.6199951,739.8850098,720.2249756,721.1950073,11845900,BAJFINANCE.NS
16-06-2023,2886.397949,3174.899902,3199.399902,3156,3197,4156189,TCS.NS
16-06-2023,1175.101318,1291.650024,1301.5,1281.050049,1287,8536287,INFY.NS
16-06-2023,1171.159424,1189.469727,1191.777222,1181.53186,1181.53186,24171579,RELIANCE.NS
16-06-2023,767.3440552,801.375,804.5999756,792,793.5750122,15779272,HDFCBANK.NS
16-06-2023,911.6303101,934.2000122,937.75,927,929.2999878,11249387,ICICIBANK.NS
16-06-2023,822.4715576,837.7999878,840,820.7999878,822.5,4907797,BHARTIARTL.NS
16-06-2023,388.920166,436.2969055,438.7041931,431.2897339,432.348938,12181426,ITC.NS
16-06-2023,961.942688,992,994.6500244,987.2000122,990,3611214,SUNPHARMA.NS
16-06-2023,704.9789429,720.3200073,721.8599854,713.0999756,717,14148580,BAJFINANCE.NS
15-06-2023,2924.035889,3216.300049,3247.449951,3210,3245.300049,2273810,TCS.NS
15-06-2023,1170.688965,1286.800049,1293.949951,1282.650024,1293.949951,6161155,INFY.NS
15-06-2023,1159.867798,1178.001465,1182.616455,1170.132813,1177.655273,11813494,RELIANCE.NS
15-06-2023,757.4336548,791.0250244,802.9749756,789.5,802,35377476,HDFCBANK.NS
15-06-2023,904.2138672,926.5999756,942.9500122,924.3499756,940.7000122,19366819,ICICIBANK.NS
15-06-2023,814.5198364,829.7000122,833.7999878,824.2000122,827,3865201,BHARTIARTL.NS
15-06-2023,384.6283569,431.4823303,432.1082153,428.2565613,428.4972839,7787525,ITC.NS
15-06-2023,958.4519043,988.4000244,994.7999878,985.7000122,988.5,2731724,SUNPHARMA.NS
15-06-2023,697.4819946,712.6599731,714.1699829,705.5999756,709.5,4370180,BAJFINANCE.NS
14-06-2023,2933.809082,3251.050049,3255.850098,3225.850098,3243.699951,1658544,TCS.NS
14-06-2023,1183.061646,1300.400024,1306.699951,1293.199951,1306.349976,3457981,INFY.NS
14-06-2023,1159.549683,1177.678345,1179.13208,1161.595093,1163.44104,13277380,RELIANCE.NS
14-06-2023,766.8652954,800.875,806,800.0999756,805.2249756,20113968,HDFCBANK.NS
14-06-2023,917.0950317,939.7999878,946.9500122,936.25,946.0499878,13489262,ICICIBANK.NS
14-06-2023,812.8018188,827.9500122,833.9500122,819,832,5108720,BHARTIARTL.NS
14-06-2023,381.5383606,428.0158386,431.1452942,427.2936401,429.7009277,9039402,ITC.NS
14-06-2023,956.8033447,986.7000122,995,984.25,991.5999756,2139387,SUNPHARMA.NS
14-06-2023,694.5704346,709.6849976,718.2000122,708.2050171,718.2000122,4015200,BAJFINANCE.NS
13-06-2023,2927.176514,3243.699951,3265,3239,3260,1371928,TCS.NS
13-06-2023,1187.110229,1304.849976,1306.5,1297.050049,1299.900024,4846587,INFY.NS
13-06-2023,1145.463257,1163.371826,1164.571777,1147.403931,1151.442139,11248016,RELIANCE.NS
13-06-2023,767.703125,801.75,804.5,795.0499878,795.0499878,27926108,HDFCBANK.NS
13-06-2023,920.7543945,943.5499878,946.25,934.0999756,935.9000244,13528776,ICICIBANK.NS
13-06-2023,819.0847778,834.3499756,844,832.75,838.0999756,3224345,BHARTIARTL.NS
13-06-2023,382.3108215,428.8824463,429.8453674,422.0457458,424.6456299,16732376,ITC.NS
13-06-2023,958.1608887,988.0999756,996,985.5499878,990,2413311,SUNPHARMA.NS
13-06-2023,701.4115601,716.6749878,720,710,710,8001340,BAJFINANCE.NS
12-06-2023,2930.063965,3246.899902,3254.399902,3211,3215,2324605,TCS.NS
12-06-2023,1175.374268,1291.949951,1295.699951,1273,1273.5,4785588,INFY.NS
12-06-2023,1128.786987,1146.434814,1148.765381,1137.597046,1142.442871,6391969,RELIANCE.NS
12-06-2023,766.4105225,800.4000244,807.9000244,799.7249756,806.2750244,13408292,HDFCBANK.NS
12-06-2023,913.3380737,935.9500122,943.5,933.2999878,938,10520125,ICICIBANK.NS
12-06-2023,821.0481567,836.3499756,843.0999756,831.75,834.8499756,1569715,BHARTIARTL.NS
12-06-2023,375.0577393,420.7458191,424.5974731,417.7607727,423.6827087,9054977,ITC.NS
12-06-2023,955.5911865,985.4500122,989.9000244,981.0499878,987.9000244,593319,SUNPHARMA.NS
12-06-2023,694.6535645,709.7700195,711,704.1599731,705.0150146,5132550,BAJFINANCE.NS
09-06-2023,2896.133545,3209.300049,3250,3205.350098,3245,1775689,TCS.NS
09-06-2023,1151.720337,1265.949951,1282.5,1264,1282.5,5339073,INFY.NS
09-06-2023,1127.787354,1145.419556,1157.695435,1143.596558,1156.980103,5877018,RELIANCE.NS
09-06-2023,771.102478,805.2999878,809.25,803.5,807.9500122,18212578,HDFCBANK.NS
09-06-2023,915.3872681,938.0499878,944,936.2000122,941.4000244,12253128,ICICIBANK.NS
09-06-2023,818.2503052,833.5,839.7999878,828.9500122,838.5499878,3332436,BHARTIARTL.NS
09-06-2023,376.3452759,422.1901855,428.2084045,419.0125732,419.0125732,7329661,ITC.NS
09-06-2023,954.1367798,983.9500122,990.7000122,981,984,2306206,SUNPHARMA.NS
09-06-2023,688.727478,703.7150269,708.25,701.2050171,701.2750244,4473610,BAJFINANCE.NS
08-06-2023,2920.633545,3236.449951,3270,3233,3261,1759366,TCS.NS
08-06-2023,1167.049927,1282.800049,1292,1281.099976,1286.199951,5034942,INFY.NS
08-06-2023,1135.830078,1153.588013,1161.525879,1149.596069,1156.518555,12071109,RELIANCE.NS
08-06-2023,770.192688,804.3499756,813,801.625,801.625,37395522,HDFCBANK.NS
08-06-2023,915.2409058,937.9000244,950.5,935.2000122,936.5999756,17608140,ICICIBANK.NS
08-06-2023,820.7045898,836,849.4000244,834.5499878,847.7000122,4050621,BHARTIARTL.NS
08-06-2023,380.164978,426.4751587,429.2194824,425.5122375,429.1713257,7294955,ITC.NS
08-06-2023,957.0942383,987,1016,983.25,1015,3395935,SUNPHARMA.NS
08-06-2023,686.0802002,701.0100098,711.0999756,699.5150146,708,4553600,BAJFINANCE.NS
07-06-2023,2955.331543,3274.899902,3278.850098,3241,3253,1567196,TCS.NS
07-06-2023,1172.64502,1288.949951,1294,1282.5,1290.5,5397578,INFY.NS
07-06-2023,1135.14856,1152.895874,1153.749634,1141.104492,1147.750122,10312545,RELIANCE.NS
07-06-2023,769.7139893,803.8499756,806.2750244,798,801.7249756,24949026,HDFCBANK.NS
07-06-2023,917.4853516,940.2000122,945.8499756,933.7999878,944.3499756,16486469,ICICIBANK.NS
07-06-2023,828.8035889,844.25,847.5,827.25,828.9000244,4110739,BHARTIARTL.NS
07-06-2023,381.0662537,427.4862366,429.1231689,426.330719,427.5343628,7833952,ITC.NS
07-06-2023,983.8579102,1014.599976,1017.5,1010,1015,1608613,SUNPHARMA.NS
07-06-2023,692.9163818,707.9949951,714.0999756,706.2000122,712,5344830,BAJFINANCE.NS
06-06-2023,2916.88916,3232.300049,3288.850098,3220.600098,3280,2022849,TCS.NS
06-06-2023,1163.592773,1279,1288.599976,1273,1288.599976,10008100,INFY.NS
06-06-2023,1126.605835,1144.219604,1148.07312,1136.212646,1146.111816,7493309,RELIANCE.NS
06-06-2023,765.7402954,799.7000122,804.9249878,796.125,803.8250122,32182852,HDFCBANK.NS
06-06-2023,919.3393555,942.0999756,947.7999878,938.0999756,946.5,11894330,ICICIBANK.NS
06-06-2023,814.2744141,829.4500122,838.25,826.1500244,834.5,2722174,BHARTIARTL.NS
06-06-2023,380.0791016,426.3788757,427.1492004,424.0678711,424.4530334,6703067,ITC.NS
06-06-2023,983.0822144,1013.799988,1015.950012,1004,1008.900024,1632644,SUNPHARMA.NS
06-06-2023,696.2440186,711.3950195,713.2000122,702.5,702.5,6905860,BAJFINANCE.NS
05-06-2023,2967.965332,3288.899902,3327,3285.050049,3315,1861468,TCS.NS
05-06-2023,1186.791748,1304.5,1309.449951,1297.300049,1304,5002553,INFY.NS
05-06-2023,1125.651733,1143.250488,1146.250244,1134.574219,1138.612427,10908682,RELIANCE.NS
05-06-2023,768.1340332,802.2000122,808.25,801.2249756,807.25,18697242,HDFCBANK.NS
05-06-2023,923.8770752,946.75,951.7999878,943,943,10751684,ICICIBANK.NS
05-06-2023,819.2319946,834.5,841.3499756,832.1500244,838.5,5298053,BHARTIARTL.NS
05-06-2023,378.2336426,424.3085938,430.2786865,423.7789917,428.4972839,7427630,ITC.NS
05-06-2023,978.1853027,1008.75,1017.700012,998.5,1005.349976,3629780,SUNPHARMA.NS
05-06-2023,689.3196411,704.3200073,709.1599731,701.3049927,707,5771620,BAJFINANCE.NS
02-06-2023,2983.035889,3305.600098,3335.899902,3297.449951,3326.25,2030661,TCS.NS
02-06-2023,1181.788086,1299,1312.900024,1296.050049,1309,10909311,INFY.NS
02-06-2023,1115.632324,1133.074341,1145.834839,1131.136108,1140.366089,15800644,RELIANCE.NS
02-06-2023,769.1394653,803.25,807.4000244,800.5,806.2249756,17859710,HDFCBANK.NS
02-06-2023,915.4848633,938.1500244,944.6500244,935.0499878,943,12494376,ICICIBANK.NS
02-06-2023,821.1954346,836.5,839.2999878,826.9500122,832.7999878,6834131,BHARTIARTL.NS
02-06-2023,380.5941162,426.956604,428.401001,423.4901123,423.6827087,9558309,ITC.NS
02-06-2023,969.3125,999.5999756,1003.700012,981,986.5499878,3734815,SUNPHARMA.NS
02-06-2023,687.4307861,702.3900146,710,700.5,707.5750122,6642090,BAJFINANCE.NS
01-06-2023,2999.640381,3324,3340,3297.5,3314,1177314,TCS.NS
01-06-2023,1184.517456,1319.5,1329.5,1318.099976,1322.550049,4277841,INFY.NS
01-06-2023,1119.290161,1136.789429,1146.781006,1134.366577,1144.588867,14592692,RELIANCE.NS
01-06-2023,767.9425659,802,809.9500122,800,809.9500122,50366938,HDFCBANK.NS
01-06-2023,913.484375,936.0999756,954.25,932.7999878,954.25,21650700,ICICIBANK.NS
01-06-2023,812.8018188,827.9500122,837.9500122,823,837.9500122,9713155,BHARTIARTL.NS
01-06-2023,377.4182129,423.3938293,430.4231262,422.7197876,430.4231262,9142172,ITC.NS
01-06-2023,957.7730103,987.7000122,990.4500122,975,979.7999878,3261906,SUNPHARMA.NS
01-06-2023,689.0553589,704.0499878,705.7299805,695.1099854,702.4000244,5900260,BAJFINANCE.NS
31-05-2023,2968.507813,3289.5,3327.699951,3265.149902,3309,5815424,TCS.NS
31-05-2023,1183.440063,1318.300049,1331.099976,1314.150024,1319.849976,17800782,INFY.NS
31-05-2023,1122.311768,1139.858398,1158.29541,1135.751099,1153.749634,27107927,RELIANCE.NS
31-05-2023,771.222168,805.4249878,817.4749756,802.3250122,814.9500122,43334270,HDFCBANK.NS
31-05-2023,926.2191162,949.1500244,952,940.5,949.5,27254425,ICICIBANK.NS
31-05-2023,834.3502808,849.9000244,888.75,818,819,47342125,BHARTIARTL.NS
31-05-2023,382.396637,428.9787292,435.2377014,426.0418396,432.6378174,14821960,ITC.NS
31-05-2023,945.7972412,975.3499756,979.2999878,960.75,965,5595631,SUNPHARMA.NS
31-05-2023,684.0982666,698.9849854,702.5999756,692.7299805,700.4899902,21476270,BAJFINANCE.NS
30-05-2023,2992.602051,3316.199951,3326.949951,3301.350098,3315,1344224,TCS.NS
30-05-2023,1188.422241,1323.849976,1326.400024,1309.150024,1315,6274719,INFY.NS
30-05-2023,1145.054321,1162.956543,1171.148193,1160.37207,1163.25647,11342504,RELIANCE.NS
30-05-2023,783.6221924,818.375,821.3250122,814.2750244,816.7999878,37125928,HDFCBANK.NS
30-05-2023,926.9998169,949.9500122,952.2999878,944.6500244,945.3499756,18483624,ICICIBANK.NS
30-05-2023,803.475708,818.4500122,826.3499756,812.7999878,821.25,5148256,BHARTIARTL.NS
30-05-2023,386.1734314,433.2155762,434.7080994,424.6456299,424.6456299,19627897,ITC.NS
30-05-2023,930.5244141,959.5999756,967.4500122,956.2999878,965,2624815,SUNPHARMA.NS
30-05-2023,685.6593018,700.5800171,701.875,693.0050049,694.7999878,8819230,BAJFINANCE.NS
29-05-2023,2996.347168,3320.350098,3372,3312,3360.800049,1210372,TCS.NS
29-05-2023,1179.939209,1314.400024,1332.699951,1309.849976,1332.699951,4419365,INFY.NS
29-05-2023,1145.349731,1163.25647,1167.594604,1157.072388,1163.44104,10010304,RELIANCE.NS
29-05-2023,783.0237427,817.75,820.5,812.4249878,814.25,21816292,HDFCBANK.NS
29-05-2023,925.2433472,948.1500244,957.5999756,946.7999878,953.8499756,12108079,ICICIBANK.NS
29-05-2023,806.2244263,821.25,829.4000244,818,829.4000244,3684829,BHARTIARTL.NS
29-05-2023,377.01828,432.4452209,435.045105,427.6306458,428.4972839,20589822,ITC.NS
29-05-2023,939.1063843,968.4500122,973.25,946.4000244,969.9500122,5344765,SUNPHARMA.NS
29-05-2023,678.4413452,693.2050171,697.1900024,690.1799927,694.0200195,6407280,BAJFINANCE.NS
26-05-2023,3004.062744,3328.899902,3338.649902,3291,3293.5,1791115,TCS.NS
26-05-2023,1182.677002,1317.449951,1323.449951,1306,1306,5521606,INFY.NS
26-05-2023,1138.942871,1156.74939,1157.903076,1131.020752,1134.366577,12626260,RELIANCE.NS
26-05-2023,773.592041,807.9000244,809.5,801.125,809.5,26635066,HDFCBANK.NS
26-05-2023,927.7316895,950.7000122,952.4500122,935.5499878,939.7999878,10957182,ICICIBANK.NS
26-05-2023,802.9848022,817.9500122,829.3499756,813.4000244,827.9000244,6150206,BHARTIARTL.NS
26-05-2023,372.4010925,427.1492004,428.2565613,423.2012634,426.956604,13496209,ITC.NS
26-05-2023,940.5123901,969.9000244,976.7000122,937,943.9500122,4137189,SUNPHARMA.NS
26-05-2023,675.7450562,690.4500122,692,684.1199951,684.6599731,6940730,BAJFINANCE.NS
25-05-2023,2972.117432,3293.5,3306,3267.100098,3294,1374917,TCS.NS
25-05-2023,1170.917114,1304.349976,1307,1289.25,1294.5,4334121,INFY.NS
25-05-2023,1108.702637,1126.036499,1130.213135,1115.006714,1123.244507,11487863,RELIANCE.NS
25-05-2023,770.6236572,804.7999878,810.0250244,798.6749878,807.8499756,29776930,HDFCBANK.NS
25-05-2023,917.1437378,939.8499756,941.5999756,932.9500122,937,19328582,ICICIBANK.NS
25-05-2023,807.6478882,822.7000122,825.5,797.8499756,799.5999756,9570396,BHARTIARTL.NS
25-05-2023,370.3443298,424.7900696,426.0418396,418.6755371,420.7458191,18905572,ITC.NS
25-05-2023,916.3668213,945,951.7000122,942.7000122,949.7000122,2331464,SUNPHARMA.NS
25-05-2023,669.5450439,684.1149902,684.7999878,674.6099854,677.7999878,5302600,BAJFINANCE.NS
24-05-2023,2981.006104,3303.350098,3317.199951,3276,3276,1016555,TCS.NS
24-05-2023,1165.800171,1298.650024,1305,1291.300049,1296.300049,4824077,INFY.NS
24-05-2023,1108.838989,1126.174927,1137.13562,1123.036743,1128.782471,8112254,RELIANCE.NS
24-05-2023,773.592041,807.9000244,817.375,806.7999878,813.7750244,33588112,HDFCBANK.NS
24-05-2023,917.9244995,940.6500244,953.8499756,938.5,946.7000122,18049620,ICICIBANK.NS
24-05-2023,786.7376099,801.4000244,802.9000244,795,802.9000244,9104329,BHARTIARTL.NS
24-05-2023,363.9221802,417.4237671,418.6274109,411.1647949,412.4165955,11921823,ITC.NS
24-05-2023,923.300293,952.1500244,954.7999878,932.5999756,935.5,2953574,SUNPHARMA.NS
24-05-2023,664.1425781,678.5949707,684.8549805,672.9749756,676.9000244,5539360,BAJFINANCE.NS
23-05-2023,2975.320313,3297.050049,3327.949951,3290.100098,3306,1687418,TCS.NS
23-05-2023,1167.057007,1300.050049,1314.150024,1297.050049,1299.199951,7436031,INFY.NS
23-05-2023,1115.336914,1132.774414,1138.981567,1131.34375,1135.5896,6092034,RELIANCE.NS
23-05-2023,783.8375854,818.5999756,824.7999878,816.7249756,824.5,22470074,HDFCBANK.NS
23-05-2023,930.3664551,953.4000244,958.8499756,945,952,16579935,ICICIBANK.NS
23-05-2023,785.3141479,799.9500122,808.9500122,797.9500122,808.9500122,6516636,BHARTIARTL.NS
23-05-2023,360.2703552,413.2350769,415.2090454,408.4686584,410.2019043,9068926,ITC.NS
23-05-2023,903.3728638,931.5999756,956.2000122,929.0999756,937.5,3057684,SUNPHARMA.NS
23-05-2023,663.6140747,678.0549927,687.3950195,675.710022,681.0050049,7901960,BAJFINANCE.NS
22-05-2023,2976.809326,3298.699951,3308.449951,3217.050049,3230,1333243,TCS.NS
22-05-2023,1160.54895,1292.800049,1295.599976,1270.25,1272.949951,7625947,INFY.NS
22-05-2023,1115.541382,1132.982056,1138.058594,1122.529175,1123.752075,7434906,RELIANCE.NS
22-05-2023,785.6808472,820.5250244,826.4500122,816.3499756,822.5,28334032,HDFCBANK.NS
22-05-2023,927.3900757,950.3499756,954.25,946.1500244,951.0499878,15509525,ICICIBANK.NS
22-05-2023,787.1793213,801.8499756,804,799.5,801,9996762,BHARTIARTL.NS
22-05-2023,356.5765686,408.9982605,409.9611511,403.5577698,406.3020935,16015615,ITC.NS
22-05-2023,909.0455933,937.4500122,942.75,922.8499756,925.8499756,1382485,SUNPHARMA.NS
22-05-2023,664.8374634,679.3049927,681.7999878,676.1900024,678.4199829,4197920,BAJFINANCE.NS
19-05-2023,2908.36084,3222.850098,3234.5,3203.050049,3210,1152449,TCS.NS
19-05-2023,1139.093628,1268.900024,1273.300049,1252.800049,1256.050049,11094136,INFY.NS
19-05-2023,1109.611572,1126.959473,1128.805542,1116.298828,1123.313721,8050447,RELIANCE.NS
19-05-2023,788.4816895,823.4500122,825,815.7750244,824,30460332,HDFCBANK.NS
19-05-2023,931.2446289,954.2999878,956,941.5999756,951.4500122,15427412,ICICIBANK.NS
19-05-2023,791.0079956,805.75,808.3499756,793.25,799.3499756,3432240,BHARTIARTL.NS
19-05-2023,352.4630127,404.2799683,407.4094543,396.0951843,405.3391724,26759905,ITC.NS
19-05-2023,897.7970581,925.8499756,934.4000244,924.2999878,932,1309343,SUNPHARMA.NS
19-05-2023,663.9712524,678.4199829,682,671.2000122,680,5928340,BAJFINANCE.NS
18-05-2023,2887.605957,3199.850098,3228.949951,3195,3225.949951,1369364,TCS.NS
18-05-2023,1118.536255,1246,1259.650024,1242.449951,1258.599976,6948732,INFY.NS
18-05-2023,1106.021851,1123.313721,1133.905151,1120.129272,1130.466919,10525531,RELIANCE.NS
18-05-2023,787.5720215,822.5,826.9749756,820,824,49646942,HDFCBANK.NS
18-05-2023,923.6331177,946.5,952.25,942.0999756,947.9500122,21550141,ICICIBANK.NS
18-05-2023,784.7250977,799.3499756,803,794.6500244,797.9500122,11383252,BHARTIARTL.NS
18-05-2023,352.3370667,404.1355286,416.4126892,402.5948792,414.0535583,24919291,ITC.NS
18-05-2023,901.4819336,929.6500244,943,922.4500122,943,3014019,SUNPHARMA.NS
18-05-2023,664.4801636,678.9400024,683.0650024,674.5150146,675.9799805,11067180,BAJFINANCE.NS
17-05-2023,2895.591309,3208.699951,3280,3198.25,3255.949951,1588815,TCS.NS
17-05-2023,1119.344238,1246.900024,1260.949951,1242.449951,1260.599976,10465667,INFY.NS
17-05-2023,1108.407349,1125.736572,1137.597046,1120.983154,1136.674072,8798967,RELIANCE.NS
17-05-2023,784.4360962,819.2249756,825,812.6749878,825,30466868,HDFCBANK.NS
17-05-2023,916.6558838,939.3499756,948.4000244,935.7999878,947.2999878,19273344,ICICIBANK.NS
17-05-2023,777.7550049,792.25,797.6500244,783.9000244,788,6529233,BHARTIARTL.NS
17-05-2023,358.9691162,411.7425537,413.0424805,406.9279785,408.4205017,9844782,ITC.NS
17-05-2023,907.5910034,935.9500122,945.2999878,928.8499756,941.25,2956985,SUNPHARMA.NS
17-05-2023,656.2248535,670.5050049,681.0449829,666.2000122,678.5,7407850,BAJFINANCE.NS
16-05-2023,2940.216309,3258.149902,3285,3250.449951,3256.199951,986306,TCS.NS
16-05-2023,1134.964233,1264.300049,1273.949951,1262.75,1265,5236469,INFY.NS
16-05-2023,1114.996216,1132.428345,1153.564941,1130.743774,1150.980591,8717229,RELIANCE.NS
16-05-2023,788.6732788,823.6500244,835.9000244,822,835.9000244,32722086,HDFCBANK.NS
16-05-2023,923.4867554,946.3499756,952.2000122,943,950,19612293,ICICIBANK.NS
16-05-2023,772.9446411,787.3499756,801.25,784,800.8499756,4846217,BHARTIARTL.NS
16-05-2023,355.9049377,408.2279053,414.0535583,407.7946167,414.0535583,8302077,ITC.NS
16-05-2023,912.4395142,940.9500122,962.5499878,938,953,2625163,SUNPHARMA.NS
16-05-2023,664.010437,678.460022,684.9000244,670,672,12651330,BAJFINANCE.NS
15-05-2023,2937.419189,3255.050049,3292,3248.350098,3284,1150390,TCS.NS
15-05-2023,1129.622803,1258.349976,1268.900024,1245.650024,1249.900024,5534710,INFY.NS
15-05-2023,1131.10437,1148.788452,1155.849365,1141.358276,1149.088501,6833343,RELIANCE.NS
15-05-2023,793.2214966,837.9000244,840.375,832.5499878,836,18512260,HDFCBANK.NS
15-05-2023,922.9012451,945.75,949,938.2000122,943.75,10453762,ICICIBANK.NS
15-05-2023,782.4671631,797.0499878,802.5,789.5499878,793,7569060,BHARTIARTL.NS
15-05-2023,359.1370239,411.9351501,412.8017578,403.5096436,404.424408,9503538,ITC.NS
15-05-2023,924.1245117,953,955.75,948.0499878,953,1814239,SUNPHARMA.NS
15-05-2023,656.9344482,671.2299805,675,668.5800171,671.4400024,7390760,BAJFINANCE.NS
12-05-2023,2954.790771,3274.300049,3290,3260,3279.149902,1027479,TCS.NS
12-05-2023,1117.817993,1245.199951,1256,1239.050049,1253.349976,8292212,INFY.NS
12-05-2023,1128.877808,1146.5271,1147.934692,1133.674316,1139.812256,6955341,RELIANCE.NS
12-05-2023,789.4347534,833.9000244,836.4000244,822.125,823.5,22478760,HDFCBANK.NS
12-05-2023,921.0959473,943.9000244,948,935.0999756,939.75,13873480,ICICIBANK.NS
12-05-2023,777.4605103,791.9500122,793.7000122,784.5,787.5,2576010,BHARTIARTL.NS
12-05-2023,352.9667053,404.8577271,407.0242615,400.6208801,404.8095703,11564770,ITC.NS
12-05-2023,927.0335083,956,963.0999756,952,961,2014927,SUNPHARMA.NS
12-05-2023,657.1399536,671.4400024,673.3649902,660.4699707,665,9120780,BAJFINANCE.NS
11-05-2023,2961.874023,3282.149902,3309.699951,3272,3309,1719623,TCS.NS
11-05-2023,1127.602905,1256.099976,1275.900024,1253.050049,1270.25,6888461,INFY.NS
11-05-2023,1127.03772,1144.658081,1158.133789,1142.927368,1153.265015,10557860,RELIANCE.NS
11-05-2023,782.5240479,826.5999756,844,824.625,832.5750122,35734618,HDFCBANK.NS
11-05-2023,916.5094604,939.2000122,947,933.8499756,940.0499878,20027372,ICICIBANK.NS
11-05-2023,774.1717529,788.5999756,794.5499878,783.7000122,794.5499878,4808171,BHARTIARTL.NS
11-05-2023,352.9247742,404.8095703,411.5499878,403.3652039,411.4055481,16597954,ITC.NS
11-05-2023,931.930481,961.0499878,963.9000244,952,953.7999878,1296607,SUNPHARMA.NS
11-05-2023,652.1533813,666.3449707,668,662.5,665.9000244,5674940,BAJFINANCE.NS
10-05-2023,2966.070557,3286.800049,3306.5,3266.050049,3290,1559987,TCS.NS
10-05-2023,1134.021606,1263.25,1276.400024,1259.150024,1276.400024,6515734,INFY.NS
10-05-2023,1134.444214,1152.180542,1153.68042,1145.073364,1149.134644,10872255,RELIANCE.NS
10-05-2023,782.0032959,826.0499878,827.3250122,816.5499878,822.25,46340550,HDFCBANK.NS
10-05-2023,913.4355469,936.0499878,941,928.25,934.5999756,25910923,ICICIBANK.NS
10-05-2023,781.4855347,796.0499878,797.5499878,788.0499878,797,2737334,BHARTIARTL.NS
10-05-2023,357.0802612,409.5759888,410.5389099,406.5428162,408.2279053,10130159,ITC.NS
10-05-2023,924.9001465,953.7999878,959.9500122,951.5999756,957,2180917,SUNPHARMA.NS
10-05-2023,649.0264282,663.1500244,666.5,652.5,659.0949707,8353210,BAJFINANCE.NS
09-05-2023,2962.866943,3283.25,3298,3246,3252.600098,1107375,TCS.NS
09-05-2023,1140.709595,1270.699951,1272,1260.699951,1266,4969897,INFY.NS
09-05-2023,1126.696899,1144.31189,1147.657837,1136.789429,1142.212036,6464721,RELIANCE.NS
09-05-2023,778.4060059,822.25,828,819.9749756,824.9500122,43688938,HDFCBANK.NS
09-05-2023,911.8255005,934.4000244,945,931.7999878,941,21507610,ICICIBANK.NS
09-05-2023,779.0802612,793.5999756,798.3499756,790.5,796.9000244,2486331,BHARTIARTL.NS
09-05-2023,355.7790222,408.0834656,417.086731,405.8687744,416.7497253,10377820,ITC.NS
09-05-2023,928.4396362,957.4500122,966.8499756,949.5,961.9000244,6902170,SUNPHARMA.NS
09-05-2023,641.2702637,655.2249756,673.9849854,654.2000122,665,21307700,BAJFINANCE.NS
08-05-2023,2933.403076,3250.600098,3254.850098,3231.300049,3245,928235,TCS.NS
08-05-2023,1136.131226,1265.599976,1270.300049,1255.199951,1262.449951,5260842,INFY.NS
08-05-2023,1123.220703,1140.781494,1146.204102,1127.974854,1130.674561,9153782,RELIANCE.NS
08-05-2023,778.3822632,822.2249756,825.1749878,815,817.5,37244524,HDFCBANK.NS
08-05-2023,915.2409058,937.9000244,941.7000122,927,927,18623913,ICICIBANK.NS
08-05-2023,779.2276001,793.75,795.2999878,785.2000122,789.9000244,2489174,BHARTIARTL.NS
08-05-2023,362.2011719,415.4497681,417.3756104,413.4276733,415.0164795,7522610,ITC.NS
08-05-2023,932.7062988,961.8499756,969,961,962,2676958,SUNPHARMA.NS
08-05-2023,651.6151733,665.7949829,669.5100098,638.7999878,639.4450073,22247350,BAJFINANCE.NS
05-05-2023,2915.44458,3230.699951,3244,3210.050049,3220,1710027,TCS.NS
05-05-2023,1130.296143,1259.099976,1279,1254.25,1279,5373791,INFY.NS
05-05-2023,1109.52063,1126.867188,1135.912598,1124.213623,1126.521118,8746585,RELIANCE.NS
05-05-2023,769.4835815,812.8250122,830.4749756,811.0499878,819.5,62770416,HDFCBANK.NS
05-05-2023,904.5554199,926.9500122,942.4500122,923.4500122,925,19002035,ICICIBANK.NS
05-05-2023,772.8955688,787.2999878,790.9500122,780.25,789.0999756,1438467,BHARTIARTL.NS
05-05-2023,359.9346008,412.8499146,415.8830872,408.6130981,410.1537476,12890455,ITC.NS
05-05-2023,941.0457764,970.4500122,977.25,967.8499756,974,1062645,SUNPHARMA.NS
05-05-2023,625.3760986,638.9849854,644.7999878,633.164978,637.9949951,11600400,BAJFINANCE.NS
04-05-2023,2906.420898,3220.699951,3224.449951,3178,3180.149902,1953253,TCS.NS
04-05-2023,1143.268066,1273.550049,1275.800049,1262.5,1268.949951,4505401,INFY.NS
04-05-2023,1112.360596,1129.751587,1131.989868,1114.337524,1117.360352,8635233,RELIANCE.NS
04-05-2023,817.835144,863.9000244,867.2249756,843.5499878,843.5499878,56854638,HDFCBANK.NS
04-05-2023,899.432312,921.7000122,923.9000244,911.7999878,920,20485002,ICICIBANK.NS
04-05-2023,774.6626587,789.0999756,792.7000122,773.6500244,779.2999878,2457671,BHARTIARTL.NS
04-05-2023,356.4506531,408.8538208,411.1647949,408.276062,409.5278625,8292456,ITC.NS
04-05-2023,944.4881592,974,975.9000244,965.1500244,967.6500244,1197830,SUNPHARMA.NS
04-05-2023,625.4153442,639.0250244,639.9000244,618.2150269,619.7000122,12451410,BAJFINANCE.NS
03-05-2023,2869.602539,3179.899902,3216,3173.149902,3216,2468285,TCS.NS
03-05-2023,1139.318115,1269.150024,1272.5,1262.099976,1266,5549783,INFY.NS
03-05-2023,1099.682983,1116.875732,1128.367065,1113.622192,1128.367065,7061872,RELIANCE.NS
03-05-2023,801.43396,846.5750122,848,839.8250122,842.4749756,29407270,HDFCBANK.NS
03-05-2023,900.5545044,922.8499756,923.8499756,911.5499878,919.5499878,18715142,ICICIBANK.NS
03-05-2023,765.0419312,779.2999878,794.5,777.2000122,794.5,3908267,BHARTIARTL.NS
03-05-2023,358.5913086,411.3092346,412.6091919,406.3983765,408.276062,7607609,ITC.NS
03-05-2023,934.4033203,963.5999756,972.4000244,959.5,970.5,3087472,SUNPHARMA.NS
03-05-2023,604.8625488,618.0250244,625.5,615.5949707,623.8049927,6682510,BAJFINANCE.NS
02-05-2023,2905.247803,3219.399902,3235,3210,3235,2321159,TCS.NS
02-05-2023,1146.768921,1277.449951,1279.75,1254.550049,1254.550049,8886401,INFY.NS
02-05-2023,1109.202637,1126.544189,1128.736328,1120.567749,1124.305908,12981805,RELIANCE.NS
02-05-2023,798.6411743,843.625,849.5,841,844.3499756,32221184,HDFCBANK.NS
02-05-2023,899.8225708,922.0999756,925.7999878,918.7000122,924,17515017,ICICIBANK.NS
02-05-2023,775.7425537,790.2000122,806.7999878,788.5499878,800.25,6301210,BHARTIARTL.NS
02-05-2023,356.324707,408.7093811,411.1647949,405.579895,410.2019043,10648421,ITC.NS
02-05-2023,943.5668945,973.0499878,988.9000244,970.2999878,987.6500244,3152556,SUNPHARMA.NS
02-05-2023,611.6057739,624.914978,633.4650269,622.4799805,633,9912540,BAJFINANCE.NS
28-04-2023,2905.112549,3219.25,3227.25,3196.25,3200.399902,2931312,TCS.NS
28-04-2023,1124.595703,1252.75,1259,1244.949951,1255.699951,10118277,INFY.NS
28-04-2023,1099.864746,1117.060303,1118.629517,1099.177246,1099.292603,15565210,RELIANCE.NS
28-04-2023,798.8068848,843.7999878,845.5,835,842.3499756,27916272,HDFCBANK.NS
28-04-2023,895.4801636,917.6500244,920.4500122,910.25,915.0999756,20381002,ICICIBANK.NS
28-04-2023,784.6759644,799.2999878,802.0499878,787.2000122,789.8499756,6572656,BHARTIARTL.NS
28-04-2023,357.2481689,409.7685852,412.3684387,398.3580322,402.4985657,13208557,ITC.NS
28-04-2023,957.7246094,987.6500244,992.5,979.1500244,984.9500122,2009995,SUNPHARMA.NS
28-04-2023,614.6348877,628.0100098,629.5999756,611.0999756,624.3900146,14896680,BAJFINANCE.NS
27-04-2023,2876.866211,3187.949951,3199.199951,3170.649902,3185,2434446,TCS.NS
27-04-2023,1118.760742,1246.25,1247.800049,1225.400024,1230,8020704,INFY.NS
27-04-2023,1080.121216,1097.008179,1100.215576,1090.985596,1096.062134,9167125,RELIANCE.NS
27-04-2023,795.6829224,840.5,842.625,832.9249878,835.25,47790392,HDFCBANK.NS
27-04-2023,896.163208,918.3499756,919.9000244,908.5499878,909.5,25835108,ICICIBANK.NS
27-04-2023,772.1102295,786.5,789.2000122,771.3499756,772,4129769,BHARTIARTL.NS
27-04-2023,349.230957,400.5727539,401.9208374,395.7581787,396.9136658,13100076,ITC.NS
27-04-2023,949.0457153,978.7000122,981.5999756,963.5499878,968,2777173,SUNPHARMA.NS
27-04-2023,606.800354,620.0050049,625.4450073,606.5999756,607.5,28271360,BAJFINANCE.NS
26-04-2023,2886.071045,3198.149902,3208.399902,3181,3181,2000029,TCS.NS
26-04-2023,1101.973755,1227.550049,1233,1220.550049,1228,5680192,INFY.NS
26-04-2023,1073.328125,1090.108765,1101.184814,1086.393677,1097.908081,8617834,RELIANCE.NS
26-04-2023,791.328125,835.9000244,837.5,827.5,830,27392750,HDFCBANK.NS
26-04-2023,892.8453979,914.9500122,916.9500122,905.75,911.4500122,30371555,ICICIBANK.NS
26-04-2023,759.2989502,773.4500122,779.9000244,767.0999756,779.9000244,5057352,BHARTIARTL.NS
26-04-2023,346.0828857,396.9618225,397.6839905,393.8804932,396.7210693,7914219,ITC.NS
26-04-2023,941.8214722,971.25,976.7999878,963.2000122,975.7999878,2911028,SUNPHARMA.NS
26-04-2023,592.6972656,605.5949707,611.9799805,601.3300171,610,9740070,BAJFINANCE.NS
25-04-2023,2866.083008,3176,3191.199951,3147.5,3183,2024090,TCS.NS
25-04-2023,1099.594849,1224.900024,1235.5,1215,1225.949951,6808576,INFY.NS
25-04-2023,1079.66687,1096.546631,1098.646484,1084.755371,1091.908569,9236126,RELIANCE.NS
25-04-2023,787.7070923,832.0750122,843.8499756,830.9500122,843.8499756,50353068,HDFCBANK.NS
25-04-2023,891.3815918,913.4500122,916,903.0999756,906.2999878,41383839,ICICIBANK.NS
25-04-2023,758.4645386,772.5999756,777,761.75,764.9500122,5773233,BHARTIARTL.NS
25-04-2023,345.4952087,396.2877808,398.2135925,392.2916565,393.543457,9180650,ITC.NS
25-04-2023,943.0336304,972.5,982.9000244,967,980,2377746,SUNPHARMA.NS
25-04-2023,594.5862427,607.5250244,609.2700195,592.8699951,595.9899902,14944750,BAJFINANCE.NS
24-04-2023,2865.000244,3174.800049,3180.949951,3126.149902,3151.100098,1640676,TCS.NS
24-04-2023,1100.851563,1226.300049,1230,1218,1228,8313774,INFY.NS
24-04-2023,1071.46521,1088.216675,1098.784912,1083.601563,1096.062134,12936186,RELIANCE.NS
24-04-2023,799.0671997,844.0750122,845.7249756,837.0499878,843.5,35675852,HDFCBANK.NS
24-04-2023,882.8917847,904.75,906.5,895,905,30881665,ICICIBANK.NS
24-04-2023,746.3405151,760.25,767.4000244,755.6500244,765.2000122,5271105,BHARTIARTL.NS
24-04-2023,343.1026001,393.543457,394.7952576,389.2103271,394.7952576,6212135,ITC.NS
24-04-2023,949.4821167,979.1500244,982.5,959.25,975,3485350,SUNPHARMA.NS
24-04-2023,580.7376099,593.375,596.4699707,587.7000122,594,5448920,BAJFINANCE.NS
21-04-2023,2852.410645,3160.850098,3164.449951,3100.800049,3110,1929184,TCS.NS
21-04-2023,1101.794067,1227.349976,1233.25,1220,1228.099976,8691352,INFY.NS
21-04-2023,1067.375488,1084.06311,1089.601074,1078.248169,1084.824585,7647317,RELIANCE.NS
21-04-2023,792.6535034,837.2999878,838.4749756,831.625,834.5,20128618,HDFCBANK.NS
21-04-2023,864.2532349,885.6500244,900.7000122,882.4000244,894.5499878,29578071,ICICIBANK.NS
21-04-2023,751.1999512,765.2000122,775.25,764.4500122,769.5999756,4524208,BHARTIARTL.NS
21-04-2023,342.7248535,393.1101379,393.8323364,384.2513428,385.4549866,14801099,ITC.NS
21-04-2023,959.4700317,989.4500122,994.2999878,984.9500122,994.2999878,1216575,SUNPHARMA.NS
21-04-2023,581.1436768,593.789978,594.5,582.7999878,591.2999878,6431010,BAJFINANCE.NS
20-04-2023,2801.830078,3104.800049,3113,3078,3090,2419999,TCS.NS
20-04-2023,1098.248169,1223.400024,1237.849976,1221.400024,1230.699951,8621249,INFY.NS
20-04-2023,1066.034912,1082.70166,1088.678101,1076.263794,1086.416748,7007330,RELIANCE.NS
20-04-2023,791.3754272,835.9500122,838.7249756,833.2000122,835.8499756,32922716,HDFCBANK.NS
20-04-2023,872.7918701,894.4000244,899.2999878,889.2000122,892.25,16999919,ICICIBANK.NS
20-04-2023,758.1699829,772.2999878,773.75,762.5999756,764,2355441,BHARTIARTL.NS
20-04-2023,336.0508728,385.4549866,387.7178345,382.9513855,385.1661072,6924577,ITC.NS
20-04-2023,957.8215332,987.75,1002.099976,983.75,999.0999756,1638094,SUNPHARMA.NS
20-04-2023,578.6773071,591.2700195,596.5949707,588.6149902,596,4367310,BAJFINANCE.NS
19-04-2023,2788.114014,3089.600098,3140,3071.5,3130.75,3298034,TCS.NS
19-04-2023,1106.147949,1232.199951,1254.349976,1229.400024,1254.349976,11307230,INFY.NS
19-04-2023,1068.738647,1085.447632,1088.17041,1076.309937,1079.471191,12273475,RELIANCE.NS
19-04-2023,788.4407959,832.8499756,835.1500244,828.5750122,832.5,24741168,HDFCBANK.NS
19-04-2023,870.3522949,891.9000244,896.9000244,887.25,895.9000244,24377956,ICICIBANK.NS
19-04-2023,750.6599731,764.6500244,766.8499756,756,761.3499756,3429794,BHARTIARTL.NS
19-04-2023,334.7496338,383.9624634,386.4660339,381.3144226,381.3625793,10119480,ITC.NS
19-04-2023,965.336792,995.5,1009.400024,993,1003.5,2174563,SUNPHARMA.NS
19-04-2023,582.1077271,594.7750244,596,588,591.5650024,5549280,BAJFINANCE.NS
18-04-2023,2825.248291,3130.75,3156.850098,3110.600098,3154.949951,2617302,TCS.NS
18-04-2023,1130.52063,1259.349976,1269.949951,1253.099976,1269.949951,12430884,INFY.NS
18-04-2023,1063.444824,1080.071167,1096.985107,1073.448608,1096.985107,10405576,RELIANCE.NS
18-04-2023,785.5534058,829.7999878,838.625,828.2000122,835,29637226,HDFCBANK.NS
18-04-2023,875.1826172,896.8499756,907.9500122,894.0999756,907.9500122,26699379,ICICIBANK.NS
18-04-2023,745.8496094,759.75,765,752.5499878,765,4051481,BHARTIARTL.NS
18-04-2023,334.5397034,383.7217102,387.0919189,382.2773438,385.1661072,9860308,ITC.NS
18-04-2023,974.3549194,1004.799988,1006.25,988.2999878,999,1217390,SUNPHARMA.NS
18-04-2023,578.9660034,591.5650024,599.4000244,587.0250244,597.5,6408890,BAJFINANCE.NS
17-04-2023,2833.144287,3139.5,3163.399902,3070.25,3134.100098,5505048,TCS.NS
17-04-2023,1129.578125,1258.300049,1261.150024,1185.300049,1250.300049,53171705,INFY.NS
17-04-2023,1075.758911,1092.577759,1119.114014,1084.086182,1119.114014,17929479,RELIANCE.NS
17-04-2023,788.8904419,833.3250122,860,826.6500244,860,32405148,HDFCBANK.NS
17-04-2023,879.5250854,901.2999878,917.2999878,893.1500244,917.2999878,29957514,ICICIBANK.NS
17-04-2023,745.7514648,759.6500244,789,754.3499756,789,9083437,BHARTIARTL.NS
17-04-2023,335.9249268,385.3105469,387.0919189,378.3294067,378.3294067,11466474,ITC.NS
17-04-2023,968.4397583,998.7000122,1009.900024,995.0499878,999.4500122,1768817,SUNPHARMA.NS
17-04-2023,583.4485474,596.1450195,599.7999878,590,599.7999878,6728570,BAJFINANCE.NS
13-04-2023,2877.679199,3188.850098,3230,3180,3210,4174070,TCS.NS
13-04-2023,1247.087036,1389.199951,1411.050049,1383,1409.75,11267238,INFY.NS
13-04-2023,1070.328979,1087.062866,1091.816284,1080.832642,1085.909058,12378208,RELIANCE.NS
13-04-2023,801.1025391,846.2249756,848.5250244,839.0750122,844.1500244,35330086,HDFCBANK.NS
13-04-2023,877.2806396,899,901.6500244,886.5,891.0999756,34439635,ICICIBANK.NS
13-04-2023,753.0160522,767.0499878,771.1500244,765.4500122,770,4292170,BHARTIARTL.NS
13-04-2023,332.1051636,380.9292603,381.8921814,379.0997314,380.8329773,6292395,ITC.NS
13-04-2023,973.0942993,1003.5,1023.849976,1002,1022.299988,1445693,SUNPHARMA.NS
13-04-2023,577.869873,590.4450073,593.7000122,585.039978,585.6950073,8330060,BAJFINANCE.NS
12-04-2023,2925.326172,3241.649902,3260.949951,3199,3227.949951,2417727,TCS.NS
12-04-2023,1282.187256,1428.300049,1431.5,1400,1413.050049,5831169,INFY.NS
12-04-2023,1066.307617,1082.978638,1092.739258,1075.317749,1078.225098,18179087,RELIANCE.NS
12-04-2023,797.5288696,842.4500122,844.0999756,833.9000244,834,26955504,HDFCBANK.NS
12-04-2023,868.6445313,890.1500244,892,880.2999878,883.4500122,22686032,ICICIBANK.NS
12-04-2023,756.9919434,771.0999756,774.5499878,765.0999756,774,3794841,BHARTIARTL.NS
12-04-2023,330.3842163,378.9552917,383.047699,377.559082,382.9995422,10122932,ITC.NS
12-04-2023,985.8944092,1016.700012,1020.200012,1005.25,1015.5,3246327,SUNPHARMA.NS
12-04-2023,573.2210693,585.6950073,587.6749878,578.5999756,583.7000122,10230690,BAJFINANCE.NS
11-04-2023,2900.193604,3213.800049,3272.949951,3192.149902,3264,2348779,TCS.NS
11-04-2023,1262.303223,1406.150024,1433.349976,1389,1428.900024,6942255,INFY.NS
11-04-2023,1061.627319,1078.225098,1080.371094,1072.548706,1077.140625,10542367,RELIANCE.NS
11-04-2023,787.3047485,831.6500244,834.7000122,825.5499878,829.5,42361542,HDFCBANK.NS
11-04-2023,860.593811,881.9000244,885.5999756,865,873.7000122,39504022,ICICIBANK.NS
11-04-2023,759.9862671,774.1500244,776,768.1500244,776,3485481,BHARTIARTL.NS
11-04-2023,332.440979,381.3144226,383.3365479,373.6111145,374.1407166,18939829,ITC.NS
11-04-2023,978.670105,1009.25,1022.25,1007.549988,1008.599976,1786844,SUNPHARMA.NS
11-04-2023,571.34198,583.7750244,588,581.1149902,585.7999878,8116200,BAJFINANCE.NS
10-04-2023,2944.953369,3263.399902,3272,3215,3220,2203187,TCS.NS
10-04-2023,1281.55896,1427.599976,1434,1415,1423.949951,4993788,INFY.NS
10-04-2023,1056.401855,1072.917847,1084.709229,1071.394897,1084.524658,12961408,RELIANCE.NS
10-04-2023,785.0090942,829.2249756,835.5,827,831.625,31813286,HDFCBANK.NS
10-04-2023,847.46875,868.4500122,882.7999878,864.4000244,880.0499878,30906205,ICICIBANK.NS
10-04-2023,755.666687,769.75,776.2999878,766.4500122,768.9500122,1701065,BHARTIARTL.NS
10-04-2023,326.1867981,374.1407166,375.5369568,370.4816284,372.9852295,7044256,ITC.NS
10-04-2023,978.0397339,1008.599976,1016.950012,1006.650024,1015,1110974,SUNPHARMA.NS
10-04-2023,570.4660645,582.8800049,596.9899902,581.0999756,594.4949951,9282570,BAJFINANCE.NS
06-04-2023,2906.420898,3220.699951,3257.350098,3215,3225,1703464,TCS.NS
06-04-2023,1276.442017,1421.900024,1428.400024,1410.349976,1416,6948465,INFY.NS
06-04-2023,1063.944702,1080.578735,1086.370605,1069.825806,1069.825806,18435046,RELIANCE.NS
06-04-2023,788.7484131,833.1749878,834.5999756,823.5499878,824.2750244,44637344,HDFCBANK.NS
06-04-2023,853.8605347,875,890.0999756,872.7000122,882,26042745,ICICIBANK.NS
06-04-2023,751.9362183,765.9500122,768.7000122,759.0999756,762.5999756,1777379,BHARTIARTL.NS
06-04-2023,325.1793213,372.9852295,375.8258057,369.9520264,372.3111877,13394394,ITC.NS
06-04-2023,981.4336548,1012.099976,1014,993.4000244,997.1500244,1423990,SUNPHARMA.NS
06-04-2023,580.5858154,593.2199707,595.9000244,570.5549927,576.0999756,17405020,BAJFINANCE.NS
05-04-2023,2923.656738,3239.800049,3264.350098,3185.5,3185.5,2655065,TCS.NS
05-04-2023,1277.923218,1423.550049,1427.5,1400,1400,7506334,INFY.NS
05-04-2023,1056.856201,1073.379395,1083.601563,1065.395508,1083.601563,16262928,RELIANCE.NS
05-04-2023,782.7843018,826.875,828,808,809.2999878,43365392,HDFCBANK.NS
05-04-2023,863.2285767,884.5999756,887.75,874,886.5999756,21068934,ICICIBANK.NS
05-04-2023,749.4819336,763.4500122,768,756,768,3197932,BHARTIARTL.NS
05-04-2023,324.3818359,372.0704651,372.6963501,364.8485718,364.8485718,12055499,ITC.NS
05-04-2023,966.9367676,997.1500244,999,975.2999878,985,1544121,SUNPHARMA.NS
05-04-2023,563.8597412,576.1300049,594.7050171,574.3150024,583.2000122,24333290,BAJFINANCE.NS
03-04-2023,2887.740723,3200,3224.949951,3173.75,3224.949951,1521830,TCS.NS
03-04-2023,1266.522217,1410.849976,1435,1405.150024,1435,5242764,INFY.NS
03-04-2023,1059.400635,1075.963745,1084.06311,1068.37207,1082.217163,10293043,RELIANCE.NS
03-04-2023,762.3361206,805.2750244,807.8499756,801.375,803.7750244,40025398,HDFCBANK.NS
03-04-2023,862.447937,883.7999878,887.0999756,868.8499756,880.2000122,26416933,ICICIBANK.NS
03-04-2023,746.6350098,760.5499878,761.9000244,752.0499878,755,2120667,BHARTIARTL.NS
03-04-2023,318.0855713,364.8485718,369.7594604,364.4634094,369.7594604,7331070,ITC.NS
03-04-2023,949.3850708,979.0499878,988,976.2000122,981,1671570,SUNPHARMA.NS
03-04-2023,559.333252,571.5050049,573.4000244,563.2199707,565.5,7453860,BAJFINANCE.NS
31-03-2023,2893.064941,3205.899902,3213,3152,3189.949951,2382581,TCS.NS
31-03-2023,1281.873047,1427.949951,1429.949951,1393.900024,1404,8711975,INFY.NS
31-03-2023,1059.218994,1075.779175,1081.501831,1040.543701,1040.682129,28171201,RELIANCE.NS
31-03-2023,761.862793,804.7750244,806.4749756,796.2000122,797.7999878,34711228,HDFCBANK.NS
31-03-2023,856.0561523,877.25,881,858.5,861.9500122,25739021,ICICIBANK.NS
31-03-2023,735.2963257,749,753,742.0499878,752.1500244,5796532,BHARTIARTL.NS
31-03-2023,321.9472656,369.2779846,370.2409058,365.9078064,367.8336182,9877493,ITC.NS
31-03-2023,953.312439,983.0999756,995.2000122,981.4000244,995.2000122,1822710,SUNPHARMA.NS
31-03-2023,549.7125854,561.6749878,569.4000244,558.6199951,569.4000244,12678280,BAJFINANCE.NS
29-03-2023,2832.602783,3138.899902,3150,3104.100098,3129,1740616,TCS.NS
29-03-2023,1242.015259,1383.550049,1389.900024,1364.550049,1379,8813966,INFY.NS
29-03-2023,1015.438049,1031.313721,1035.974854,1020.422302,1033.298096,18804065,RELIANCE.NS
29-03-2023,751.567688,793.9000244,801,790.9500122,792,39763612,HDFCBANK.NS
29-03-2023,830.4403687,851,862.0999756,848,857.0499878,34881515,ICICIBANK.NS
29-03-2023,729.9950562,743.5999756,754.9000244,738.8499756,751,4891868,BHARTIARTL.NS
29-03-2023,321.3176575,368.5558167,369.7594604,363.1634827,366.1003723,10551626,ITC.NS
29-03-2023,961.8457642,991.9000244,996.5,979,985.6500244,3045795,SUNPHARMA.NS
29-03-2023,550.5396729,562.5200195,564.5999756,555.5,556.2150269,11096120,BAJFINANCE.NS
28-03-2023,2811.847412,3115.899902,3149.550049,3110.149902,3127,1303530,TCS.NS
28-03-2023,1236.67395,1377.599976,1398,1375.849976,1392.099976,6633366,INFY.NS
28-03-2023,1021.481567,1037.45166,1041.37439,1032.375122,1036.067139,12576424,RELIANCE.NS
28-03-2023,747.9702759,790.0999756,791.4500122,782.0499878,782.8499756,39276302,HDFCBANK.NS
28-03-2023,834.0997314,854.75,858.9000244,848.2000122,855.5499878,24469018,ICICIBANK.NS
28-03-2023,734.7564087,748.4500122,765.5999756,742.7999878,765.5999756,4166723,BHARTIARTL.NS
28-03-2023,318.7991943,365.6670532,368.1706543,364.1264038,366.1003723,9523719,ITC.NS
28-03-2023,954.3790894,984.2000122,987.7999878,976.2999878,987,1394675,SUNPHARMA.NS
28-03-2023,541.6578979,553.4450073,562.4400024,552.2700195,562.1049805,9481360,BAJFINANCE.NS
27-03-2023,2817.623047,3122.300049,3152.75,3106,3135,1524217,TCS.NS
27-03-2023,1246.862793,1388.949951,1395.75,1374.099976,1386.25,4170193,INFY.NS
27-03-2023,1016.733032,1032.628906,1040.220581,1015.391968,1023.375916,14054323,RELIANCE.NS
27-03-2023,741.9352417,783.7249756,789.7249756,779.4500122,781.0999756,31872006,HDFCBANK.NS
27-03-2023,828.1959229,848.7000122,856.4000244,844.0499878,854.9500122,17047675,ICICIBANK.NS
27-03-2023,747.8129883,761.75,769.7000122,759.3499756,763,2258853,BHARTIARTL.NS
27-03-2023,319.1769714,366.1003723,370.1446228,362.393158,363.9338074,11232922,ITC.NS
27-03-2023,953.6518555,983.4500122,990.9500122,963,980,2473222,SUNPHARMA.NS
27-03-2023,547.3931274,559.3049927,572.5,558.4550171,569.7999878,11187430,BAJFINANCE.NS
24-03-2023,2815.998047,3120.5,3170,3106,3148.899902,1329577,TCS.NS
24-03-2023,1239.411865,1380.650024,1398.949951,1377.5,1388,7559127,INFY.NS
24-03-2023,1001.169983,1016.822571,1038.374634,1014.376648,1036.182495,12375945,RELIANCE.NS
24-03-2023,738.7164917,780.3250122,786.9500122,777.4749756,780,31477748,HDFCBANK.NS
24-03-2023,831.8065186,852.4000244,860,849.1500244,852.5,17295696,ICICIBANK.NS
24-03-2023,748.5002441,762.4500122,767,758.8499756,763.5499878,2336818,BHARTIARTL.NS
24-03-2023,317.9176636,364.6560059,368.7965393,363.9819641,367.3521729,10317108,ITC.NS
24-03-2023,943.3729248,972.8499756,979,968,977.5999756,1534322,SUNPHARMA.NS
24-03-2023,552.8934326,564.9249878,582.9749756,562.7199707,580.3900146,12780420,BAJFINANCE.NS
23-03-2023,2819.743652,3124.649902,3146.350098,3101,3114.899902,1372218,TCS.NS
23-03-2023,1233.935791,1374.550049,1383.949951,1370,1383.949951,7607718,INFY.NS
23-03-2023,1021.390503,1037.359375,1047.558472,1035.167236,1046.681641,16249370,RELIANCE.NS
23-03-2023,739.8998413,781.5750122,795.1749878,779.2750244,783.875,28364178,HDFCBANK.NS
23-03-2023,834.7828369,855.4500122,867.4500122,852.7999878,857,17920621,ICICIBANK.NS
23-03-2023,749.5801392,763.5499878,765.7999878,756.8499756,758,2454948,BHARTIARTL.NS
23-03-2023,319.554718,366.5336914,368.5558167,360.5154724,363.019043,10127917,ITC.NS
23-03-2023,948.0275879,977.6500244,982.9500122,972,975,1857923,SUNPHARMA.NS
23-03-2023,570.881958,583.3049927,590,577.25,580.9500122,10544190,BAJFINANCE.NS
22-03-2023,2825.293457,3130.800049,3143.5,3106.100098,3130.050049,1123939,TCS.NS
22-03-2023,1247.13208,1389.25,1407.25,1382.150024,1403,8356487,INFY.NS
22-03-2023,1034.477173,1050.650513,1057.503784,1047.604614,1054.5271,10920094,RELIANCE.NS
22-03-2023,745.8876343,787.9000244,793.0250244,782.6500244,792,14177324,HDFCBANK.NS
22-03-2023,839.4180908,860.2000122,862.5499878,851,857.6500244,17431520,ICICIBANK.NS
22-03-2023,742.8554688,756.7000122,763.2000122,753.1500244,761,2680654,BHARTIARTL.NS
22-03-2023,317.1201782,363.7412415,364.8004456,360.322876,362.9708862,4958761,ITC.NS
22-03-2023,942.59729,972.0499878,974.4000244,956.5999756,957,1626129,SUNPHARMA.NS
22-03-2023,570.9945068,583.4199829,585.7000122,573.5,574.9799805,12425340,BAJFINANCE.NS
21-03-2023,2803.003662,3106.100098,3156.75,3097.449951,3143.300049,1815297,TCS.NS
21-03-2023,1248.433716,1390.699951,1405,1390,1399,8536755,INFY.NS
21-03-2023,1031.341919,1047.466187,1049.450684,1023.145142,1024.045044,21400360,RELIANCE.NS
21-03-2023,747.6152344,789.7249756,791.25,778.0999756,785.9749756,33050494,HDFCBANK.NS
21-03-2023,831.8065186,852.4000244,854.5,839.0499878,843,18755854,ICICIBANK.NS
21-03-2023,743.1008301,756.9500122,766,755.1500244,760,5332221,BHARTIARTL.NS
21-03-2023,316.4485474,362.9708862,364.7522888,360.1784363,364.7522888,12057999,ITC.NS
21-03-2023,927.227417,956.2000122,965,953.25,965,1687239,SUNPHARMA.NS
21-03-2023,558.8487549,571.0100098,571.5,558.6149902,560.1799927,11301140,BAJFINANCE.NS
20-03-2023,2836.573486,3143.300049,3169.649902,3095.050049,3169.649902,2289468,TCS.NS
20-03-2023,1260.05896,1403.650024,1419.699951,1384.849976,1419.699951,8221829,INFY.NS
20-03-2023,1000.238525,1015.876526,1024.529663,1006.069641,1022.222168,19524589,RELIANCE.NS
20-03-2023,739.2371826,780.875,784.0499878,772.7000122,783.9749756,26503114,HDFCBANK.NS
20-03-2023,816.2418823,836.4500122,837.7999878,825,837,14838651,ICICIBANK.NS
20-03-2023,740.9901733,754.7999878,759.7999878,748.7999878,754.9500122,3566109,BHARTIARTL.NS
20-03-2023,318.0016479,364.7522888,365.2818909,358.2044678,359.4562683,10512002,ITC.NS
20-03-2023,932.0758667,961.2000122,962.6500244,947.3499756,950,1955757,SUNPHARMA.NS
20-03-2023,543.2581787,555.0800171,574.0449829,548.5700073,573.9000244,17127560,BAJFINANCE.NS
17-03-2023,2869.060791,3179.300049,3221.399902,3144,3150.5,6739966,TCS.NS
17-03-2023,1275.364868,1420.699951,1442.900024,1411.400024,1430,9090018,INFY.NS
17-03-2023,1010.167053,1025.960327,1039.274536,1021.160706,1035.951782,34014213,RELIANCE.NS
17-03-2023,744.3966064,786.3250122,789.5999756,770,778.75,22950876,HDFCBANK.NS
17-03-2023,816.0466919,836.25,838.4000244,818.6500244,831.7999878,11104490,ICICIBANK.NS
17-03-2023,743.3953857,757.25,759.4500122,739.1500244,750,9306857,BHARTIARTL.NS
17-03-2023,315.2732849,361.6228333,370.7223816,355.9416199,370.7223816,50787703,ITC.NS
17-03-2023,928.6820679,957.7000122,968.7000122,952.75,968.5499878,2218687,SUNPHARMA.NS
17-03-2023,561.0264282,573.2349854,581.6749878,568.8099976,574.0050049,10471510,BAJFINANCE.NS
16-03-2023,2874.20459,3185,3219.800049,3172,3208,1901060,TCS.NS
16-03-2023,1260.462769,1404.099976,1417.800049,1398.699951,1417.800049,7323117,INFY.NS
16-03-2023,1011.43927,1027.252441,1040.220581,1016.314941,1035.144165,18363159,RELIANCE.NS
16-03-2023,734.5747681,775.9500122,779.5499878,766.0250244,769.5,21753342,HDFCBANK.NS
16-03-2023,803.9951172,823.9000244,831.2999878,810.2999878,829.7000122,14987868,ICICIBANK.NS
16-03-2023,732.302124,745.9500122,759,743.5,750,7465693,BHARTIARTL.NS
16-03-2023,320.2263184,367.3040161,368.1706543,362.8746033,366.4855347,16315136,ITC.NS
16-03-2023,938.0881348,967.4000244,970,951.7000122,955.25,2228093,SUNPHARMA.NS
16-03-2023,559.3381958,571.5100098,575.5,566.5,572.9699707,8849630,BAJFINANCE.NS
15-03-2023,2886.747559,3198.899902,3260.350098,3192,3250,1780522,TCS.NS
15-03-2023,1274.422363,1419.650024,1442.849976,1416.849976,1438,7556182,INFY.NS
15-03-2023,1016.505798,1032.398193,1060.665039,1027.944702,1054.111816,21728555,RELIANCE.NS
15-03-2023,729.8413696,770.9500122,791.4500122,768.2999878,789,37264754,HDFCBANK.NS
15-03-2023,805.9467773,825.9000244,843.9500122,822.2000122,836.4500122,12914488,ICICIBANK.NS
15-03-2023,742.8063965,756.6500244,765.5499878,752.5,758,8101060,BHARTIARTL.NS
15-03-2023,318.5053406,365.3300476,370.0483398,363.9819641,366.870697,8748113,ITC.NS
15-03-2023,922.572998,951.4000244,964.9000244,949.3499756,952,2189113,SUNPHARMA.NS
15-03-2023,559.6954346,571.875,582,570.0999756,580,6794730,BAJFINANCE.NS
14-03-2023,2901.231689,3214.949951,3304.399902,3209.399902,3280,2670334,TCS.NS
14-03-2023,1274.736206,1420,1448.349976,1411,1441,7402784,INFY.NS
14-03-2023,1034.182007,1050.350586,1063.734009,1047.16626,1052.219604,16027522,RELIANCE.NS
14-03-2023,740.4678955,782.1749878,791.7999878,779.6500244,785.125,33185612,HDFCBANK.NS
14-03-2023,810.2891846,830.3499756,834.4500122,818.25,827,15456802,ICICIBANK.NS
14-03-2023,757.6791382,771.7999878,776.75,764,764,3753502,BHARTIARTL.NS
14-03-2023,318.7572021,365.618927,372.1185913,363.2116394,371.3964233,10623744,ITC.NS
14-03-2023,928.1971436,957.2000122,963.75,950.2999878,953.5,1879695,SUNPHARMA.NS
14-03-2023,560.9482422,573.1550293,585,571.6149902,584,13725650,BAJFINANCE.NS
13-03-2023,2961.693848,3281.949951,3369.800049,3272,3333,1901233,TCS.NS
13-03-2023,1288.291626,1435.099976,1478.300049,1428,1464.199951,8798403,INFY.NS
13-03-2023,1038.066895,1054.296387,1081.755615,1049.912109,1074.83313,12771592,RELIANCE.NS
13-03-2023,742.4559326,784.2750244,801.9000244,782.4749756,793.9500122,26443550,HDFCBANK.NS
13-03-2023,808.3864136,828.4000244,855.2999878,823.9500122,841.4500122,16413159,ICICIBANK.NS
13-03-2023,751.2980957,765.2999878,777.7999878,763.1500244,777.4500122,3447889,BHARTIARTL.NS
13-03-2023,322.0731812,369.4224243,376.4035645,368.315094,374.7666016,9130473,ITC.NS
13-03-2023,925.19104,954.0999756,959.9000244,947.5499878,955.0999756,1412106,SUNPHARMA.NS
13-03-2023,570.9309082,583.3549805,594.75,581.0999756,586.9000244,7933560,BAJFINANCE.NS
10-03-2023,3005.957764,3331,3337.25,3290,3312.899902,1024404,TCS.NS
10-03-2023,1321.012939,1471.550049,1474.300049,1457.650024,1460,3699580,INFY.NS
10-03-2023,1055.424805,1071.925659,1081.755615,1068.395142,1080.601929,13334091,RELIANCE.NS
10-03-2023,751.9699707,794.3250122,806.875,792.5,805.2249756,27387000,HDFCBANK.NS
10-03-2023,822.2921143,842.6500244,845.3499756,836.25,844.7000122,17273189,ICICIBANK.NS
10-03-2023,759.5934448,773.75,778.9500122,768.2000122,773,4113931,BHARTIARTL.NS
10-03-2023,325.7250366,373.6111145,375.7295227,369.2779846,372.6000671,8684320,ITC.NS
10-03-2023,926.597168,955.5499878,957.5,946.0999756,946.5,2001392,SUNPHARMA.NS
10-03-2023,574.9044189,587.414978,588.7399902,578.0999756,586.5,7708610,BAJFINANCE.NS
09-03-2023,3011.236328,3336.850098,3385,3330.850098,3385,1648500,TCS.NS
09-03-2023,1328.957397,1480.400024,1498.349976,1474.599976,1495,5104656,INFY.NS
09-03-2023,1072.032959,1088.793457,1115.398926,1086.878296,1114.983643,16235128,RELIANCE.NS
09-03-2023,771.8739014,815.3499756,822.9749756,813.5,814.9749756,20700166,HDFCBANK.NS
09-03-2023,835.270752,855.9500122,869.7999878,854.1500244,867.2000122,10624440,ICICIBANK.NS
09-03-2023,759.249939,773.4000244,795,770.2000122,795,5240056,BHARTIARTL.NS
09-03-2023,325.3052979,373.1296692,379.0034485,371.3482666,377.559082,10005328,ITC.NS
09-03-2023,923.8334961,952.7000122,959.4000244,947.1500244,957.5,2994556,SUNPHARMA.NS
09-03-2023,577.5617065,590.1300049,604,589.0100098,600,9408580,BAJFINANCE.NS
08-03-2023,3059.561523,3390.399902,3396,3330.850098,3364,1844590,TCS.NS
08-03-2023,1339.999268,1492.699951,1496,1481.099976,1490.550049,4137080,INFY.NS
08-03-2023,1098.43335,1115.606689,1116.368164,1100.677124,1111.614624,15782657,RELIANCE.NS
08-03-2023,771.8029175,815.2750244,819.75,810,810,20099774,HDFCBANK.NS
08-03-2023,851.0305176,872.0999756,873.6500244,861.5,866.6500244,16144568,ICICIBANK.NS
08-03-2023,752.5252075,766.5499878,769.9000244,760.7000122,764,3546995,BHARTIARTL.NS
08-03-2023,329.4188232,377.8479309,378.5701294,370.8186646,373.6111145,9261146,ITC.NS
08-03-2023,928.4880981,957.5,965,947,960,4734482,SUNPHARMA.NS
08-03-2023,586.913147,599.6849976,612.9000244,598.5,612.9000244,13427950,BAJFINANCE.NS
06-03-2023,3042.821533,3371.850098,3404.949951,3359,3361.899902,1334132,TCS.NS
06-03-2023,1353.240234,1507.449951,1520.400024,1493.150024,1494.550049,6561742,INFY.NS
06-03-2023,1094.502808,1111.614624,1118.952515,1107.599609,1107.599609,10171916,RELIANCE.NS
06-03-2023,770.2645874,813.6500244,819.7249756,809.0250244,810,27004710,HDFCBANK.NS
06-03-2023,846.7857056,867.75,876.8499756,865.3499756,871.75,13904231,ICICIBANK.NS
06-03-2023,752.5742798,766.5999756,775.9000244,765.0999756,766.7000122,4597345,BHARTIARTL.NS
06-03-2023,325.8509521,373.7555542,377.9442444,370.9631042,371.5889893,11126980,ITC.NS
06-03-2023,936.0032959,965.25,979.5,963.7999878,970,1989152,SUNPHARMA.NS
06-03-2023,600.4191895,613.4849854,618.2999878,612.0050049,614,6084770,BAJFINANCE.NS
03-03-2023,3016.019287,3342.149902,3358,3331.100098,3354,1043190,TCS.NS
03-03-2023,1327.970215,1479.300049,1489.800049,1473,1486.75,4615015,INFY.NS
03-03-2023,1083.915405,1100.861694,1104.576782,1080.625,1084.132324,14643807,RELIANCE.NS
03-03-2023,764.8685303,807.9500122,810,794,798,14986234,HDFCBANK.NS
03-03-2023,847.5663452,868.5499878,873,849.8499756,856.75,12823098,ICICIBANK.NS
03-03-2023,750.4146118,764.4000244,765.9000244,743.5499878,745,5759333,BHARTIARTL.NS
03-03-2023,323.1645508,370.6742249,371.1075439,362.1524353,363.019043,8495772,ITC.NS
03-03-2023,937.6032715,966.9000244,969.75,958.1500244,967.0499878,2215832,SUNPHARMA.NS
03-03-2023,597.0133057,610.0050049,614.0999756,607.2999878,612.1799927,7120370,BAJFINANCE.NS
02-03-2023,2997.339355,3321.449951,3369.899902,3318,3361,1556538,TCS.NS
02-03-2023,1321.551514,1472.150024,1488.599976,1467.300049,1485,4644499,INFY.NS
02-03-2023,1056.947144,1073.47168,1085.286133,1071.417969,1078.525146,9333535,RELIANCE.NS
02-03-2023,749.9819336,792.2249756,802.9749756,791,797,17391814,HDFCBANK.NS
02-03-2023,833.3678589,854,861.8499756,851.0999756,853,12327141,ICICIBANK.NS
02-03-2023,726.5591431,740.0999756,751.7999878,735.7999878,751,4910541,BHARTIARTL.NS
02-03-2023,315.2732849,361.6228333,365.6670532,360.8043518,365.4263306,5212922,ITC.NS
02-03-2023,936.0517578,965.2999878,967,951.0999756,960,1510195,SUNPHARMA.NS
02-03-2023,595.3446655,608.2999878,620.960022,607.0050049,616.5200195,5822980,BAJFINANCE.NS
01-03-2023,3055.319824,3385.699951,3389,3315,3323,1669307,TCS.NS
01-03-2023,1343.006714,1496.050049,1500.849976,1481.5,1492.400024,5125043,INFY.NS
01-03-2023,1065.057861,1081.709473,1082.447876,1072.179443,1081.755615,11551145,RELIANCE.NS
01-03-2023,756.4194336,799.0250244,806.5,797.875,806,14137256,HDFCBANK.NS
01-03-2023,835.6123047,856.2999878,864,851.8499756,864,11015843,ICICIBANK.NS
01-03-2023,736.4743652,750.2000122,753.4500122,741,742.4000244,3744982,BHARTIARTL.NS
01-03-2023,317.9176636,364.6560059,366.2929688,359.7451477,360.3710327,8065784,ITC.NS
01-03-2023,930.2333984,959.2999878,966.0499878,951,951,1862513,SUNPHARMA.NS
01-03-2023,602.3765869,615.4849854,620.3950195,610.0100098,610.0100098,5448040,BAJFINANCE.NS
28-02-2023,2989.578857,3312.850098,3392,3299.899902,3328.5,4116217,TCS.NS
28-02-2023,1335.376099,1487.550049,1524,1481.300049,1515.599976,9679811,INFY.NS
28-02-2023,1055.356689,1071.856445,1092.370117,1067.749146,1087.339722,21994038,RELIANCE.NS
28-02-2023,757.1530762,799.7999878,802.6500244,794.3499756,796,18993992,HDFCBANK.NS
28-02-2023,834.1973267,854.8499756,858,850,854.9000244,19600146,ICICIBANK.NS
28-02-2023,728.6697998,742.25,757.0999756,739.6500244,755,10562614,BHARTIARTL.NS
28-02-2023,316.238678,362.7301636,370.0001831,361.0932312,368.315094,16997837,ITC.NS
28-02-2023,927.6152954,956.5999756,976,954,969,3819644,SUNPHARMA.NS
28-02-2023,598.192688,611.210022,624.6599731,609,622,9778520,BAJFINANCE.NS
27-02-2023,3006.724854,3331.850098,3390,3316,3390,1128022,TCS.NS
27-02-2023,1354.901123,1509.300049,1540,1502,1540,4920268,INFY.NS
27-02-2023,1075.940796,1092.762329,1102.82312,1085.309204,1099.292603,11199715,RELIANCE.NS
27-02-2023,753.9816284,796.4500122,799.5,788.6500244,792.9500122,14312972,HDFCBANK.NS
27-02-2023,835.7098999,856.4000244,858.2999878,833.5499878,833.5499878,14422574,ICICIBANK.NS
27-02-2023,739.124939,752.9000244,754.4000244,738.4500122,753,6719439,BHARTIARTL.NS
27-02-2023,320.855957,368.0262146,372.4556274,364.0782471,370.8186646,8455904,ITC.NS
27-02-2023,935.8093262,965.0499878,972.5499878,960.0499878,970.5,1548675,SUNPHARMA.NS
27-02-2023,606.2571411,619.4500122,624.0999756,613.5,621.5,5950040,BAJFINANCE.NS
24-02-2023,3068.630371,3400.449951,3433.949951,3382.300049,3422.5,977592,TCS.NS
24-02-2023,1392.02124,1550.650024,1569,1545,1560,2790986,INFY.NS
24-02-2023,1083.143066,1100.077148,1105.822876,1092.831665,1094.677612,9434053,RELIANCE.NS
24-02-2023,752.1119385,794.4749756,808.9500122,792.5999756,808.9500122,17061740,HDFCBANK.NS
24-02-2023,819.4133301,839.7000122,845.5999756,835.5499878,843.9500122,8246139,ICICIBANK.NS
24-02-2023,743.2481079,757.0999756,775.7999878,755,775.7000122,4357223,BHARTIARTL.NS
24-02-2023,323.2904663,370.8186646,374.5740356,366.870697,374.5740356,13407431,ITC.NS
24-02-2023,941.0941772,970.5,983.3499756,963.7000122,970.5999756,1823835,SUNPHARMA.NS
24-02-2023,610.3432617,623.625,628.5999756,620,625.375,6077610,BAJFINANCE.NS
23-02-2023,3080.677979,3413.800049,3452.399902,3408,3421,1441570,TCS.NS
23-02-2023,1392.065918,1550.699951,1569.849976,1548.150024,1569.849976,4766854,INFY.NS
23-02-2023,1075.78186,1092.60083,1105.176758,1089.762695,1097.446655,9851910,RELIANCE.NS
23-02-2023,758.8807373,801.625,809.4249878,796.0499878,806.5,27882010,HDFCBANK.NS
23-02-2023,819.4621582,839.75,844.4500122,833.5499878,836.5499878,11743574,ICICIBANK.NS
23-02-2023,748.9910889,762.9500122,777.5,761.8499756,774,4062194,BHARTIARTL.NS
23-02-2023,325.3892212,373.2259521,379.3886108,368.8928223,370.1927795,19555814,ITC.NS
23-02-2023,943.0336304,972.5,977.25,964.0499878,973,2835983,SUNPHARMA.NS
23-02-2023,607.0254517,620.2349854,626.2449951,612.2650146,621.4000244,8097680,BAJFINANCE.NS
22-02-2023,3069.623291,3401.550049,3447,3395,3414.949951,1218430,TCS.NS
22-02-2023,1402.030518,1561.800049,1575,1555.300049,1563,3656244,INFY.NS
22-02-2023,1080.961792,1097.861938,1121.44458,1096.085205,1119.575562,11024335,RELIANCE.NS
22-02-2023,764.0637207,807.0999756,820.9749756,804.5250244,819.5,10359102,HDFCBANK.NS
22-02-2023,818.9741821,839.25,854.0999756,834.75,851.25,13880984,ICICIBANK.NS
22-02-2023,758.0227661,772.1500244,781.6500244,766.5,777,3261898,BHARTIARTL.NS
22-02-2023,322.2411194,369.6150208,370.6260681,365.9078064,367.8336182,9306194,ITC.NS
22-02-2023,939.2033081,968.5499878,978,966,971.5499878,2605147,SUNPHARMA.NS
22-02-2023,606.663269,619.8649902,636,618.5,633.0999756,9347000,BAJFINANCE.NS
21-02-2023,3114.248291,3451,3508.899902,3444.75,3494,1139541,TCS.NS
21-02-2023,1417.9198,1579.5,1601.650024,1576,1598.699951,2723288,INFY.NS
21-02-2023,1106.044556,1123.336792,1129.197754,1113.299072,1118.675659,13311592,RELIANCE.NS
21-02-2023,779.3526611,823.25,831.1749878,817,820,12389296,HDFCBANK.NS
21-02-2023,833.5631104,854.2000122,859.4500122,846.8499756,854.4000244,11704445,ICICIBANK.NS
21-02-2023,764.7964478,779.0499878,788,778.1500244,783.0499878,2769616,BHARTIARTL.NS
21-02-2023,320.8979492,368.0743408,371.5889893,367.5447388,370.7223816,8577674,ITC.NS
21-02-2023,942.1608887,971.5999756,990.7999878,969.1500244,990,1771813,SUNPHARMA.NS
21-02-2023,624.3386841,637.9249878,640.8250122,635.2000122,639.5,4485090,BAJFINANCE.NS
20-02-2023,3147.005371,3487.300049,3522,3475.050049,3502,1296082,TCS.NS
20-02-2023,1429.544922,1592.449951,1603,1582.5,1584.949951,2417716,INFY.NS
20-02-2023,1097.093018,1114.245239,1130.559204,1112.260742,1128.367065,8836937,RELIANCE.NS
20-02-2023,776.4415894,820.1749878,834.7249756,817.4000244,830,8086706,HDFCBANK.NS
20-02-2023,831.5137329,852.0999756,866.5499878,850.25,862.6500244,9013430,ICICIBANK.NS
20-02-2023,764.8947144,779.1500244,793.7999878,777.0999756,781.25,3381774,BHARTIARTL.NS
20-02-2023,322.4089966,369.8075867,373.1296692,367.1595764,370.4335022,8105569,ITC.NS
20-02-2023,954.5730591,984.4000244,991.6500244,974.9500122,990.1500244,2157871,SUNPHARMA.NS
20-02-2023,623.1790161,636.7399902,644.3549805,634.2999878,642.5,4657320,BAJFINANCE.NS
17-02-2023,3159.504395,3501.149902,3538.899902,3490,3526.149902,1061369,TCS.NS
17-02-2023,1421.779907,1583.800049,1595,1575.5,1594,2857734,INFY.NS
17-02-2023,1108.816406,1126.151855,1129.520874,1112.491455,1116.82959,11809520,RELIANCE.NS
17-02-2023,783.802124,827.9500122,834.0750122,821.4749756,830.5,8956270,HDFCBANK.NS
17-02-2023,841.8088989,862.6500244,867.5499878,855.1500244,867.5499878,9990618,ICICIBANK.NS
17-02-2023,762.5876465,776.7999878,787.4500122,770.2999878,785.9500122,3093216,BHARTIARTL.NS
17-02-2023,321.8633118,369.1817017,370.2890625,365.1856079,366.9188538,7967611,ITC.NS
17-02-2023,954.6700439,984.5,996.5,982,992.2000122,1847026,SUNPHARMA.NS
17-02-2023,628.0040283,641.6699829,647.5800171,636.75,641,6160440,BAJFINANCE.NS
16-02-2023,3210.851318,3558.050049,3575,3527,3527.199951,1618931,TCS.NS
16-02-2023,1437.938477,1601.800049,1614.449951,1597.849976,1600,4290289,INFY.NS
16-02-2023,1104.204224,1121.467651,1137.043335,1119.160156,1130.420776,17264487,RELIANCE.NS
16-02-2023,787.7545166,832.125,840.9500122,830.5,836.5999756,8062500,HDFCBANK.NS
16-02-2023,848.4446411,869.4500122,877.7999878,864.8499756,875.9500122,10715685,ICICIBANK.NS
16-02-2023,770.0977173,784.4500122,790.5,780.5999756,789.6500244,3399428,BHARTIARTL.NS
16-02-2023,321.1497498,368.3632202,370.9631042,366.870697,367.8336182,10151755,ITC.NS
16-02-2023,964.9973755,995.1500244,1010,991.2000122,998.9000244,1678410,SUNPHARMA.NS
16-02-2023,630.0200806,643.7299805,652.4749756,642,650.5,5290480,BAJFINANCE.NS
15-02-2023,3177.101318,3520.649902,3526,3460.149902,3487,1429449,TCS.NS
15-02-2023,1433.674561,1597.050049,1599,1576,1584,3465747,INFY.NS
15-02-2023,1105.067505,1122.344482,1124.767456,1095.13916,1096.52356,33503591,RELIANCE.NS
15-02-2023,790.6181641,835.1500244,839,828.375,839,11438712,HDFCBANK.NS
15-02-2023,849.7619629,870.7999878,873.25,860.5999756,866.4000244,12070288,ICICIBANK.NS
15-02-2023,771.0303955,785.4000244,787.1500244,772.2000122,775,3602838,BHARTIARTL.NS
15-02-2023,320.855957,368.0262146,368.6520996,364.5115662,367.5928955,12679568,ITC.NS
15-02-2023,965.2397461,995.4000244,1006.400024,990.5499878,1002,2251350,SUNPHARMA.NS
15-02-2023,635.1729736,648.9949951,649.5999756,639.7299805,645,6189790,BAJFINANCE.NS
14-02-2023,3158.556641,3500.100098,3524.850098,3495,3505,1579818,TCS.NS
14-02-2023,1430.263306,1593.25,1596,1578.150024,1584.699951,5043736,INFY.NS
14-02-2023,1080.598389,1097.492798,1099.24646,1072.364136,1075.271606,14321920,RELIANCE.NS
14-02-2023,792.227417,836.8499756,838.75,828.9749756,832.5,10908592,HDFCBANK.NS
14-02-2023,844.3948975,865.2999878,867.2999878,852.0999756,853.9000244,13402934,ICICIBANK.NS
14-02-2023,761.0169678,775.2000122,777.5999756,766.2000122,769,3502010,BHARTIARTL.NS
14-02-2023,319.1928711,372.1185913,373.2741089,359.8895569,361.0932312,30246745,ITC.NS
14-02-2023,976.2457886,1006.75,1018.049988,1003.25,1018,1832842,SUNPHARMA.NS
14-02-2023,632.114502,645.8699951,647.2349854,631,635.3800049,10340900,BAJFINANCE.NS
13-02-2023,3142.583496,3482.399902,3549,3473.399902,3549,1087939,TCS.NS
13-02-2023,1407.102417,1567.449951,1597,1566,1597,4001199,INFY.NS
13-02-2023,1055.720337,1072.225708,1084.524658,1067.703003,1080.001953,10352493,RELIANCE.NS
13-02-2023,784.9616699,829.1749878,830.875,822.2750244,827.5,5736944,HDFCBANK.NS
13-02-2023,830.0987549,850.6500244,859.2999878,849.3499756,853.4000244,9394365,ICICIBANK.NS
13-02-2023,754.5376587,768.5999756,779.5999756,766.7000122,771,3705892,BHARTIARTL.NS
13-02-2023,309.0747681,360.322876,361.2376404,356.2786255,359.1673889,10282470,ITC.NS
13-02-2023,984.4883423,1015.25,1017.349976,1002,1008.25,1355766,SUNPHARMA.NS
13-02-2023,621.0355225,634.5499878,647.3150024,629.7050171,643.4949951,7365570,BAJFINANCE.NS
10-02-2023,3192.351807,3537.550049,3542.350098,3508.149902,3520,1187821,TCS.NS
10-02-2023,1443.997925,1608.550049,1616.300049,1596.449951,1612.949951,4786762,INFY.NS
10-02-2023,1061.76355,1078.363647,1086.786011,1071.279541,1086.786011,10790445,RELIANCE.NS
10-02-2023,784.3700562,828.5499878,829.25,821.0999756,824.4000244,8172116,HDFCBANK.NS
10-02-2023,833.2214355,853.8499756,861.9000244,852,855.5499878,8656405,ICICIBANK.NS
10-02-2023,757.826416,771.9500122,773.2000122,761,768.9500122,2954992,BHARTIARTL.NS
10-02-2023,306.7207947,357.5785828,362.9708862,356.5675049,358.3970642,10674456,ITC.NS
10-02-2023,976.1004028,1006.599976,1014.349976,996.7000122,1006.799988,1530150,SUNPHARMA.NS
10-02-2023,629.8439331,643.5499878,652.7600098,642,645.3950195,12912820,BAJFINANCE.NS
09-02-2023,3195.330566,3540.850098,3547.600098,3505.300049,3515,1655427,TCS.NS
09-02-2023,1451.583618,1617,1619.75,1586.050049,1596.199951,6904911,INFY.NS
09-02-2023,1070.578979,1087.31665,1094.146851,1077.140625,1086.116821,13172763,RELIANCE.NS
09-02-2023,781.2697144,825.2750244,830.8250122,817.7750244,830,11777336,HDFCBANK.NS
09-02-2023,840.00354,860.7999878,864.9000244,851.5999756,858.5,6299265,ICICIBANK.NS
09-02-2023,752.6234131,766.6500244,775.0999756,761.2999878,770,5913945,BHARTIARTL.NS
09-02-2023,309.1160889,360.3710327,365.9078064,358.3489075,360.1303101,12318006,ITC.NS
09-02-2023,976.2942505,1006.799988,1021.200012,1001.400024,1003,1474402,SUNPHARMA.NS
09-02-2023,631.7523804,645.5,648.7800293,633.5250244,637.4899902,18381540,BAJFINANCE.NS
08-02-2023,3176.605225,3520.100098,3539.899902,3478.050049,3478.050049,1986946,TCS.NS
08-02-2023,1427.794434,1590.5,1603,1565.5,1565.5,7983338,INFY.NS
08-02-2023,1068.715942,1085.424561,1089.093506,1064.680176,1067.449097,21160332,RELIANCE.NS
08-02-2023,782.9026489,827,834.0999756,825,827.125,8444826,HDFCBANK.NS
08-02-2023,838.3446045,859.0999756,860.7000122,851.9000244,852.5,8082983,ICICIBANK.NS
08-02-2023,760.9187012,775.0999756,781,765,778,9951783,BHARTIARTL.NS
08-02-2023,310.1898499,361.6228333,363.3079224,357.7711487,360.852478,10821785,ITC.NS
08-02-2023,982.3064575,1013,1016.900024,997.4000244,1004.799988,1815142,SUNPHARMA.NS
08-02-2023,621.6374512,635.164978,637.7000122,616.2800293,616.5,19032080,BAJFINANCE.NS
07-02-2023,3133.695557,3472.550049,3493,3461.399902,3468.899902,1455647,TCS.NS
07-02-2023,1402.569214,1562.400024,1576.050049,1555.099976,1569,4336238,INFY.NS
07-02-2023,1047.790894,1064.172485,1074.094727,1058.219116,1066.987671,15135435,RELIANCE.NS
07-02-2023,782.9973145,827.0999756,832.4500122,816.2999878,829.7000122,10264588,HDFCBANK.NS
07-02-2023,832.1480713,852.75,856,847.2000122,855,9337066,ICICIBANK.NS
07-02-2023,771.5211792,785.9000244,795.8499756,783,793.9000244,4126502,BHARTIARTL.NS
07-02-2023,308.2901611,359.4081116,369.663147,354.7861328,369.663147,21438758,ITC.NS
07-02-2023,968.633667,1006.400024,1028.5,1002,1026.25,2360600,SUNPHARMA.NS
07-02-2023,602.9345093,616.0549927,618.2000122,610,612.2949829,14721930,BAJFINANCE.NS
06-02-2023,3122.324219,3459.949951,3473.149902,3436.850098,3473.149902,1138714,TCS.NS
06-02-2023,1409.256958,1569.849976,1598,1561.599976,1598,4570612,INFY.NS
06-02-2023,1050.312866,1066.733765,1071.141113,1064.126343,1068.37207,14837879,RELIANCE.NS
06-02-2023,781.8377075,825.875,834.7000122,823.0999756,830,11167672,HDFCBANK.NS
06-02-2023,833.0751343,853.7000122,867.7999878,849.6500244,861.5,8463833,ICICIBANK.NS
06-02-2023,774.8098755,789.25,794.6500244,778.7999878,789.7000122,2407975,BHARTIARTL.NS
06-02-2023,316.6736145,369.1817017,373.8037109,365.5226135,368.315094,26783409,ITC.NS
06-02-2023,984.9476318,1023.349976,1025.949951,1012.75,1020,1215157,SUNPHARMA.NS
06-02-2023,597.4194946,610.4199829,612.4000244,595.5599976,600,10738200,BAJFINANCE.NS
03-02-2023,3142.493164,3482.300049,3504,3452.899902,3504,1804469,TCS.NS
03-02-2023,1435.783936,1599.400024,1604.650024,1573,1597.5,7040194,INFY.NS
03-02-2023,1058.287476,1074.83313,1084.06311,1058.219116,1084.06311,24699575,RELIANCE.NS
03-02-2023,785.1747437,829.4000244,830.25,803.5,805.5,14411100,HDFCBANK.NS
03-02-2023,842.9310303,863.7999878,872.6500244,852.0999756,864.6500244,14914366,ICICIBANK.NS
03-02-2023,778.3931274,792.9000244,794.9500122,778.4000244,779.9000244,5493687,BHARTIARTL.NS
03-02-2023,314.4022522,366.5336914,368.0743408,358.2044678,367.7373352,23153980,ITC.NS
03-02-2023,989.5675659,1028.150024,1032.449951,1001.650024,1007,2332076,SUNPHARMA.NS
03-02-2023,588.6160889,601.4249878,603,574.7050171,577,14868920,BAJFINANCE.NS
02-02-2023,3122.730469,3460.399902,3469,3420.100098,3427,1813847,TCS.NS
02-02-2023,1421.735107,1583.75,1586.949951,1552,1552,6916834,INFY.NS
02-02-2023,1057.355957,1073.887085,1083.601563,1066.526123,1069.756592,13662663,RELIANCE.NS
02-02-2023,758.9280396,801.6749878,812.25,794.375,804.0499878,17497106,HDFCBANK.NS
02-02-2023,837.173645,857.9000244,860.5999756,826.0999756,828.4000244,16798190,ICICIBANK.NS
02-02-2023,763.5203247,777.75,781,765.0499878,765.0999756,2841909,BHARTIARTL.NS
02-02-2023,312.7090454,364.5597229,370.4335022,347.034668,348.190155,57892084,ITC.NS
02-02-2023,969.7885742,1007.599976,1015.700012,993,1009.950012,2117181,SUNPHARMA.NS
02-02-2023,559.5878296,571.7650146,581.9000244,564.5,581.9000244,20250440,BAJFINANCE.NS
01-02-2023,3075.759766,3408.350098,3419,3355,3363,2205161,TCS.NS
01-02-2023,1392.425049,1551.099976,1555.050049,1528.050049,1542.199951,6194199,INFY.NS
01-02-2023,1063.240479,1079.863525,1098.346558,1063.75708,1098.346558,19347800,RELIANCE.NS
01-02-2023,770.3828735,813.7750244,832.5,803,812,17302790,HDFCBANK.NS
01-02-2023,827.4640503,847.9500122,875.2000122,823.1500244,843.4500122,39237711,ICICIBANK.NS
01-02-2023,755.0285645,769.0999756,784.6500244,756.5999756,775.9500122,4472974,BHARTIARTL.NS
01-02-2023,298.5024719,347.9975586,352.138092,316.8954163,339.9090881,67003785,ITC.NS
01-02-2023,976.8147583,1014.900024,1043.949951,1005.099976,1036.449951,4717887,SUNPHARMA.NS
01-02-2023,569.3307495,581.7199707,598.039978,570.8900146,594.4000244,26348660,BAJFINANCE.NS
31-01-2023,3030.954834,3358.699951,3449,3351,3449,2820375,TCS.NS
31-01-2023,1376.849854,1533.75,1548.900024,1513,1548.900024,9448126,INFY.NS
31-01-2023,1069.579224,1086.301392,1101.900146,1080.371094,1099.292603,22691594,RELIANCE.NS
31-01-2023,758.9990234,801.75,811.3499756,797.5,809.8499756,18596244,HDFCBANK.NS
31-01-2023,811.8017578,831.9000244,838.2999878,814.0999756,826,27291226,ICICIBANK.NS
31-01-2023,756.206604,770.2999878,779,768.4000244,775,8537557,BHARTIARTL.NS
31-01-2023,291.0274963,339.2831726,341.8348999,328.4022522,333.1686707,17794183,ITC.NS
31-01-2023,995.6791992,1034.5,1060.300049,1026.050049,1055,5265462,SUNPHARMA.NS
31-01-2023,576.1033325,588.6400146,605,587.4000244,605,19967880,BAJFINANCE.NS
30-01-2023,3098.591064,3433.649902,3458.449951,3385.550049,3420,1953798,TCS.NS
30-01-2023,1381.383301,1538.800049,1544,1520,1528.800049,6964719,INFY.NS
30-01-2023,1072.260132,1089.024292,1094.63147,1061.911133,1076.079224,21772103,RELIANCE.NS
30-01-2023,764.0402222,807.0750122,812.6500244,791,797.5,18512822,HDFCBANK.NS
30-01-2023,803.6047363,823.5,826.25,796,800,36301441,ICICIBANK.NS
30-01-2023,756.1084595,770.2000122,774.9500122,763,771.5999756,5420851,BHARTIARTL.NS
30-01-2023,284.7915039,332.0131836,338.7054443,329.1725769,334.0353088,14634225,ITC.NS
30-01-2023,1012.233765,1051.699951,1072.150024,1040.199951,1041.949951,3320916,SUNPHARMA.NS
30-01-2023,589.3549805,602.1799927,606.6199951,577.0050049,577.0050049,24481600,BAJFINANCE.NS
27-01-2023,3078.196533,3411.050049,3446,3382.300049,3426,1785879,TCS.NS
27-01-2023,1363.743408,1519.150024,1550.949951,1507.400024,1546,6209955,INFY.NS
27-01-2023,1062.081665,1078.686646,1101.761597,1066.82605,1100.400269,25830975,RELIANCE.NS
27-01-2023,764.821167,807.9000244,818.5,794.9749756,816,35179948,HDFCBANK.NS
27-01-2023,797.4569092,817.2000122,843,813.0999756,839.1500244,39718683,ICICIBANK.NS
27-01-2023,760.3297119,774.5,778.9000244,765.7999878,774.9500122,6745926,BHARTIARTL.NS
27-01-2023,285.7826233,333.1686707,335.9129944,328.8355408,329.1244202,21850457,ITC.NS
27-01-2023,1004.245239,1043.400024,1051,1034,1044.949951,3448013,SUNPHARMA.NS
27-01-2023,563.8010864,576.0700073,586.1550293,568,581.5,16213520,BAJFINANCE.NS
25-01-2023,3095.070801,3429.75,3435,3405,3425.300049,874110,TCS.NS
25-01-2023,1385.153564,1543,1556,1538.75,1547,4158617,INFY.NS
25-01-2023,1082.620361,1099.546387,1114.383667,1098.369629,1113.345337,12385018,RELIANCE.NS
25-01-2023,780.3703613,824.3250122,846.4749756,822.6500244,845.7000122,14704142,HDFCBANK.NS
25-01-2023,834.6364136,855.2999878,876.7999878,848,873.2999878,14918485,ICICIBANK.NS
25-01-2023,762.2931519,776.5,780.5,768,774.9500122,6560514,BHARTIARTL.NS
25-01-2023,280.207428,326.6690063,328.3540955,322.8173218,326.3319702,12978859,ITC.NS
25-01-2023,1001.020935,1040.050049,1045.650024,1030.300049,1030.300049,1753333,SUNPHARMA.NS
25-01-2023,567.2460938,579.5900269,585.5050049,577.7000122,585.0050049,8278370,BAJFINANCE.NS
24-01-2023,3100.981934,3436.300049,3451.949951,3417.300049,3425,1387863,TCS.NS
24-01-2023,1393.143311,1551.900024,1568.800049,1549.75,1560,5200802,INFY.NS
24-01-2023,1097.797241,1114.960571,1127.744019,1101.761597,1126.05957,16488755,RELIANCE.NS
24-01-2023,802.5462036,847.75,851.2000122,837.5,837.5250244,24983940,HDFCBANK.NS
24-01-2023,849.7131958,870.75,881.7000122,868,879,11504090,ICICIBANK.NS
24-01-2023,761.4587402,775.6500244,777.5499878,761,773,5012125,BHARTIARTL.NS
24-01-2023,279.9596252,326.380127,328.1133728,325.0802002,325.2727661,12776694,ITC.NS
24-01-2023,1001.646484,1040.699951,1050.949951,1034.550049,1050,2088556,SUNPHARMA.NS
24-01-2023,573.0351563,585.5050049,592.0999756,584.2650146,589.2349854,6081450,BAJFINANCE.NS
23-01-2023,3081.67041,3414.899902,3419,3355.600098,3388,1067916,TCS.NS
23-01-2023,1389.642212,1548,1553.300049,1528.099976,1535,4855020,INFY.NS
23-01-2023,1104.317749,1121.583008,1138.150879,1119.137085,1130.213135,10954118,RELIANCE.NS
23-01-2023,791.9434204,836.5499878,841.2999878,830.7000122,833.125,15444400,HDFCBANK.NS
23-01-2023,850.6402588,871.7000122,883.2999878,864.5999756,882,16882379,ICICIBANK.NS
23-01-2023,758.5627441,772.7000122,776,763.8499756,767.9000244,2685320,BHARTIARTL.NS
23-01-2023,278.9684753,325.2246094,325.6098022,320.6989136,323.5395203,7399204,ITC.NS
23-01-2023,1009.923828,1049.300049,1054.900024,1022.5,1035,2106604,SUNPHARMA.NS
23-01-2023,573.8131714,586.2999878,593.5,584.0999756,588.0999756,8560640,BAJFINANCE.NS
20-01-2023,3034.925537,3363.100098,3394.649902,3355.600098,3365,1529349,TCS.NS
20-01-2023,1369.488647,1525.550049,1545,1524,1538,6496429,INFY.NS
20-01-2023,1109.929565,1127.282593,1142.212036,1124.790527,1142.212036,14930286,RELIANCE.NS
20-01-2023,786.1923828,830.4749756,834.5,821.7000122,822.0499878,18843404,HDFCBANK.NS
20-01-2023,849.3228149,870.3499756,876.5,865.5499878,873.5,8127162,ICICIBANK.NS
20-01-2023,750.463623,764.4500122,775.8499756,758.2999878,775.8499756,6289718,BHARTIARTL.NS
20-01-2023,276.3667297,322.1914368,322.7691956,317.039856,319.6878662,13608325,ITC.NS
20-01-2023,991.6849365,1030.349976,1047.5,1016.849976,1044.050049,2963571,SUNPHARMA.NS
20-01-2023,573.5587158,586.039978,601.9749756,583.7199707,601.25,8330900,BAJFINANCE.NS
19-01-2023,3043.949707,3373.100098,3387,3361,3380,1585044,TCS.NS
19-01-2023,1381.473022,1538.900024,1549.550049,1526.150024,1539.900024,6165284,INFY.NS
19-01-2023,1123.288818,1140.850708,1145.050293,1133.74353,1141.24292,11940054,RELIANCE.NS
19-01-2023,778.2166138,822.0499878,825,816.5,818.5,11172162,HDFCBANK.NS
19-01-2023,845.2243652,866.1500244,870.5499878,862,868,6694679,ICICIBANK.NS
19-01-2023,757.8754883,772,776.5,765.6500244,776,4169463,BHARTIARTL.NS
19-01-2023,274.3431396,319.8323059,323.2025146,319.3508301,321.613678,8667564,ITC.NS
19-01-2023,1001.502258,1040.550049,1044,1036,1038.099976,824263,SUNPHARMA.NS
19-01-2023,588.4399414,601.2449951,602.9650269,596.0650024,598.2999878,5481420,BAJFINANCE.NS
18-01-2023,3059.200195,3390,3408.949951,3372.25,3380,2421189,TCS.NS
18-01-2023,1387.308228,1545.400024,1551.849976,1539.599976,1544.75,5843098,INFY.NS
18-01-2023,1124.49292,1142.073608,1149.642212,1135.451172,1141.519897,13448286,RELIANCE.NS
18-01-2023,774.9979248,818.6500244,820.7999878,799.8499756,802.5,19090642,HDFCBANK.NS
18-01-2023,848.4934082,869.5,872,858.6500244,864.4500122,11313898,ICICIBANK.NS
18-01-2023,762.3422241,776.5499878,780,766,768.2000122,5800899,BHARTIARTL.NS
18-01-2023,276.4080505,322.2395935,324.0691223,320.0730286,321.613678,13039078,ITC.NS
18-01-2023,1001.069031,1040.099976,1041.5,1030.150024,1032.699951,1238451,SUNPHARMA.NS
18-01-2023,587.0892944,599.8649902,604.9000244,598.5,600.3950195,7962810,BAJFINANCE.NS
17-01-2023,3048.732178,3378.399902,3381.800049,3321,3330,1688475,TCS.NS
17-01-2023,1382.011719,1539.5,1542.199951,1524,1527,5922644,INFY.NS
17-01-2023,1126.355957,1143.96582,1145.904053,1130.951538,1134.366577,10751000,RELIANCE.NS
17-01-2023,761.5551147,804.4500122,805.5,788.75,794.9000244,10786354,HDFCBANK.NS
17-01-2023,844.2485352,865.1500244,867.9500122,858.0999756,866.9500122,12624859,ICICIBANK.NS
17-01-2023,751.6907959,765.7000122,768.9000244,758.75,759.1500244,6594428,BHARTIARTL.NS
17-01-2023,274.4257202,319.9285889,321.1322327,316.8954163,317.9546204,14240647,ITC.NS
17-01-2023,993.9466553,1032.699951,1036,1026.800049,1035.449951,1245848,SUNPHARMA.NS
17-01-2023,585.7484741,598.4949951,601.9949951,594,601.9949951,8170050,BAJFINANCE.NS
16-01-2023,3008.709961,3334.050049,3353,3298.050049,3317,1843607,TCS.NS
16-01-2023,1369.44397,1525.5,1528,1502.300049,1510,6073063,INFY.NS
16-01-2023,1110.588501,1127.951782,1144.358032,1120.060059,1141.150635,13623855,RELIANCE.NS
16-01-2023,750.3843994,792.6500244,810.6500244,790.1500244,807.5,14748094,HDFCBANK.NS
16-01-2023,844.3461304,865.25,877.4500122,861.0499878,877.25,8319812,ICICIBANK.NS
16-01-2023,745.2606201,759.1500244,768.0999756,754.6500244,766.4000244,5779293,BHARTIARTL.NS
16-01-2023,272.7325439,317.9546204,319.8804321,315.4028931,318.0990601,8571826,ITC.NS
16-01-2023,996.5935669,1035.449951,1039.5,1026.099976,1031.599976,1437532,SUNPHARMA.NS
16-01-2023,588.288208,601.0900269,607.2199707,597.4550171,600,9083390,BAJFINANCE.NS
13-01-2023,2977.57666,3374.550049,3379,3305,3342.899902,1742837,TCS.NS
13-01-2023,1349.829224,1503.650024,1519.400024,1468,1483.5,11610426,INFY.NS
13-01-2023,1121.266724,1138.796997,1141.24292,1123.567505,1134.551147,20618583,RELIANCE.NS
13-01-2023,757.6500854,800.3250122,804.9500122,793,799.375,9244546,HDFCBANK.NS
13-01-2023,852.3479614,873.4500122,874.9000244,858.2999878,864.7000122,11223103,ICICIBANK.NS
13-01-2023,750.3163452,764.2999878,765.9500122,752,757,12279288,BHARTIARTL.NS
13-01-2023,271.5348206,316.5583801,319.9285889,314.2955322,317.6175842,14967746,ITC.NS
13-01-2023,992.8880615,1031.599976,1035,1020.150024,1031.150024,1491367,SUNPHARMA.NS
13-01-2023,585.0487671,597.7800293,598.5,587.2000122,592,11084900,BAJFINANCE.NS
12-01-2023,2942.105713,3334.350098,3350,3315.550049,3329,2250391,TCS.NS
12-01-2023,1329.137207,1480.599976,1485,1455,1481.949951,6591385,INFY.NS
12-01-2023,1123.084351,1140.642944,1168.748291,1137.597046,1165.217896,17688773,RELIANCE.NS
12-01-2023,757.0584717,799.7000122,801.9500122,792.0750122,793.9000244,9250070,HDFCBANK.NS
12-01-2023,839.8572388,860.6500244,869.3499756,854.9500122,865.5,16659001,ICICIBANK.NS
12-01-2023,743.0518188,756.9000244,769.2999878,753.5499878,765,12732671,BHARTIARTL.NS
12-01-2023,272.4433899,317.6175842,321.2285156,315.9324951,321.0359497,6894087,ITC.NS
12-01-2023,994.0910645,1032.849976,1035.449951,1021.150024,1031.949951,1641398,SUNPHARMA.NS
12-01-2023,577.277832,589.8400269,596.4899902,585.7000122,590.6550293,14769490,BAJFINANCE.NS
11-01-2023,2937.120361,3328.699951,3349.5,3271.149902,3290.100098,2720512,TCS.NS
11-01-2023,1320.743408,1471.25,1494,1464,1470,6173092,INFY.NS
11-01-2023,1147.871704,1165.817871,1180.516602,1163.487183,1177.978394,11509553,RELIANCE.NS
11-01-2023,753.0350342,795.4500122,799,780,783.9749756,15195798,HDFCBANK.NS
11-01-2023,845.3706665,866.2999878,870.8499756,854.8499756,862.9000244,15558460,ICICIBANK.NS
11-01-2023,751.5435181,765.5499878,779.6500244,751.6500244,775,28389020,BHARTIARTL.NS
11-01-2023,274.0540161,319.4952698,322.6729126,319.0138245,322.6729126,4760847,ITC.NS
11-01-2023,989.4231567,1028,1033.050049,1008.349976,1012,3258157,SUNPHARMA.NS
11-01-2023,577.0183716,589.5750122,594.9000244,586.5549927,593,11088910,BAJFINANCE.NS
10-01-2023,2899.796875,3286.399902,3298,3230.100098,3285,3864655,TCS.NS
10-01-2023,1319.396851,1469.75,1483.900024,1454.050049,1482,7158624,INFY.NS
10-01-2023,1162.525879,1180.701172,1202.668579,1174.978638,1202.668579,8047142,RELIANCE.NS
10-01-2023,742.3375854,784.1500244,800,782.5,800,16371766,HDFCBANK.NS
10-01-2023,840.5402832,861.3499756,878.4000244,856.5999756,875.4000244,13470142,ICICIBANK.NS
10-01-2023,778.3439941,792.8499756,826.0999756,790.2999878,826.0999756,8392344,BHARTIARTL.NS
10-01-2023,275.3755798,321.0359497,325.8505249,320.2174683,325.3690491,7217255,ITC.NS
10-01-2023,973.8792114,1011.849976,1024,1010.049988,1016,1607654,SUNPHARMA.NS
10-01-2023,577.8405151,590.414978,601.5,587.5,599.9000244,11203750,BAJFINANCE.NS
09-01-2023,2929.399658,3319.949951,3327,3221.149902,3229,2885060,TCS.NS
09-01-2023,1332.593262,1484.449951,1489.349976,1448.199951,1448.199951,11498717,INFY.NS
09-01-2023,1179.974731,1198.422729,1200.822632,1173.755615,1174.655518,10722753,RELIANCE.NS
09-01-2023,756.1590576,798.75,805.7750244,795,798,10729340,HDFCBANK.NS
09-01-2023,852.2503662,873.3499756,878.75,862.2999878,874.25,16811853,ICICIBANK.NS
09-01-2023,804.4083252,819.4000244,821.5,801.0499878,802.7000122,4340729,BHARTIARTL.NS
09-01-2023,279.2162781,325.5134888,328.6429749,323.68396,324.4542847,11027747,ITC.NS
09-01-2023,978.6915894,1016.849976,1023.349976,1010.5,1015,1567316,SUNPHARMA.NS
09-01-2023,586.5706787,599.335022,607.7999878,595.5,602,14005480,BAJFINANCE.NS
06-01-2023,2833.750977,3211.550049,3301.550049,3200,3300,2488376,TCS.NS
06-01-2023,1300.321045,1448.5,1475,1446.5,1470,6443714,INFY.NS
06-01-2023,1152.756348,1170.778931,1175.87854,1162.195068,1166.048584,6349597,RELIANCE.NS
06-01-2023,754.6917114,797.2000122,804.5499878,789.0999756,801,9092462,HDFCBANK.NS
06-01-2023,849.0788574,870.0999756,878.9500122,860.5,878.9500122,14804613,ICICIBANK.NS
06-01-2023,781.4364014,796,812.25,792,807.5499878,3199618,BHARTIARTL.NS
06-01-2023,276.7384033,322.6247559,325.0320435,320.7470703,322.2877197,8603181,ITC.NS
06-01-2023,970.8473511,1008.700012,1021.799988,1004.099976,1015,1773153,SUNPHARMA.NS
06-01-2023,585.3031616,598.039978,613.9949951,594.1599731,613,29319220,BAJFINANCE.NS
05-01-2023,2921.59082,3311.100098,3337.300049,3281.949951,3330.199951,1826057,TCS.NS
05-01-2023,1324.289551,1475.199951,1505.900024,1469.25,1505.900024,9868404,INFY.NS
05-01-2023,1142.373535,1160.233643,1170.548218,1155.595581,1164.594849,13637099,RELIANCE.NS
05-01-2023,757.2003784,799.8499756,809.0250244,794.7000122,807.5,10941436,HDFCBANK.NS
05-01-2023,857.9102783,879.1500244,903,872,900.9000244,16547196,ICICIBANK.NS
05-01-2023,792.333252,807.0999756,825,803.75,825,5297349,BHARTIARTL.NS
05-01-2023,275.4168701,321.0840759,321.517395,316.0287781,316.4620972,8486143,ITC.NS
05-01-2023,978.065979,1016.200012,1021.900024,1008.25,1009.099976,2246533,SUNPHARMA.NS
05-01-2023,597.0133057,610.0050049,649,602.5050049,649,51023000,BAJFINANCE.NS
04-01-2023,2924.7229,3314.649902,3327.350098,3286.199951,3306.699951,1231668,TCS.NS
04-01-2023,1341.884521,1494.800049,1521,1491.099976,1521,7059590,INFY.NS
04-01-2023,1144.418213,1162.310425,1181.924194,1160.210571,1180.055054,9264891,RELIANCE.NS
04-01-2023,762.0994873,805.0250244,822.875,803.5,817.5,10351600,HDFCBANK.NS
04-01-2023,877.3782959,899.0999756,907.9000244,894.7999878,899,12454582,ICICIBANK.NS
04-01-2023,796.9473267,811.7999878,820.4500122,806.2000122,818.9500122,2970216,BHARTIARTL.NS
04-01-2023,270.089447,314.873291,320.1693115,313.9103699,319.5434265,6947412,ITC.NS
04-01-2023,966.4199829,1004.099976,1025.900024,1000.75,1012,2573870,SUNPHARMA.NS
04-01-2023,643.1052856,657.0999756,663.7999878,655,659.5,6712530,BAJFINANCE.NS
03-01-2023,2921.811523,3311.350098,3320,3245.300049,3252,1245178,TCS.NS
03-01-2023,1366.795654,1522.550049,1532.650024,1515.099976,1519.849976,4551130,INFY.NS
03-01-2023,1161.912476,1180.078125,1187.439087,1175.809326,1183.770142,7658932,RELIANCE.NS
03-01-2023,775.9682007,819.6749878,821.5,811.0999756,811.0999756,8378030,HDFCBANK.NS
03-01-2023,879.5739136,901.3499756,905.9500122,896.75,898.5,5846855,ICICIBANK.NS
03-01-2023,802.6411743,817.5999756,818.7999878,808.5,810.3499756,1717603,BHARTIARTL.NS
03-01-2023,273.4758606,318.821228,320.987793,318.0027466,319.2063904,6228015,ITC.NS
03-01-2023,971.2323608,1009.099976,1012.799988,988,993,1810117,SUNPHARMA.NS
03-01-2023,646.5552979,660.625,666,653,656.5,7420810,BAJFINANCE.NS
02-01-2023,2877.78125,3261.449951,3266.850098,3235.199951,3261,709547,TCS.NS
02-01-2023,1368.097412,1524,1526.5,1504.050049,1514,3801140,INFY.NS
02-01-2023,1170.477905,1188.777466,1190.20813,1175.993896,1176.824585,5316175,RELIANCE.NS
02-01-2023,770.9271851,814.3499756,819.875,809.2750244,813.5,4381378,HDFCBANK.NS
02-01-2023,880.6473999,902.4500122,907,894,894,4315403,ICICIBANK.NS
02-01-2023,798.6162109,813.5,816.2000122,805.5999756,806.25,1626846,BHARTIARTL.NS
02-01-2023,274.9213257,320.5063477,321.613678,317.4250183,318.6286621,6181118,ITC.NS
02-01-2023,959.5864258,997,1001.400024,987.2000122,1001.400024,1616012,SUNPHARMA.NS
02-01-2023,641.4171143,655.375,661,648.4749756,656.5,5793400,BAJFINANCE.NS
